[WebServer] 
[WebServer] > quimicloude@0.1.0 dev C:\Users\Cristian\Documents\trabajo\arc\labs\.worktrees\QC-141-reserva-de-material-del-pedido
[WebServer] > next dev "--port" "3117"
[WebServer] 
[WebServer] ▲ Next.js 16.3.0 (Turbopack)
[WebServer] - Local:         http://localhost:3117
[WebServer] - Network:       http://172.29.16.1:3117
[WebServer] - Environments: .env
[WebServer] ✓ Ready in 789ms
[WebServer] ✓ Running next.config.ts took 68ms
[WebServer] ⚠ The "middleware" file convention is deprecated. Please use "proxy" instead.
[WebServer] 
[WebServer]   To migrate automatically, run:
[WebServer]   npx @next/codemod@canary middleware-to-proxy .
[WebServer] 
[WebServer]   Learn more: https://nextjs.org/docs/messages/middleware-to-proxy
[WebServer] 
[WebServer]  GET / 200 in 1901ms (next.js: 1422ms, proxy.ts: 207ms, application-code: 273ms)

Running 40 tests using 6 workers

[WebServer]  GET /login 200 in 1444ms (next.js: 510ms, proxy.ts: 17ms, application-code: 917ms)
[WebServer]  GET /login 200 in 869ms (next.js: 241ms, proxy.ts: 30ms, application-code: 599ms)
[WebServer]  GET /login 200 in 868ms (next.js: 245ms, proxy.ts: 30ms, application-code: 593ms)
[WebServer]  GET /login 200 in 867ms (next.js: 249ms, proxy.ts: 31ms, application-code: 587ms)
[WebServer]  GET /login 200 in 866ms (next.js: 253ms, proxy.ts: 31ms, application-code: 582ms)
[WebServer]  GET /login 200 in 865ms (next.js: 257ms, proxy.ts: 31ms, application-code: 577ms)
[WebServer]  GET /dashboard 200 in 4.9s (next.js: 837ms, proxy.ts: 841ms, application-code: 3.2s)
[WebServer]  GET /dashboard 200 in 4.9s (next.js: 1102ms, proxy.ts: 838ms, application-code: 2.9s)
[WebServer]  GET /dashboard 200 in 4.1s (next.js: 1076ms, proxy.ts: 214ms, application-code: 2.8s)
[WebServer]  POST /login 200 in 9.1s (next.js: 571ms, proxy.ts: 170ms, application-code: 8.4s)
[WebServer]   └─ ƒ loginAction({"status":"idle"}, {}) in 1861ms lib/modules/identity/adapters/driving/login-action.ts
[WebServer]  POST /login 200 in 7.9s (next.js: 149ms, proxy.ts: 65ms, application-code: 7.7s)
[WebServer]   └─ ƒ loginAction({"status":"idle"}, {}) in 1880ms lib/modules/identity/adapters/driving/login-action.ts
[WebServer]  POST /login 200 in 9.2s (next.js: 429ms, proxy.ts: 172ms, application-code: 8.6s)
[WebServer]   └─ ƒ loginAction({"status":"idle"}, {}) in 1931ms lib/modules/identity/adapters/driving/login-action.ts
[WebServer]  GET /asignacion 200 in 5.8s (next.js: 569ms, proxy.ts: 131ms, application-code: 5.1s)
[WebServer]  GET /asignacion 200 in 5.1s (next.js: 315ms, proxy.ts: 211ms, application-code: 4.6s)
[WebServer]  GET /asignacion 200 in 5.0s (next.js: 1676ms, proxy.ts: 194ms, application-code: 3.2s)
[WebServer]  POST /login 200 in 15.5s (next.js: 871ms, proxy.ts: 1622ms, application-code: 13.1s)
[WebServer]   └─ ƒ loginAction({"status":"idle"}, {}) in 1594ms lib/modules/identity/adapters/driving/login-action.ts
[WebServer]  POST /login 200 in 10.4s (next.js: 389ms, proxy.ts: 157ms, application-code: 9.9s)
[WebServer]   └─ ƒ loginAction({"status":"idle"}, {}) in 1981ms lib/modules/identity/adapters/driving/login-action.ts
[WebServer]  POST /login 200 in 10.6s (next.js: 496ms, proxy.ts: 165ms, application-code: 9.9s)
[WebServer]   └─ ƒ loginAction({"status":"idle"}, {}) in 2021ms lib/modules/identity/adapters/driving/login-action.ts
[WebServer]  GET /inventario?pageSize=25&q=qc92_e2e_174d5133923a441bb2231294b086c576_pd 200 in 5.0s (next.js: 324ms, proxy.ts: 114ms, application-code: 4.6s)
[WebServer]  GET /inventario?pageSize=25&q=qc92_e2e_f0b4c198b5784e4fb46513bf389238f9_pd 200 in 5.0s (next.js: 347ms, proxy.ts: 107ms, application-code: 4.6s)
[WebServer]  GET /inventario?pageSize=25&q=qc92_e2e_363105a559204d84ba13ca4b175185ae_pd 200 in 5.1s (next.js: 926ms, proxy.ts: 255ms, application-code: 3.9s)
[WebServer]  GET /asignacion/0184b557-ebec-4ba3-bf84-4785197ba610 404 in 5.2s (next.js: 4.0s, proxy.ts: 51ms, application-code: 1171ms)
[WebServer] [browser] Encountered a script tag while rendering React component. Scripts inside React components are never executed when rendering on the client. Consider using template tag instead (https://developer.mozilla.org/en-US/docs/Web/HTML/Element/template). 
  ✓   6 [chromium] › e2e\ejecucion-receta.spec.ts:481:7 › la ejecucion de la receta de un pedido asignado › R30 - quien no tiene asignaciones.consultar pide la direccion del pedido y recibe 404 (47.0s)
[WebServer]  GET /asignacion/61728dee-68e1-4bf4-b0e9-45cc9fd7e7e0 200 in 1887ms (next.js: 480ms, proxy.ts: 71ms, application-code: 1337ms)
[WebServer]  GET /asignacion/7e4a77a4-ac5f-4740-b22a-5dac3269297a 200 in 1911ms (next.js: 410ms, proxy.ts: 79ms, application-code: 1422ms)
[WebServer] [browser] Encountered two children with the same key, `0`. Keys should be unique so that components maintain their identity across updates. Non-unique keys may cause children to be duplicated and/or omitted — the behavior is unsupported and could change in a future version. 
[WebServer] [browser] Encountered two children with the same key, `0`. Keys should be unique so that components maintain their identity across updates. Non-unique keys may cause children to be duplicated and/or omitted — the behavior is unsupported and could change in a future version. 
[WebServer] [browser] Encountered two children with the same key, `0`. Keys should be unique so that components maintain their identity across updates. Non-unique keys may cause children to be duplicated and/or omitted — the behavior is unsupported and could change in a future version. 
[WebServer]  POST /inventario?pageSize=25&q=qc92_e2e_174d5133923a441bb2231294b086c576_pd 200 in 860ms (next.js: 159ms, proxy.ts: 215ms, application-code: 487ms)
[WebServer]   └─ ƒ listProductBatchesAction("19da61de-6b15-4768-aecd-dbb8a3cc7db2") in 363ms lib/modules/inventario/adapters/driving/batch-actions.ts
[WebServer]  GET /login 200 in 870ms (next.js: 252ms, proxy.ts: 54ms, application-code: 564ms)
[WebServer]  POST /inventario?pageSize=25&q=qc92_e2e_363105a559204d84ba13ca4b175185ae_pd 200 in 939ms (next.js: 190ms, proxy.ts: 124ms, application-code: 625ms)
[WebServer]   └─ ƒ listProductBatchesAction("8977bcd0-e6f7-4aee-8a78-2cf092d8608a") in 316ms lib/modules/inventario/adapters/driving/batch-actions.ts
[WebServer]  POST /inventario?pageSize=25&q=qc92_e2e_f0b4c198b5784e4fb46513bf389238f9_pd 200 in 945ms (next.js: 148ms, proxy.ts: 123ms, application-code: 674ms)
[WebServer]   └─ ƒ listProductBatchesAction("d19e7aa1-afff-45c9-88de-333475bff81e") in 377ms lib/modules/inventario/adapters/driving/batch-actions.ts
[WebServer]  POST /inventario?pageSize=25&q=qc92_e2e_174d5133923a441bb2231294b086c576_pd 200 in 472ms (next.js: 48ms, proxy.ts: 35ms, application-code: 389ms)
[WebServer]   └─ ƒ listBatchMovementsAction("962ef2a9-424a-4f30-92e2-5268ca5b5f8f") in 186ms lib/modules/inventario/adapters/driving/batch-actions.ts
[WebServer]  GET /asignacion/7e4a77a4-ac5f-4740-b22a-5dac3269297a 200 in 1327ms (next.js: 145ms, proxy.ts: 112ms, application-code: 1071ms)
[WebServer]  POST /inventario?pageSize=25&q=qc92_e2e_363105a559204d84ba13ca4b175185ae_pd 200 in 766ms (next.js: 145ms, proxy.ts: 89ms, application-code: 532ms)
[WebServer]   └─ ƒ listBatchMovementsAction("2817fecc-d8fe-43b1-bf8f-8780a093c8ca") in 427ms lib/modules/inventario/adapters/driving/batch-actions.ts
  ✓   3 [chromium] › e2e\ajuste-de-inventario.spec.ts:463:7 › ajuste de existencia de un lote › quien solo tiene inventario.consultar ve el panel y el historial, pero el control de ajuste no existe en el DOM (51.0s)
[WebServer] [browser] Encountered two children with the same key, `0`. Keys should be unique so that components maintain their identity across updates. Non-unique keys may cause children to be duplicated and/or omitted — the behavior is unsupported and could change in a future version. 
[WebServer]  POST /inventario?pageSize=25&q=qc92_e2e_f0b4c198b5784e4fb46513bf389238f9_pd 200 in 305ms (next.js: 114ms, proxy.ts: 17ms, application-code: 174ms)
[WebServer]   └─ ƒ adjustBatchStockAction({"status":"idle"}, {}) in 125ms lib/modules/inventario/adapters/driving/batch-actions.ts
  ✓   5 [chromium] › e2e\ejecucion-receta.spec.ts:499:7 › la ejecucion de la receta de un pedido asignado › R9 - recargar la pantalla de un pedido ya EN_CURSO la vuelve a mostrar sin error y sin mover el estado (51.3s)
  ✓   2 [chromium] › e2e\ajuste-de-inventario.spec.ts:420:7 › ajuste de existencia de un lote › un ajuste que dejaria la existencia bajo cero se rechaza y no deja rastro (52.3s)
[WebServer]  GET /dashboard 200 in 186ms (next.js: 18ms, proxy.ts: 13ms, application-code: 154ms)
[WebServer]  POST /login 200 in 546ms (next.js: 14ms, proxy.ts: 8ms, application-code: 523ms)
[WebServer]   └─ ƒ loginAction({"status":"idle"}, {}) in 229ms lib/modules/identity/adapters/driving/login-action.ts
[WebServer]  GET /login 200 in 523ms (next.js: 13ms, proxy.ts: 13ms, application-code: 498ms)
[WebServer]  GET /login 200 in 432ms (next.js: 52ms, proxy.ts: 15ms, application-code: 364ms)
[WebServer]  POST /inventario?pageSize=25&q=qc92_e2e_363105a559204d84ba13ca4b175185ae_pd 200 in 538ms (next.js: 56ms, proxy.ts: 35ms, application-code: 447ms)
[WebServer]   └─ ƒ adjustBatchStockAction({"status":"idle"}, {}) in 313ms lib/modules/inventario/adapters/driving/batch-actions.ts
[WebServer] [browser] Encountered two children with the same key, `1`. Keys should be unique so that components maintain their identity across updates. Non-unique keys may cause children to be duplicated and/or omitted — the behavior is unsupported and could change in a future version. 
[WebServer]  GET /login 200 in 2.3s (next.js: 90ms, proxy.ts: 16ms, application-code: 2.2s)
[WebServer]  POST /inventario?pageSize=25&q=qc92_e2e_363105a559204d84ba13ca4b175185ae_pd 200 in 2.4s (next.js: 833ms, proxy.ts: 181ms, application-code: 1361ms)
[WebServer]   └─ ƒ listProductBatchesAction("8977bcd0-e6f7-4aee-8a78-2cf092d8608a") in 1056ms lib/modules/inventario/adapters/driving/batch-actions.ts
[WebServer]  GET /pedidos 200 in 2.7s (next.js: 203ms, proxy.ts: 52ms, application-code: 2.5s)
[WebServer]  GET /inventario?pageSize=25&q=qc92_e2e_363105a559204d84ba13ca4b175185ae_pd 200 in 4.5s (next.js: 945ms, proxy.ts: 180ms, application-code: 3.4s)
[WebServer]  POST /pedidos 200 in 910ms (next.js: 112ms, proxy.ts: 214ms, application-code: 584ms)
[WebServer]   └─ ƒ getRecipeAction("d200859d-d9e4-484e-8db6-1551868209b3") in 368ms lib/modules/recetas/adapters/driving/recipe-actions.ts
[WebServer]  POST /inventario?pageSize=25&q=qc92_e2e_363105a559204d84ba13ca4b175185ae_pd 200 in 1148ms (next.js: 300ms, proxy.ts: 39ms, application-code: 809ms)
[WebServer]   └─ ƒ listBatchMovementsAction("2817fecc-d8fe-43b1-bf8f-8780a093c8ca") in 326ms lib/modules/inventario/adapters/driving/batch-actions.ts
[WebServer]  GET /dashboard 200 in 1814ms (next.js: 223ms, proxy.ts: 104ms, application-code: 1487ms)
[WebServer]  POST /login 200 in 2.9s (next.js: 60ms, proxy.ts: 19ms, application-code: 2.8s)
[WebServer]   └─ ƒ loginAction({"status":"idle"}, {}) in 502ms lib/modules/identity/adapters/driving/login-action.ts
[WebServer]  POST /pedidos?page=1&pageSize=10&q=acido+citrico 200 in 851ms (next.js: 352ms, proxy.ts: 146ms, application-code: 353ms)
[WebServer]   └─ ƒ getRecipeAction("d200859d-d9e4-484e-8db6-1551868209b3") in 208ms lib/modules/recetas/adapters/driving/recipe-actions.ts
[WebServer]  GET /dashboard 200 in 1433ms (next.js: 221ms, proxy.ts: 31ms, application-code: 1181ms)
[WebServer]  GET /dashboard 200 in 1349ms (next.js: 168ms, proxy.ts: 240ms, application-code: 941ms)
[WebServer]  POST /login 200 in 3.0s (next.js: 302ms, proxy.ts: 100ms, application-code: 2.6s)
[WebServer]   └─ ƒ loginAction({"status":"idle"}, {}) in 673ms lib/modules/identity/adapters/driving/login-action.ts
[WebServer]  GET /pedidos?page=1&pageSize=10&q=acido+citrico 200 in 1926ms (next.js: 135ms, proxy.ts: 53ms, application-code: 1737ms)
  ✓   1 [chromium] › e2e\ajuste-de-inventario.spec.ts:334:7 › ajuste de existencia de un lote › un ajuste con motivo cambia la cantidad del lote y queda su asiento junto al de alta, en Postgres (1.0m)
[WebServer]  POST /pedidos?page=1&pageSize=10&q=acido+citrico 200 in 611ms (next.js: 87ms, proxy.ts: 42ms, application-code: 481ms)
[WebServer]   └─ ƒ getRecipeAction("bd9c656c-cce7-4991-a464-7e206cd8eac8") in 202ms lib/modules/recetas/adapters/driving/recipe-actions.ts
[WebServer] Error: aborted
[WebServer]     at ignore-listed frames {
[WebServer]   code: 'ECONNRESET'
[WebServer] }
[WebServer] ⨯ uncaughtException: Error: aborted
[WebServer]     at ignore-listed frames {
[WebServer]   code: 'ECONNRESET'
[WebServer] }
[WebServer] ⨯ uncaughtException:  Error: aborted
[WebServer]     at ignore-listed frames {
[WebServer]   code: 'ECONNRESET'
[WebServer] }
[WebServer]  POST /login 200 in 2.8s (next.js: 256ms, proxy.ts: 36ms, application-code: 2.6s)
[WebServer]   └─ ƒ loginAction({"status":"idle"}, {}) in 606ms lib/modules/identity/adapters/driving/login-action.ts
  ✓   7 [chromium] › e2e\pedidos-busqueda.spec.ts:246:7 › busqueda en la pantalla de pedidos › escribir un termino recorta la lista a lo que devuelve la consulta, y la URL lleva `q` (R25 a) (13.5s)
[WebServer]  GET /pedidos 200 in 2.4s (next.js: 77ms, proxy.ts: 46ms, application-code: 2.3s)
[WebServer]  GET /login 200 in 1833ms (next.js: 54ms, proxy.ts: 103ms, application-code: 1676ms)
[WebServer]  GET /login 200 in 1832ms (next.js: 63ms, proxy.ts: 102ms, application-code: 1666ms)
[WebServer]  GET /asignacion?entregado=2026-0819061 200 in 3.6s (next.js: 101ms, proxy.ts: 165ms, application-code: 3.3s)
[WebServer]  GET /pedidos 200 in 2.2s (next.js: 167ms, proxy.ts: 128ms, application-code: 1932ms)
[WebServer]  POST /asignacion/61728dee-68e1-4bf4-b0e9-45cc9fd7e7e0 200 in 6.4s (next.js: 513ms, proxy.ts: 38ms, application-code: 5.9s)
[WebServer]   └─ ƒ finishAssignedOrderAction({"status":"success"}, {}) in 1827ms lib/modules/asignaciones/adapters/driving/order-execution-actions.ts
[WebServer]  GET /pedidos 200 in 2.1s (next.js: 107ms, proxy.ts: 472ms, application-code: 1494ms)
  ✓   4 [chromium] › e2e\ejecucion-receta.spec.ts:431:7 › la ejecucion de la receta de un pedido asignado › R29 - el Operador entra, ve su pedido asignado, lo abre, el pedido queda EN_CURSO en base, recorre los pasos hasta Finalizar y el pedido queda ENTREGADO en base (1.1m)
[WebServer]  POST /pedidos 200 in 735ms (next.js: 206ms, proxy.ts: 24ms, application-code: 506ms)
[WebServer]   └─ ƒ getRecipeAction("7caebd75-53d8-4358-953c-56cc49ac393a") in 216ms lib/modules/recetas/adapters/driving/recipe-actions.ts
[WebServer]  POST /pedidos 200 in 1207ms (next.js: 211ms, proxy.ts: 91ms, application-code: 904ms)
[WebServer]   └─ ƒ getRecipeAction("97c9e510-7cc3-4064-a397-51e8ab2692eb") in 521ms lib/modules/recetas/adapters/driving/recipe-actions.ts
[WebServer]  POST /pedidos 200 in 1357ms (next.js: 536ms, proxy.ts: 146ms, application-code: 675ms)
[WebServer]   └─ ƒ getRecipeAction("7caebd75-53d8-4358-953c-56cc49ac393a") in 209ms lib/modules/recetas/adapters/driving/recipe-actions.ts
[WebServer]  POST /pedidos 200 in 1388ms (next.js: 334ms, proxy.ts: 381ms, application-code: 673ms)
[WebServer]   └─ ƒ getRecipeAction("ca8e6e59-b637-4f28-9fce-d44428308bdf") in 314ms lib/modules/recetas/adapters/driving/recipe-actions.ts
[WebServer]  GET /login 200 in 1736ms (next.js: 336ms, proxy.ts: 123ms, application-code: 1278ms)
[WebServer]  POST /pedidos?page=1&pageSize=10&q=sosa 200 in 891ms (next.js: 458ms, proxy.ts: 164ms, application-code: 269ms)
[WebServer]   └─ ƒ getRecipeAction("97c9e510-7cc3-4064-a397-51e8ab2692eb") in 141ms lib/modules/recetas/adapters/driving/recipe-actions.ts
[WebServer]  POST /pedidos?page=1&pageSize=10&q=qc122_e2e_sin_coincidencias 200 in 900ms (next.js: 494ms, proxy.ts: 168ms, application-code: 238ms)
[WebServer]   └─ ƒ getRecipeAction("d7a2de46-8ea3-42a5-8f9d-d48afbfcf2d3") in 128ms lib/modules/recetas/adapters/driving/recipe-actions.ts
[WebServer]  POST /pedidos?page=1&pageSize=10&q=acido+citrico 200 in 806ms (next.js: 234ms, proxy.ts: 354ms, application-code: 218ms)
[WebServer]   └─ ƒ getRecipeAction("ca8e6e59-b637-4f28-9fce-d44428308bdf") in 105ms lib/modules/recetas/adapters/driving/recipe-actions.ts
[WebServer]  GET /dashboard 200 in 1445ms (next.js: 218ms, proxy.ts: 143ms, application-code: 1084ms)
[WebServer]  GET /dashboard 200 in 1493ms (next.js: 280ms, proxy.ts: 241ms, application-code: 972ms)
[WebServer]  GET /pedidos?page=1&pageSize=10&q=qc122_e2e_sin_coincidencias 200 in 2.3s (next.js: 278ms, proxy.ts: 137ms, application-code: 1864ms)
[WebServer]  GET /pedidos?page=1&pageSize=10&q=sosa 200 in 2.2s (next.js: 254ms, proxy.ts: 128ms, application-code: 1799ms)
[WebServer]  GET /pedidos?page=1&pageSize=10&q=acido+citrico 200 in 2.2s (next.js: 303ms, proxy.ts: 117ms, application-code: 1810ms)
[WebServer]  POST /pedidos?page=1&pageSize=10&q=sosa 200 in 644ms (next.js: 64ms, proxy.ts: 42ms, application-code: 538ms)
[WebServer]   └─ ƒ getRecipeAction("ad3aba95-a265-4b11-8386-c77f1c85ae76") in 188ms lib/modules/recetas/adapters/driving/recipe-actions.ts
[WebServer]  POST /login 200 in 3.1s (next.js: 170ms, proxy.ts: 86ms, application-code: 2.9s)
[WebServer]   └─ ƒ loginAction({"status":"idle"}, {}) in 751ms lib/modules/identity/adapters/driving/login-action.ts
[WebServer]  POST /pedidos?page=1&pageSize=10&q=acido+citrico 200 in 685ms (next.js: 128ms, proxy.ts: 44ms, application-code: 513ms)
[WebServer]   └─ ƒ getRecipeAction("f897671a-6fb9-43af-8e3b-b46c96aeb230") in 178ms lib/modules/recetas/adapters/driving/recipe-actions.ts
[WebServer]  POST /pedidos?page=1&pageSize=10&q=qc122_e2e_sin_coincidencias 200 in 707ms (next.js: 97ms, proxy.ts: 45ms, application-code: 566ms)
[WebServer]   └─ ƒ getRecipeAction("28c8a760-a1f1-4eb2-b3f6-d40a43d8a137") in 185ms lib/modules/recetas/adapters/driving/recipe-actions.ts
[WebServer]  POST /login 200 in 3.3s (next.js: 225ms, proxy.ts: 126ms, application-code: 2.9s)
[WebServer]   └─ ƒ loginAction({"status":"idle"}, {}) in 781ms lib/modules/identity/adapters/driving/login-action.ts
[WebServer]  POST /pedidos?page=1&pageSize=10&q=sosa 200 in 1141ms (next.js: 285ms, proxy.ts: 133ms, application-code: 723ms)
[WebServer]   └─ ƒ getRecipeAction("dce9cd92-f04c-4e2d-abee-1efabea929c5") in 251ms lib/modules/recetas/adapters/driving/recipe-actions.ts
[WebServer]  POST /pedidos?page=1&pageSize=10&q=acido+citrico 200 in 1081ms (next.js: 296ms, proxy.ts: 139ms, application-code: 646ms)
[WebServer]   └─ ƒ getRecipeAction("d514a924-59b9-4f26-b018-627be517e693") in 258ms lib/modules/recetas/adapters/driving/recipe-actions.ts
[WebServer]  POST /pedidos?page=1&pageSize=10&q=qc122_e2e_sin_coincidencias 200 in 1239ms (next.js: 362ms, proxy.ts: 150ms, application-code: 727ms)
[WebServer]   └─ ƒ getRecipeAction("28c8a760-a1f1-4eb2-b3f6-d40a43d8a137") in 279ms lib/modules/recetas/adapters/driving/recipe-actions.ts
[WebServer]  POST /pedidos?page=1&pageSize=10 200 in 1626ms (next.js: 389ms, proxy.ts: 357ms, application-code: 880ms)
[WebServer]   └─ ƒ getRecipeAction("28c8a760-a1f1-4eb2-b3f6-d40a43d8a137") in 580ms lib/modules/recetas/adapters/driving/recipe-actions.ts
[WebServer]  POST /pedidos?page=1&pageSize=10&q=sosa 200 in 1625ms (next.js: 520ms, proxy.ts: 209ms, application-code: 896ms)
[WebServer]   └─ ƒ getRecipeAction("d514a924-59b9-4f26-b018-627be517e693") in 144ms lib/modules/recetas/adapters/driving/recipe-actions.ts
[WebServer]  POST /pedidos?page=2&pageSize=10&q=sosa 200 in 2.0s (next.js: 305ms, proxy.ts: 281ms, application-code: 1436ms)
[WebServer]   └─ ƒ getRecipeAction("dce9cd92-f04c-4e2d-abee-1efabea929c5") in 234ms lib/modules/recetas/adapters/driving/recipe-actions.ts
[WebServer]  POST /pedidos?page=1&pageSize=10 200 in 1828ms (next.js: 657ms, proxy.ts: 103ms, application-code: 1068ms)
[WebServer]   └─ ƒ getRecipeAction("28c8a760-a1f1-4eb2-b3f6-d40a43d8a137") in 630ms lib/modules/recetas/adapters/driving/recipe-actions.ts
[WebServer]  GET /pedidos?page=1&pageSize=10 200 in 4.4s (next.js: 378ms, proxy.ts: 148ms, application-code: 3.9s)
[WebServer]  POST /pedidos?page=1&pageSize=10&q=sosa 200 in 1819ms (next.js: 654ms, proxy.ts: 507ms, application-code: 658ms)
[WebServer]   └─ ƒ getRecipeAction("d514a924-59b9-4f26-b018-627be517e693") in 414ms lib/modules/recetas/adapters/driving/recipe-actions.ts
[WebServer]  GET /pedidos?page=1&pageSize=10&q=sosa 200 in 4.6s (next.js: 336ms, proxy.ts: 290ms, application-code: 4.0s)
[WebServer]  GET /pedidos 200 in 2.6s (next.js: 147ms, proxy.ts: 214ms, application-code: 2.2s)
[WebServer]  POST /pedidos?page=1&pageSize=10 200 in 770ms (next.js: 160ms, proxy.ts: 320ms, application-code: 289ms)
[WebServer]  POST /pedidos?page=2&pageSize=10&q=sosa 200 in 1414ms (next.js: 110ms, proxy.ts: 519ms, application-code: 786ms)
[WebServer]   └─ ƒ getRecipeAction("dce9cd92-f04c-4e2d-abee-1efabea929c5") in 393ms lib/modules/recetas/adapters/driving/recipe-actions.ts
  ✓   8 [chromium] › e2e\pedidos-busqueda.spec.ts:271:7 › busqueda en la pantalla de pedidos › un termino sin coincidencias muestra el estado propio dentro de la tabla, y limpiar devuelve todo (R25 c) (23.5s)
[WebServer]  GET /pedidos?page=2&pageSize=10&q=sosa 200 in 4.4s (next.js: 320ms, proxy.ts: 199ms, application-code: 3.9s)
[WebServer]  GET /pedidos 200 in 2.6s (next.js: 229ms, proxy.ts: 75ms, application-code: 2.3s)
[WebServer] Error: aborted
[WebServer]     at ignore-listed frames {
[WebServer]   code: 'ECONNRESET'
[WebServer] }
[WebServer] ⨯ uncaughtException: Error: aborted
[WebServer]     at ignore-listed frames {
[WebServer]   code: 'ECONNRESET'
[WebServer] }
[WebServer] ⨯ uncaughtException:  Error: aborted
[WebServer]     at ignore-listed frames {
[WebServer]   code: 'ECONNRESET'
[WebServer] }
[WebServer]  POST /pedidos?page=1&pageSize=10&q=sosa 200 in 896ms (next.js: 294ms, proxy.ts: 143ms, application-code: 459ms)
[WebServer]   └─ ƒ getRecipeAction("d514a924-59b9-4f26-b018-627be517e693") in 385ms lib/modules/recetas/adapters/driving/recipe-actions.ts
[WebServer]  POST /pedidos?page=2&pageSize=10&q=sosa 200 in 827ms (next.js: 252ms, proxy.ts: 212ms, application-code: 363ms)
[WebServer]   └─ ƒ getRecipeAction("dce9cd92-f04c-4e2d-abee-1efabea929c5") in 218ms lib/modules/recetas/adapters/driving/recipe-actions.ts
  ✓  10 [chromium] › e2e\pedidos-busqueda.spec.ts:361:7 › busqueda en la pantalla de pedidos › Atras entre dos terminos distintos deja la caja con el termino de la URL (R27) (23.5s)
[WebServer]  POST /pedidos?page=2&pageSize=10&q=sosa 200 in 388ms (next.js: 106ms, proxy.ts: 122ms, application-code: 160ms)
[WebServer]   └─ ƒ getRecipeAction("dce9cd92-f04c-4e2d-abee-1efabea929c5") in 68ms lib/modules/recetas/adapters/driving/recipe-actions.ts
[WebServer]  GET /dashboard 200 in 567ms (next.js: 85ms, proxy.ts: 26ms, application-code: 455ms)
[WebServer]  POST /login 200 in 1621ms (next.js: 178ms, proxy.ts: 17ms, application-code: 1425ms)
[WebServer]   └─ ƒ loginAction({"status":"idle"}, {}) in 684ms lib/modules/identity/adapters/driving/login-action.ts
[WebServer]  POST /pedidos?page=2&pageSize=10&q=sosa 200 in 177ms (next.js: 56ms, proxy.ts: 21ms, application-code: 99ms)
[WebServer]   └─ ƒ getRecipeAction("dce9cd92-f04c-4e2d-abee-1efabea929c5") in 56ms lib/modules/recetas/adapters/driving/recipe-actions.ts
[WebServer]  POST /pedidos?page=2&pageSize=10&q=sosa 200 in 219ms (next.js: 86ms, proxy.ts: 44ms, application-code: 90ms)
[WebServer]   └─ ƒ getRecipeAction("dce9cd92-f04c-4e2d-abee-1efabea929c5") in 35ms lib/modules/recetas/adapters/driving/recipe-actions.ts
[WebServer]  POST /pedidos?page=2&pageSize=10&q=sosa 200 in 250ms (next.js: 18ms, proxy.ts: 14ms, application-code: 219ms)
[WebServer]   └─ ƒ getRecipeAction("97c9e510-7cc3-4064-a397-51e8ab2692eb") in 39ms lib/modules/recetas/adapters/driving/recipe-actions.ts
[WebServer]  POST /pedidos?page=2&pageSize=10&q=sosa 200 in 772ms (next.js: 89ms, proxy.ts: 479ms, application-code: 205ms)
[WebServer] ⨯ Error: aborted
[WebServer]     at ignore-listed frames
[WebServer]  POST /pedidos 200 in 1679ms (next.js: 279ms, proxy.ts: 63ms, application-code: 1337ms)
[WebServer]   └─ ƒ getRecipeAction("b24b1790-7264-4557-b99c-7c22921e766a") in 601ms lib/modules/recetas/adapters/driving/recipe-actions.ts
[WebServer]  GET /pedidos?page=2&pageSize=10&q=sosa 200 in 2.4s (next.js: 16ms, proxy.ts: 26ms, application-code: 2.4s)
[WebServer]  GET /login 200 in 2.3s (next.js: 518ms, proxy.ts: 18ms, application-code: 1716ms)
[WebServer]  GET /login 200 in 1842ms (next.js: 180ms, proxy.ts: 55ms, application-code: 1607ms)
[WebServer]  POST /pedidos 200 in 1486ms (next.js: 660ms, proxy.ts: 522ms, application-code: 303ms)
[WebServer]   └─ ƒ listRecipesAction({"page":1,"pageSize":25,"search":"qc151_e2e_386218d736604577a93d445485ec2f18_receta"}) in 137ms lib/modules/recetas/adapters/driving/recipe-actions.ts
[WebServer]  GET /pedidos 200 in 2.3s (next.js: 97ms, proxy.ts: 468ms, application-code: 1782ms)
[WebServer]  POST /pedidos?page=1&pageSize=10&q=qc122_e2e_sin_coincidencias 200 in 692ms (next.js: 91ms, proxy.ts: 60ms, application-code: 541ms)
[WebServer]   └─ ƒ getRecipeAction("b24b1790-7264-4557-b99c-7c22921e766a") in 208ms lib/modules/recetas/adapters/driving/recipe-actions.ts
[WebServer]  GET /pedidos?page=1&pageSize=10&q=qc122_e2e_sin_coincidencias 200 in 3.1s (next.js: 814ms, proxy.ts: 435ms, application-code: 1833ms)
[WebServer]  POST /pedidos?page=1&pageSize=10&q=qc122_e2e_sin_coincidencias 200 in 1028ms (next.js: 227ms, proxy.ts: 133ms, application-code: 668ms)
[WebServer]   └─ ƒ getRecipeAction("d5f0928d-d88f-4a53-848a-715ccc87cf99") in 128ms lib/modules/recetas/adapters/driving/recipe-actions.ts
[WebServer]  POST /pedidos?page=2&pageSize=10&q=sosa 200 in 817ms (next.js: 211ms, proxy.ts: 55ms, application-code: 551ms)
[WebServer]   └─ ƒ getRecipeAction("dce9cd92-f04c-4e2d-abee-1efabea929c5") in 355ms lib/modules/recetas/adapters/driving/recipe-actions.ts
[WebServer]  POST /pedidos 200 in 911ms (next.js: 150ms, proxy.ts: 106ms, application-code: 655ms)
[WebServer]   └─ ƒ getRecipeAction("bf3059d9-81d1-445a-bc48-ee07d7264308") in 460ms lib/modules/recetas/adapters/driving/recipe-actions.ts
[WebServer] ⨯ Error: aborted
[WebServer]     at ignore-listed frames
[WebServer] ⨯ Error: aborted
[WebServer]     at ignore-listed frames
[WebServer]  GET /dashboard 200 in 1363ms (next.js: 89ms, proxy.ts: 112ms, application-code: 1161ms)
[WebServer]  POST /pedidos?page=1&pageSize=10&q=qc122_e2e_sin_coincidencias 200 in 1044ms (next.js: 126ms, proxy.ts: 302ms, application-code: 615ms)
[WebServer]   └─ ƒ getRecipeAction("60ba3c4a-efac-43b8-b49b-6fd5062c572e") in 212ms lib/modules/recetas/adapters/driving/recipe-actions.ts
[WebServer]  POST /pedidos 200 in 1356ms (next.js: 188ms, proxy.ts: 73ms, application-code: 1095ms)
[WebServer]   └─ ƒ quoteOrderCostAction({"quantity":"5000","recipeId":"bf3059d9-81d1-445a-bc48-ee07d7264308"}) in 797ms lib/modules/pedidos/adapters/driving/order-actions.ts
[WebServer]  POST /pedidos?page=1&pageSize=10 200 in 964ms (next.js: 320ms, proxy.ts: 95ms, application-code: 550ms)
[WebServer]   └─ ƒ getRecipeAction("60ba3c4a-efac-43b8-b49b-6fd5062c572e") in 287ms lib/modules/recetas/adapters/driving/recipe-actions.ts
[WebServer]  GET /pedidos?page=1&pageSize=10 200 in 3.9s (next.js: 179ms, proxy.ts: 41ms, application-code: 3.7s)
[WebServer]  POST /pedidos?page=1&pageSize=10 200 in 2.8s (next.js: 425ms, proxy.ts: 62ms, application-code: 2.3s)
[WebServer]   └─ ƒ getRecipeAction("60ba3c4a-efac-43b8-b49b-6fd5062c572e") in 1447ms lib/modules/recetas/adapters/driving/recipe-actions.ts
[WebServer] Error: aborted
[WebServer]     at ignore-listed frames {
[WebServer]   code: 'ECONNRESET'
[WebServer] }
[WebServer] ⨯ uncaughtException: Error: aborted
[WebServer]     at ignore-listed frames {
[WebServer]   code: 'ECONNRESET'
[WebServer] }
[WebServer] ⨯ uncaughtException:  Error: aborted
[WebServer]     at ignore-listed frames {
[WebServer]   code: 'ECONNRESET'
[WebServer] }
[WebServer]  POST /pedidos 200 in 1914ms (next.js: 541ms, proxy.ts: 417ms, application-code: 957ms)
[WebServer]   └─ ƒ listRecipesAction({"page":1,"pageSize":25,"search":"qc151_e2e_055f59df41db474e9eaa2193af8c4ffe_r59_receta"}) in 604ms lib/modules/recetas/adapters/driving/recipe-actions.ts
[WebServer]  GET /pedidos?page=2&pageSize=10&q=sosa 200 in 3.8s (next.js: 133ms, proxy.ts: 116ms, application-code: 3.6s)
[WebServer]  POST /pedidos 200 in 2.4s (next.js: 625ms, proxy.ts: 470ms, application-code: 1290ms)
[WebServer]   └─ ƒ quoteOrderCostAction({"quantity":"5001","recipeId":"bf3059d9-81d1-445a-bc48-ee07d7264308"}) in 1143ms lib/modules/pedidos/adapters/driving/order-actions.ts
[WebServer]  POST /pedidos 200 in 413ms (next.js: 29ms, proxy.ts: 23ms, application-code: 361ms)
[WebServer]   └─ ƒ getRecipeAction("9cb18c25-b787-409a-8434-ad3880610ef2") in 302ms lib/modules/recetas/adapters/driving/recipe-actions.ts
  ✓  11 [chromium] › e2e\pedidos-busqueda.spec.ts:397:7 › busqueda en la pantalla de pedidos › Atras despues de Limpiar deja la caja y la lista con el termino de antes de limpiar (R27) (23.4s)
  ✓   9 [chromium] › e2e\pedidos-busqueda.spec.ts:294:7 › busqueda en la pantalla de pedidos › el termino sobrevive a cambiar de pagina, al panel lateral, a recargar y a Atras (R25 d, R9, R26) (34.1s)
[WebServer]  GET /asignacion 200 in 968ms (next.js: 52ms, proxy.ts: 21ms, application-code: 895ms)
[WebServer]  POST /pedidos 200 in 694ms (next.js: 160ms, proxy.ts: 48ms, application-code: 487ms)
[WebServer]   └─ ƒ quoteOrderCostAction({"quantity":"20000","recipeId":"bf3059d9-81d1-445a-bc48-ee07d7264308"}) in 389ms lib/modules/pedidos/adapters/driving/order-actions.ts
[WebServer]  POST /login 200 in 2.2s (next.js: 129ms, proxy.ts: 118ms, application-code: 1913ms)
[WebServer]   └─ ƒ loginAction({"status":"idle"}, {}) in 572ms lib/modules/identity/adapters/driving/login-action.ts
[WebServer]  POST /pedidos 200 in 545ms (next.js: 88ms, proxy.ts: 97ms, application-code: 360ms)
[WebServer]   └─ ƒ quoteOrderCostAction({"quantity":"30","recipeId":"9cb18c25-b787-409a-8434-ad3880610ef2"}) in 271ms lib/modules/pedidos/adapters/driving/order-actions.ts
[WebServer]  GET /asignacion 200 in 1231ms (next.js: 117ms, proxy.ts: 174ms, application-code: 940ms)
[WebServer]  POST /login 200 in 2.0s (next.js: 200ms, proxy.ts: 60ms, application-code: 1783ms)
[WebServer]   └─ ƒ loginAction({"status":"idle"}, {}) in 257ms lib/modules/identity/adapters/driving/login-action.ts
  ✓  13 [chromium] › e2e\pedidos-cotizacion.spec.ts:452:7 › cotizacion del coste en el pedido (QC-151) › R59: el promedio simple de todos los lotes con disponible cotiza el ejemplo de D22 (21.4s)
  ✓  14 [chromium] › e2e\pedidos-terminados.spec.ts:442:7 › QC-145 — los tres roles en /asignacion y el cierre de /pedidos › el Operador aterriza en «Mis asignados» y no ve ninguna pestaña ni las otras vistas (R28) (11.7s)
[WebServer]  POST /pedidos 200 in 435ms (next.js: 53ms, proxy.ts: 113ms, application-code: 269ms)
[WebServer]   └─ ƒ quoteOrderCostAction({"quantity":"5001","recipeId":"bf3059d9-81d1-445a-bc48-ee07d7264308"}) in 228ms lib/modules/pedidos/adapters/driving/order-actions.ts
[WebServer]  GET /asignacion?vista=terminados 200 in 552ms (next.js: 22ms, proxy.ts: 16ms, application-code: 515ms)
[WebServer]  GET /login 200 in 398ms (next.js: 22ms, proxy.ts: 18ms, application-code: 358ms)
[WebServer]  GET /login 200 in 355ms (next.js: 34ms, proxy.ts: 56ms, application-code: 265ms)
  ✓  15 [chromium] › e2e\pedidos-terminados.spec.ts:458:7 › QC-145 — los tres roles en /asignacion y el cierre de /pedidos › el Empacador ve «Terminados» con el pedido ajeno, su fecha y sus responsables, el «sin fecha» al final, y no ve «Todos» (R28, R30) (12.5s)
[WebServer]  POST /pedidos 200 in 706ms (next.js: 339ms, proxy.ts: 94ms, application-code: 273ms)
[WebServer]   └─ ƒ listPresentationsAction({"page":1,"pageSize":25}) in 118ms lib/modules/inventario/adapters/driving/presentation-actions.ts
[WebServer]  GET /login 200 in 884ms (next.js: 156ms, proxy.ts: 64ms, application-code: 665ms)
[WebServer]  GET /login 200 in 837ms (next.js: 214ms, proxy.ts: 29ms, application-code: 594ms)
[WebServer]  POST /pedidos 200 in 515ms (next.js: 73ms, proxy.ts: 45ms, application-code: 398ms)
[WebServer]   └─ ƒ listPresentationsAction({"page":1,"pageSize":25,"search":"qc151_e2e_386218d736604577a93d445485ec2f18_presentacion"}) in 104ms lib/modules/inventario/adapters/driving/presentation-actions.ts
[WebServer]  GET /login 200 in 3.3s (next.js: 467ms, proxy.ts: 237ms, application-code: 2.6s)
[WebServer]  POST /pedidos 200 in 7.4s (next.js: 392ms, proxy.ts: 204ms, application-code: 6.8s)
[WebServer]   └─ ƒ createOrderAction({"status":"idle"}, {}) in 5447ms lib/modules/pedidos/adapters/driving/order-actions.ts
[WebServer]  GET /dashboard 200 in 4.4s (next.js: 372ms, proxy.ts: 564ms, application-code: 3.5s)
[WebServer]  POST /login 200 in 7.7s (next.js: 482ms, proxy.ts: 31ms, application-code: 7.1s)
[WebServer]   └─ ƒ loginAction({"status":"idle"}, {}) in 1540ms lib/modules/identity/adapters/driving/login-action.ts
[WebServer]  GET /dashboard 200 in 3.3s (next.js: 386ms, proxy.ts: 561ms, application-code: 2.3s)
[WebServer]  POST /login 200 in 8.3s (next.js: 469ms, proxy.ts: 234ms, application-code: 7.6s)
[WebServer]   └─ ƒ loginAction({"status":"idle"}, {}) in 2238ms lib/modules/identity/adapters/driving/login-action.ts
[WebServer]  GET /dashboard 200 in 3.4s (next.js: 446ms, proxy.ts: 77ms, application-code: 2.9s)
[WebServer]  GET /pedidos 200 in 5.5s (next.js: 693ms, proxy.ts: 312ms, application-code: 4.5s)
[WebServer]  POST /login 200 in 5.5s (next.js: 393ms, proxy.ts: 76ms, application-code: 5.1s)
[WebServer]   └─ ƒ loginAction({"status":"idle"}, {}) in 801ms lib/modules/identity/adapters/driving/login-action.ts
  ✓  12 [chromium] › e2e\pedidos-cotizacion.spec.ts:378:7 › cotizacion del coste en el pedido (QC-151) › el bloque de coste cotiza con cada cantidad, guarda el mismo importe y lo reabre sin teclear nada (43.8s)
[WebServer] Error: aborted
[WebServer]     at ignore-listed frames {
[WebServer]   code: 'ECONNRESET'
[WebServer] }
[WebServer] ⨯ uncaughtException: Error: aborted
[WebServer]     at ignore-listed frames {
[WebServer]   code: 'ECONNRESET'
[WebServer] }
[WebServer] ⨯ uncaughtException:  Error: aborted
[WebServer]     at ignore-listed frames {
[WebServer]   code: 'ECONNRESET'
[WebServer] }
[WebServer]  GET /asignacion 200 in 6.0s (next.js: 182ms, proxy.ts: 104ms, application-code: 5.7s)
[WebServer]  POST /login 200 in 8.3s (next.js: 520ms, proxy.ts: 67ms, application-code: 7.7s)
[WebServer]   └─ ƒ loginAction({"status":"idle"}, {}) in 593ms lib/modules/identity/adapters/driving/login-action.ts
[WebServer]  GET /pedidos?pageSize=25&sort=createdAt%3Adesc 200 in 4.6s (next.js: 252ms, proxy.ts: 196ms, application-code: 4.1s)
[WebServer]  GET /asignacion 200 in 3.6s (next.js: 123ms, proxy.ts: 708ms, application-code: 2.7s)
[WebServer]  GET /dashboard 200 in 4.0s (next.js: 897ms, proxy.ts: 86ms, application-code: 3.0s)
[WebServer]  POST /login 200 in 6.7s (next.js: 357ms, proxy.ts: 84ms, application-code: 6.3s)
[WebServer]   └─ ƒ loginAction({"status":"idle"}, {}) in 2033ms lib/modules/identity/adapters/driving/login-action.ts
[WebServer]  GET /pedidos 404 in 1828ms (next.js: 79ms, proxy.ts: 91ms, application-code: 1659ms)
[WebServer]  GET /pedidos?pageSize=25&sort=createdAt%3Adesc 200 in 1892ms (next.js: 88ms, proxy.ts: 83ms, application-code: 1722ms)
[WebServer]  GET /login 200 in 1120ms (next.js: 99ms, proxy.ts: 585ms, application-code: 437ms)
[WebServer] [browser] Encountered a script tag while rendering React component. Scripts inside React components are never executed when rendering on the client. Consider using template tag instead (https://developer.mozilla.org/en-US/docs/Web/HTML/Element/template). 
  ✓  19 [chromium] › e2e\pedidos.spec.ts:494:7 › pantalla de pedidos › un usuario sin pedidos.consultar recibe 404 dentro del layout privado y no ve ningun dato de pedidos (R49) (23.3s)
  ✓  17 [chromium] › e2e\pedidos-terminados.spec.ts:621:7 › QC-145 — los tres roles en /asignacion y el cierre de /pedidos › en «Pedidos», el panel de edicion del Administrador no ofrece estado y el selector de responsables no ofrece a otro Administrador (R7, R32) (25.2s)
[WebServer] Error: aborted
[WebServer]     at ignore-listed frames {
[WebServer]   code: 'ECONNRESET'
[WebServer] }
[WebServer] ⨯ uncaughtException: Error: aborted
[WebServer]     at ignore-listed frames {
[WebServer]   code: 'ECONNRESET'
[WebServer] }
[WebServer] ⨯ uncaughtException:  Error: aborted
[WebServer]     at ignore-listed frames {
[WebServer]   code: 'ECONNRESET'
[WebServer] }
[WebServer]  GET /pedidos?pageSize=25&sort=createdAt%3Adesc 200 in 2.3s (next.js: 45ms, proxy.ts: 31ms, application-code: 2.2s)
[WebServer]  POST /pedidos?pageSize=25&sort=createdAt%3Adesc 200 in 609ms (next.js: 105ms, proxy.ts: 47ms, application-code: 457ms)
[WebServer]   └─ ƒ listRecipesAction({"page":1,"pageSize":25,"search":"qc35_e2e_receta_f83169294bab4896ad05b68c606664bd"}) in 216ms lib/modules/recetas/adapters/driving/recipe-actions.ts
[WebServer]  GET /asignacion?page=1&pageSize=10&vista=todos&status=ENTREGADO 200 in 1836ms (next.js: 78ms, proxy.ts: 775ms, application-code: 982ms)
[WebServer]  POST /pedidos?pageSize=25&sort=createdAt%3Adesc 200 in 451ms (next.js: 70ms, proxy.ts: 36ms, application-code: 345ms)
[WebServer]   └─ ƒ getRecipeAction("63bca51b-dafb-4ac7-9c1a-e704fce508ce") in 143ms lib/modules/recetas/adapters/driving/recipe-actions.ts
[WebServer]  POST /pedidos?pageSize=25&sort=createdAt%3Adesc 200 in 347ms (next.js: 91ms, proxy.ts: 56ms, application-code: 200ms)
[WebServer]   └─ ƒ listPresentationsAction({"page":1,"pageSize":25}) in 79ms lib/modules/inventario/adapters/driving/presentation-actions.ts
[WebServer]  POST /pedidos?pageSize=25&sort=createdAt%3Adesc 200 in 446ms (next.js: 27ms, proxy.ts: 37ms, application-code: 382ms)
[WebServer]   └─ ƒ listPresentationsAction({"page":1,"pageSize":25,"search":"qc35_e2e_presentacion_f83169294bab4896ad05b68c606664bd"}) in 165ms lib/modules/inventario/adapters/driving/presentation-actions.ts
[WebServer]  GET /asignacion/757e12eb-8c39-4214-bb3b-04a94f0c1141 200 in 572ms (next.js: 200ms, proxy.ts: 33ms, application-code: 338ms)
[WebServer]  POST /pedidos?pageSize=25&sort=createdAt%3Adesc 200 in 227ms (next.js: 21ms, proxy.ts: 19ms, application-code: 187ms)
[WebServer]   └─ ƒ listRecipesAction({"page":1,"pageSize":25,"search":"qc141_e2e_6ccb1d8266b24a9e8b549b30d0a1ac07_receta"}) in 161ms lib/modules/recetas/adapters/driving/recipe-actions.ts
[WebServer]  GET /dashboard 200 in 300ms (next.js: 64ms, proxy.ts: 15ms, application-code: 221ms)
[WebServer]  POST /login 200 in 650ms (next.js: 20ms, proxy.ts: 12ms, application-code: 618ms)
[WebServer]   └─ ƒ loginAction({"status":"idle"}, {}) in 220ms lib/modules/identity/adapters/driving/login-action.ts
[WebServer]  POST /pedidos?pageSize=25&sort=createdAt%3Adesc 200 in 333ms (next.js: 45ms, proxy.ts: 40ms, application-code: 248ms)
[WebServer]   └─ ƒ createOrderAction({"status":"idle"}, {}) in 162ms lib/modules/pedidos/adapters/driving/order-actions.ts
  ✓  16 [chromium] › e2e\pedidos-terminados.spec.ts:525:7 › QC-145 — los tres roles en /asignacion y el cierre de /pedidos › el Administrador ve solo «Todos» con los cuatro estados; filtrar por Entregado trae la fecha y el orden de terminados; sin entrada a ejecucion; `/asignacion/<id>` de un pedido no asignado dice "no encontrado" (R28, R35) (28.0s)
[WebServer]  POST /pedidos?pageSize=25&sort=createdAt%3Adesc 200 in 493ms (next.js: 31ms, proxy.ts: 34ms, application-code: 428ms)
[WebServer]   └─ ƒ quoteOrderCostAction({"quantity":"12.5","recipeId":"63bca51b-dafb-4ac7-9c1a-e704fce508ce"}) in 357ms lib/modules/pedidos/adapters/driving/order-actions.ts
[WebServer]  GET /login 200 in 546ms (next.js: 23ms, proxy.ts: 19ms, application-code: 504ms)
[WebServer]  POST /pedidos?pageSize=25&sort=createdAt%3Adesc 200 in 410ms (next.js: 91ms, proxy.ts: 100ms, application-code: 220ms)
[WebServer]   └─ ƒ getRecipeAction("e2aeb67a-efc5-4f0e-9ff3-5183de047c7c") in 122ms lib/modules/recetas/adapters/driving/recipe-actions.ts
[WebServer]  POST /pedidos?pageSize=25&sort=createdAt%3Adesc 200 in 629ms (next.js: 139ms, proxy.ts: 38ms, application-code: 452ms)
[WebServer]   └─ ƒ listPresentationsAction({"page":1,"pageSize":25}) in 369ms lib/modules/inventario/adapters/driving/presentation-actions.ts
[WebServer]  POST /pedidos?pageSize=25&sort=createdAt%3Adesc 200 in 155ms (next.js: 35ms, proxy.ts: 19ms, application-code: 102ms)
[WebServer]   └─ ƒ listPresentationsAction({"page":1,"pageSize":25,"search":"qc141_e2e_6ccb1d8266b24a9e8b549b30d0a1ac07_presentacion"}) in 33ms lib/modules/inventario/adapters/driving/presentation-actions.ts
[WebServer]  GET /login 200 in 325ms (next.js: 12ms, proxy.ts: 11ms, application-code: 302ms)
[WebServer]  GET /pedidos?pageSize=25&sort=createdAt%3Adesc 200 in 2.2s (next.js: 93ms, proxy.ts: 57ms, application-code: 2.1s)
[WebServer]  GET /inventario?pageSize=25&q=qc92_e2e_41d4848a484949eab4c0969e8d8591a1_pd 200 in 1383ms (next.js: 52ms, proxy.ts: 20ms, application-code: 1312ms)
[WebServer]  POST /pedidos?pageSize=25&sort=createdAt%3Adesc 200 in 1590ms (next.js: 42ms, proxy.ts: 792ms, application-code: 756ms)
[WebServer]   └─ ƒ createOrderAction({"status":"idle"}, {}) in 649ms lib/modules/pedidos/adapters/driving/order-actions.ts
[WebServer]  POST /pedidos?pageSize=25&sort=createdAt%3Adesc 200 in 388ms (next.js: 113ms, proxy.ts: 29ms, application-code: 247ms)
[WebServer]   └─ ƒ getRecipeAction("63bca51b-dafb-4ac7-9c1a-e704fce508ce") in 136ms lib/modules/recetas/adapters/driving/recipe-actions.ts
[WebServer]  POST /pedidos?pageSize=25&sort=createdAt%3Adesc 200 in 530ms (next.js: 202ms, proxy.ts: 108ms, application-code: 219ms)
[WebServer]   └─ ƒ getRecipeAction("63bca51b-dafb-4ac7-9c1a-e704fce508ce") in 150ms lib/modules/recetas/adapters/driving/recipe-actions.ts
[WebServer]  POST /pedidos?pageSize=25&sort=createdAt%3Adesc 200 in 658ms (next.js: 176ms, proxy.ts: 47ms, application-code: 435ms)
[WebServer]   └─ ƒ quoteOrderCostAction({"quantity":"1500","recipeId":"e2aeb67a-efc5-4f0e-9ff3-5183de047c7c"}) in 370ms lib/modules/pedidos/adapters/driving/order-actions.ts
[WebServer]  POST /pedidos?pageSize=25&sort=createdAt%3Adesc 200 in 1207ms (next.js: 97ms, proxy.ts: 76ms, application-code: 1034ms)
[WebServer]   └─ ƒ cancelOrderAction({"status":"idle"}, {}) in 523ms lib/modules/pedidos/adapters/driving/order-actions.ts
[WebServer]  GET /login 200 in 799ms (next.js: 257ms, proxy.ts: 10ms, application-code: 532ms)
[WebServer]  POST /inventario?pageSize=25&q=qc92_e2e_41d4848a484949eab4c0969e8d8591a1_pd 200 in 567ms (next.js: 277ms, proxy.ts: 45ms, application-code: 246ms)
[WebServer]   └─ ƒ listProductBatchesAction("ccffa6f8-8c8f-49a6-bb65-c025de46192e") in 212ms lib/modules/inventario/adapters/driving/batch-actions.ts
[WebServer]  GET /dashboard 200 in 761ms (next.js: 204ms, proxy.ts: 112ms, application-code: 445ms)
[WebServer]  POST /login 200 in 1994ms (next.js: 456ms, proxy.ts: 37ms, application-code: 1502ms)
[WebServer]   └─ ƒ loginAction({"status":"idle"}, {}) in 365ms lib/modules/identity/adapters/driving/login-action.ts
[WebServer]  GET /pedidos?pageSize=25&sort=createdAt%3Adesc 200 in 2.3s (next.js: 54ms, proxy.ts: 76ms, application-code: 2.2s)
[WebServer]  GET /pedidos?pageSize=25&sort=createdAt%3Adesc 200 in 1451ms (next.js: 46ms, proxy.ts: 22ms, application-code: 1382ms)
[WebServer]  GET /asignacion 200 in 515ms (next.js: 35ms, proxy.ts: 31ms, application-code: 450ms)
[WebServer]  POST /login 200 in 1097ms (next.js: 221ms, proxy.ts: 23ms, application-code: 854ms)
[WebServer]   └─ ƒ loginAction({"status":"idle"}, {}) in 214ms lib/modules/identity/adapters/driving/login-action.ts
  ✓  18 [chromium] › e2e\pedidos.spec.ts:369:7 › pantalla de pedidos › el Administrador entra, da de alta un pedido, lo ve por su correlativo y lo cancela con motivo (R48, R29) (35.7s)
[WebServer]  POST /pedidos?pageSize=25&sort=createdAt%3Adesc 200 in 1432ms (next.js: 44ms, proxy.ts: 43ms, application-code: 1345ms)
[WebServer]   └─ ƒ getRecipeAction("e2aeb67a-efc5-4f0e-9ff3-5183de047c7c") in 841ms lib/modules/recetas/adapters/driving/recipe-actions.ts
[WebServer] Error: aborted
[WebServer]     at ignore-listed frames {
[WebServer]   code: 'ECONNRESET'
[WebServer] }
[WebServer] ⨯ uncaughtException: Error: aborted
[WebServer]     at ignore-listed frames {
[WebServer]   code: 'ECONNRESET'
[WebServer] }
[WebServer] ⨯ uncaughtException:  Error: aborted
[WebServer]     at ignore-listed frames {
[WebServer]   code: 'ECONNRESET'
[WebServer] }
[WebServer]  POST /inventario?pageSize=25&q=qc92_e2e_41d4848a484949eab4c0969e8d8591a1_pd 200 in 2.8s (next.js: 66ms, proxy.ts: 413ms, application-code: 2.3s)
[WebServer]   └─ ƒ listBatchMovementsAction("11763f80-efd3-4b4c-8231-1695087f41e7") in 1202ms lib/modules/inventario/adapters/driving/batch-actions.ts
[WebServer]  GET /inventario?pageSize=25&q=qc141_e2e_6ccb1d8266b24a9e8b549b30d0a1ac07_producto 200 in 3.8s (next.js: 57ms, proxy.ts: 41ms, application-code: 3.7s)
[WebServer]  GET /inventario?pageSize=25&q=qc92_e2e_7760da8203804d56bab7fb9896537938_pd 200 in 2.9s (next.js: 229ms, proxy.ts: 32ms, application-code: 2.6s)
[WebServer]  GET /inventario?pageSize=25&q=qc92_e2e_1153d8565e204bb993bf3dfba33a5839_pd 200 in 3.3s (next.js: 81ms, proxy.ts: 408ms, application-code: 2.8s)
[WebServer]  GET /login 200 in 775ms (next.js: 109ms, proxy.ts: 31ms, application-code: 634ms)
[WebServer]  GET /asignacion 200 in 1122ms (next.js: 263ms, proxy.ts: 73ms, application-code: 785ms)
[WebServer]  POST /login 200 in 3.6s (next.js: 1681ms, proxy.ts: 30ms, application-code: 1870ms)
[WebServer]   └─ ƒ loginAction({"status":"idle"}, {}) in 553ms lib/modules/identity/adapters/driving/login-action.ts
[WebServer]  GET /pedidos?pageSize=25&sort=createdAt%3Adesc 200 in 2.3s (next.js: 33ms, proxy.ts: 33ms, application-code: 2.2s)
[WebServer]  POST /inventario?pageSize=25&q=qc92_e2e_7760da8203804d56bab7fb9896537938_pd 200 in 736ms (next.js: 89ms, proxy.ts: 35ms, application-code: 612ms)
[WebServer]   └─ ƒ listProductBatchesAction("46f7782a-b2c4-4a0c-9f41-bc5b3bd607db") in 444ms lib/modules/inventario/adapters/driving/batch-actions.ts
[WebServer]  POST /inventario?pageSize=25&q=qc92_e2e_1153d8565e204bb993bf3dfba33a5839_pd 200 in 754ms (next.js: 114ms, proxy.ts: 35ms, application-code: 605ms)
[WebServer]   └─ ƒ listProductBatchesAction("104da19b-faf0-4fcf-bb8d-625f0496f9d3") in 494ms lib/modules/inventario/adapters/driving/batch-actions.ts
[WebServer]  POST /inventario?pageSize=25&q=qc92_e2e_41d4848a484949eab4c0969e8d8591a1_pd 200 in 841ms (next.js: 114ms, proxy.ts: 308ms, application-code: 419ms)
[WebServer]   └─ ƒ adjustBatchStockAction({"status":"idle"}, {}) in 390ms lib/modules/inventario/adapters/driving/batch-actions.ts
[WebServer]  POST /pedidos?pageSize=25&sort=createdAt%3Adesc 200 in 2.3s (next.js: 990ms, proxy.ts: 972ms, application-code: 321ms)
[WebServer] ⨯ Error: aborted
[WebServer]     at ignore-listed frames
[WebServer]  POST /inventario?pageSize=25&q=qc92_e2e_41d4848a484949eab4c0969e8d8591a1_pd 200 in 3.1s (next.js: 1846ms, proxy.ts: 67ms, application-code: 1221ms)
[WebServer]   └─ ƒ listProductBatchesAction("ccffa6f8-8c8f-49a6-bb65-c025de46192e") in 731ms lib/modules/inventario/adapters/driving/batch-actions.ts
[WebServer]  GET /pedidos?pageSize=25&sort=createdAt%3Adesc 200 in 3.4s (next.js: 16ms, proxy.ts: 9ms, application-code: 3.4s)
[WebServer]  POST /inventario?pageSize=25&q=qc92_e2e_7760da8203804d56bab7fb9896537938_pd 200 in 2.1s (next.js: 296ms, proxy.ts: 849ms, application-code: 986ms)
[WebServer]   └─ ƒ listBatchMovementsAction("e4986d85-50bb-43bd-aa96-c475e7750bc8") in 854ms lib/modules/inventario/adapters/driving/batch-actions.ts
[WebServer]  GET /dashboard 200 in 853ms (next.js: 205ms, proxy.ts: 50ms, application-code: 599ms)
[WebServer]  POST /login 200 in 2.2s (next.js: 326ms, proxy.ts: 26ms, application-code: 1858ms)
[WebServer]   └─ ƒ loginAction({"status":"idle"}, {}) in 850ms lib/modules/identity/adapters/driving/login-action.ts
[WebServer]  GET /asignacion/526659ce-16a5-49f0-bc00-5385ab511334 200 in 1573ms (next.js: 452ms, proxy.ts: 268ms, application-code: 853ms)
[WebServer]  GET /inventario?pageSize=25&q=qc92_e2e_41d4848a484949eab4c0969e8d8591a1_pd 200 in 4.1s (next.js: 1062ms, proxy.ts: 943ms, application-code: 2.1s)
[WebServer]  POST /inventario?pageSize=25&q=qc92_e2e_1153d8565e204bb993bf3dfba33a5839_pd 200 in 450ms (next.js: 71ms, proxy.ts: 107ms, application-code: 271ms)
[WebServer]   └─ ƒ adjustBatchStockAction({"status":"idle"}, {}) in 229ms lib/modules/inventario/adapters/driving/batch-actions.ts
[WebServer]  POST /pedidos?pageSize=25&sort=createdAt%3Adesc 200 in 286ms (next.js: 56ms, proxy.ts: 19ms, application-code: 211ms)
[WebServer]   └─ ƒ getRecipeAction("e2aeb67a-efc5-4f0e-9ff3-5183de047c7c") in 122ms lib/modules/recetas/adapters/driving/recipe-actions.ts
  ✓  23 [webkit] › e2e\ajuste-de-inventario.spec.ts:463:7 › ajuste de existencia de un lote › quien solo tiene inventario.consultar ve el panel y el historial, pero el control de ajuste no existe en el DOM (18.0s)
[WebServer]  POST /pedidos?pageSize=25&sort=createdAt%3Adesc 200 in 131ms (next.js: 62ms, proxy.ts: 13ms, application-code: 56ms)
[WebServer]   └─ ƒ getRecipeAction("e2aeb67a-efc5-4f0e-9ff3-5183de047c7c") in 25ms lib/modules/recetas/adapters/driving/recipe-actions.ts
[WebServer] [browser] Encountered two children with the same key, `0`. Keys should be unique so that components maintain their identity across updates. Non-unique keys may cause children to be duplicated and/or omitted — the behavior is unsupported and could change in a future version. 
[WebServer]  POST /pedidos?pageSize=25&sort=createdAt%3Adesc 200 in 84ms (next.js: 16ms, proxy.ts: 8ms, application-code: 60ms)
[WebServer]   └─ ƒ listRecipesAction({"page":1,"pageSize":25,"search":"qc141_e2e_6ccb1d8266b24a9e8b549b30d0a1ac07_receta"}) in 39ms lib/modules/recetas/adapters/driving/recipe-actions.ts
  ✓  22 [webkit] › e2e\ajuste-de-inventario.spec.ts:420:7 › ajuste de existencia de un lote › un ajuste que dejaria la existencia bajo cero se rechaza y no deja rastro (21.6s)
[WebServer]  GET /asignacion/d84445d9-d784-46c1-8226-4f10f3965bc4 404 in 379ms (next.js: 30ms, proxy.ts: 11ms, application-code: 338ms)
[WebServer] [browser] Encountered two children with the same key, `0`. Keys should be unique so that components maintain their identity across updates. Non-unique keys may cause children to be duplicated and/or omitted — the behavior is unsupported and could change in a future version. 
[WebServer]  POST /pedidos?pageSize=25&sort=createdAt%3Adesc 200 in 288ms (next.js: 52ms, proxy.ts: 20ms, application-code: 216ms)
[WebServer]   └─ ƒ getRecipeAction("e2aeb67a-efc5-4f0e-9ff3-5183de047c7c") in 143ms lib/modules/recetas/adapters/driving/recipe-actions.ts
[WebServer]  POST /pedidos?pageSize=25&sort=createdAt%3Adesc 200 in 127ms (next.js: 58ms, proxy.ts: 17ms, application-code: 52ms)
[WebServer]   └─ ƒ listPresentationsAction({"page":1,"pageSize":25}) in 26ms lib/modules/inventario/adapters/driving/presentation-actions.ts
[WebServer]  POST /pedidos?pageSize=25&sort=createdAt%3Adesc 200 in 108ms (next.js: 16ms, proxy.ts: 13ms, application-code: 79ms)
[WebServer]   └─ ƒ listPresentationsAction({"page":1,"pageSize":25,"search":"qc141_e2e_6ccb1d8266b24a9e8b549b30d0a1ac07_presentacion"}) in 37ms lib/modules/inventario/adapters/driving/presentation-actions.ts
[WebServer] [browser] Encountered a script tag while rendering React component. Scripts inside React components are never executed when rendering on the client. Consider using template tag instead (https://developer.mozilla.org/en-US/docs/Web/HTML/Element/template). 
[WebServer]  GET /login 200 in 259ms (next.js: 11ms, proxy.ts: 7ms, application-code: 241ms)
[WebServer]  POST /inventario?pageSize=25&q=qc92_e2e_41d4848a484949eab4c0969e8d8591a1_pd 200 in 173ms (next.js: 32ms, proxy.ts: 30ms, application-code: 111ms)
[WebServer]   └─ ƒ listBatchMovementsAction("11763f80-efd3-4b4c-8231-1695087f41e7") in 72ms lib/modules/inventario/adapters/driving/batch-actions.ts
  ✓  25 [webkit] › e2e\ejecucion-receta.spec.ts:481:7 › la ejecucion de la receta de un pedido asignado › R30 - quien no tiene asignaciones.consultar pide la direccion del pedido y recibe 404 (12.2s)
  ✓  21 [webkit] › e2e\ajuste-de-inventario.spec.ts:334:7 › ajuste de existencia de un lote › un ajuste con motivo cambia la cantidad del lote y queda su asiento junto al de alta, en Postgres (31.0s)
[WebServer]  GET /login 200 in 248ms (next.js: 37ms, proxy.ts: 8ms, application-code: 203ms)
[WebServer]  POST /pedidos?pageSize=25&sort=createdAt%3Adesc 200 in 382ms (next.js: 26ms, proxy.ts: 28ms, application-code: 327ms)
[WebServer]   └─ ƒ createOrderAction({"status":"idle"}, {}) in 298ms lib/modules/pedidos/adapters/driving/order-actions.ts
[WebServer]  POST /pedidos?pageSize=25&sort=createdAt%3Adesc 200 in 156ms (next.js: 26ms, proxy.ts: 20ms, application-code: 110ms)
[WebServer]   └─ ƒ quoteOrderCostAction({"quantity":"1500","recipeId":"e2aeb67a-efc5-4f0e-9ff3-5183de047c7c"}) in 79ms lib/modules/pedidos/adapters/driving/order-actions.ts
[WebServer]  GET /login 200 in 445ms (next.js: 55ms, proxy.ts: 8ms, application-code: 381ms)
[WebServer]  GET /login 200 in 278ms (next.js: 17ms, proxy.ts: 32ms, application-code: 229ms)
[WebServer]  GET /pedidos?pageSize=25&sort=createdAt%3Adesc 200 in 1285ms (next.js: 24ms, proxy.ts: 22ms, application-code: 1239ms)
[WebServer]  POST /pedidos?pageSize=25&sort=createdAt%3Adesc 200 in 311ms (next.js: 187ms, proxy.ts: 23ms, application-code: 102ms)
[WebServer]   └─ ƒ getRecipeAction("e2aeb67a-efc5-4f0e-9ff3-5183de047c7c") in 62ms lib/modules/recetas/adapters/driving/recipe-actions.ts
[WebServer] [browser] Encountered two children with the same key, `1`. Keys should be unique so that components maintain their identity across updates. Non-unique keys may cause children to be duplicated and/or omitted — the behavior is unsupported and could change in a future version. 
[WebServer]  POST /pedidos?pageSize=25&sort=createdAt%3Adesc 200 in 1850ms (next.js: 84ms, proxy.ts: 17ms, application-code: 1749ms)
[WebServer]   └─ ƒ getRecipeAction("e2aeb67a-efc5-4f0e-9ff3-5183de047c7c") in 304ms lib/modules/recetas/adapters/driving/recipe-actions.ts
[WebServer]  GET /inventario?pageSize=25&q=qc141_e2e_6ccb1d8266b24a9e8b549b30d0a1ac07_producto 200 in 2.8s (next.js: 124ms, proxy.ts: 13ms, application-code: 2.6s)
[WebServer]  GET /asignacion 200 in 3.6s (next.js: 26ms, proxy.ts: 17ms, application-code: 3.6s)
[WebServer]  POST /login 200 in 4.1s (next.js: 24ms, proxy.ts: 25ms, application-code: 4.1s)
[WebServer]   └─ ƒ loginAction({"status":"idle"}, {}) in 231ms lib/modules/identity/adapters/driving/login-action.ts
[WebServer]  GET /dashboard 200 in 1367ms (next.js: 169ms, proxy.ts: 123ms, application-code: 1075ms)
[WebServer]  GET /dashboard 200 in 1116ms (next.js: 137ms, proxy.ts: 54ms, application-code: 925ms)
[WebServer]  GET /dashboard 200 in 1139ms (next.js: 259ms, proxy.ts: 83ms, application-code: 797ms)
[WebServer]  POST /login 200 in 3.8s (next.js: 758ms, proxy.ts: 56ms, application-code: 3.0s)
[WebServer]   └─ ƒ loginAction({"status":"idle"}, {}) in 1101ms lib/modules/identity/adapters/driving/login-action.ts
[WebServer]  POST /login 200 in 2.6s (next.js: 62ms, proxy.ts: 99ms, application-code: 2.4s)
[WebServer]   └─ ƒ loginAction({"status":"idle"}, {}) in 720ms lib/modules/identity/adapters/driving/login-action.ts
[WebServer]  POST /login 200 in 2.5s (next.js: 161ms, proxy.ts: 18ms, application-code: 2.3s)
[WebServer]   └─ ƒ loginAction({"status":"idle"}, {}) in 641ms lib/modules/identity/adapters/driving/login-action.ts
[WebServer]  GET /pedidos?pageSize=25&sort=createdAt%3Adesc 200 in 2.2s (next.js: 170ms, proxy.ts: 126ms, application-code: 1946ms)
[WebServer]  POST /pedidos?pageSize=25&sort=createdAt%3Adesc 200 in 746ms (next.js: 53ms, proxy.ts: 633ms, application-code: 59ms)
[WebServer] ⨯ Error: aborted
[WebServer]     at ignore-listed frames
[WebServer]  GET /pedidos?pageSize=25&sort=createdAt%3Adesc 200 in 3.8s (next.js: 29ms, proxy.ts: 19ms, application-code: 3.7s)
[WebServer]  GET /pedidos 200 in 3.2s (next.js: 65ms, proxy.ts: 609ms, application-code: 2.5s)
[WebServer]  GET /pedidos 200 in 3.2s (next.js: 76ms, proxy.ts: 609ms, application-code: 2.5s)
[WebServer]  GET /pedidos 200 in 3.2s (next.js: 90ms, proxy.ts: 608ms, application-code: 2.5s)
[WebServer]  GET /asignacion/57be8f82-ea83-40f6-87bc-9fb3c7058e82 200 in 3.6s (next.js: 1302ms, proxy.ts: 611ms, application-code: 1680ms)
[WebServer]  GET /asignacion?entregado=2026-0808755 200 in 1865ms (next.js: 67ms, proxy.ts: 499ms, application-code: 1298ms)
[WebServer]  POST /asignacion/526659ce-16a5-49f0-bc00-5385ab511334 200 in 5.7s (next.js: 204ms, proxy.ts: 102ms, application-code: 5.4s)
[WebServer]   └─ ƒ finishAssignedOrderAction({"status":"success"}, {}) in 2923ms lib/modules/asignaciones/adapters/driving/order-execution-actions.ts
[WebServer]  POST /pedidos?pageSize=25&sort=createdAt%3Adesc 200 in 538ms (next.js: 217ms, proxy.ts: 48ms, application-code: 273ms)
[WebServer]   └─ ƒ getRecipeAction("e2aeb67a-efc5-4f0e-9ff3-5183de047c7c") in 147ms lib/modules/recetas/adapters/driving/recipe-actions.ts
[WebServer]  POST /pedidos?pageSize=25&sort=createdAt%3Adesc 200 in 265ms (next.js: 61ms, proxy.ts: 50ms, application-code: 154ms)
[WebServer]   └─ ƒ getRecipeAction("e2aeb67a-efc5-4f0e-9ff3-5183de047c7c") in 90ms lib/modules/recetas/adapters/driving/recipe-actions.ts
[WebServer]  POST /pedidos?pageSize=25&sort=createdAt%3Adesc 200 in 134ms (next.js: 36ms, proxy.ts: 20ms, application-code: 77ms)
[WebServer]   └─ ƒ getRecipeAction("e2aeb67a-efc5-4f0e-9ff3-5183de047c7c") in 56ms lib/modules/recetas/adapters/driving/recipe-actions.ts
[WebServer]  POST /pedidos?pageSize=25&sort=createdAt%3Adesc 200 in 258ms (next.js: 16ms, proxy.ts: 9ms, application-code: 233ms)
[WebServer]   └─ ƒ getRecipeAction("e2aeb67a-efc5-4f0e-9ff3-5183de047c7c") in 46ms lib/modules/recetas/adapters/driving/recipe-actions.ts
[WebServer]  POST /pedidos?pageSize=25&sort=createdAt%3Adesc 200 in 415ms (next.js: 120ms, proxy.ts: 39ms, application-code: 255ms)
[WebServer]   └─ ƒ cancelOrderAction({"status":"idle"}, {}) in 213ms lib/modules/pedidos/adapters/driving/order-actions.ts
[WebServer]  GET /asignacion/57be8f82-ea83-40f6-87bc-9fb3c7058e82 200 in 677ms (next.js: 88ms, proxy.ts: 23ms, application-code: 565ms)
  ✓  24 [webkit] › e2e\ejecucion-receta.spec.ts:431:7 › la ejecucion de la receta de un pedido asignado › R29 - el Operador entra, ve su pedido asignado, lo abre, el pedido queda EN_CURSO en base, recorre los pasos hasta Finalizar y el pedido queda ENTREGADO en base (34.1s)
[WebServer]  POST /pedidos 200 in 291ms (next.js: 45ms, proxy.ts: 55ms, application-code: 191ms)
[WebServer]   └─ ƒ getRecipeAction("6245a5b7-3485-4555-884d-fe062e9ec4a4") in 91ms lib/modules/recetas/adapters/driving/recipe-actions.ts
[WebServer]  POST /pedidos 200 in 401ms (next.js: 134ms, proxy.ts: 76ms, application-code: 191ms)
[WebServer]   └─ ƒ getRecipeAction("fb922354-ab98-49f1-bfef-cfaac4a163f5") in 80ms lib/modules/recetas/adapters/driving/recipe-actions.ts
[WebServer]  POST /pedidos 200 in 311ms (next.js: 97ms, proxy.ts: 54ms, application-code: 160ms)
[WebServer]   └─ ƒ getRecipeAction("c68e0154-0850-4861-b054-56b196ba0d18") in 52ms lib/modules/recetas/adapters/driving/recipe-actions.ts
[WebServer]  POST /pedidos 200 in 374ms (next.js: 98ms, proxy.ts: 75ms, application-code: 200ms)
[WebServer]   └─ ƒ getRecipeAction("c68e0154-0850-4861-b054-56b196ba0d18") in 107ms lib/modules/recetas/adapters/driving/recipe-actions.ts
[WebServer]  POST /pedidos 200 in 369ms (next.js: 130ms, proxy.ts: 84ms, application-code: 155ms)
[WebServer]   └─ ƒ getRecipeAction("6245a5b7-3485-4555-884d-fe062e9ec4a4") in 76ms lib/modules/recetas/adapters/driving/recipe-actions.ts
[WebServer]  POST /pedidos 200 in 317ms (next.js: 143ms, proxy.ts: 50ms, application-code: 124ms)
[WebServer]   └─ ƒ getRecipeAction("fb922354-ab98-49f1-bfef-cfaac4a163f5") in 50ms lib/modules/recetas/adapters/driving/recipe-actions.ts
  ✓  26 [webkit] › e2e\ejecucion-receta.spec.ts:499:7 › la ejecucion de la receta de un pedido asignado › R9 - recargar la pantalla de un pedido ya EN_CURSO la vuelve a mostrar sin error y sin mover el estado (18.9s)
[WebServer]  GET /pedidos?pageSize=25&sort=createdAt%3Adesc 200 in 2.0s (next.js: 27ms, proxy.ts: 17ms, application-code: 1994ms)
[WebServer]  POST /pedidos?page=1&pageSize=10&q=qc122_e2e_sin_coincidencias 200 in 1131ms (next.js: 75ms, proxy.ts: 220ms, application-code: 835ms)
[WebServer]   └─ ƒ getRecipeAction("53b01310-3661-4b32-b42a-a5141d9d6087") in 350ms lib/modules/recetas/adapters/driving/recipe-actions.ts
[WebServer]  POST /pedidos?page=1&pageSize=10&q=acido+citrico 200 in 1552ms (next.js: 201ms, proxy.ts: 112ms, application-code: 1239ms)
[WebServer]   └─ ƒ getRecipeAction("4245c20a-eddb-47b8-b5a7-988e45368553") in 298ms lib/modules/recetas/adapters/driving/recipe-actions.ts
[WebServer]  POST /pedidos?page=1&pageSize=10&q=sosa 200 in 1560ms (next.js: 189ms, proxy.ts: 108ms, application-code: 1263ms)
[WebServer]   └─ ƒ getRecipeAction("98e68657-e557-4bbc-8280-3a46ad80d001") in 330ms lib/modules/recetas/adapters/driving/recipe-actions.ts
[WebServer]  GET /pedidos?page=1&pageSize=10&q=qc122_e2e_sin_coincidencias 200 in 2.8s (next.js: 85ms, proxy.ts: 60ms, application-code: 2.7s)
[WebServer]  GET /login 200 in 1850ms (next.js: 88ms, proxy.ts: 51ms, application-code: 1711ms)
[WebServer]  POST /pedidos?page=1&pageSize=10&q=qc122_e2e_sin_coincidencias 200 in 1517ms (next.js: 584ms, proxy.ts: 225ms, application-code: 709ms)
[WebServer]   └─ ƒ getRecipeAction("254897c4-bd35-49e1-8047-6f369540417c") in 441ms lib/modules/recetas/adapters/driving/recipe-actions.ts
[WebServer]  GET /pedidos?page=1&pageSize=10&q=acido+citrico 200 in 2.9s (next.js: 74ms, proxy.ts: 176ms, application-code: 2.6s)
[WebServer]  GET /pedidos?page=1&pageSize=10&q=sosa 200 in 2.8s (next.js: 135ms, proxy.ts: 170ms, application-code: 2.5s)
[WebServer]  GET /inventario?pageSize=25&q=qc141_e2e_6ccb1d8266b24a9e8b549b30d0a1ac07_producto 200 in 2.1s (next.js: 236ms, proxy.ts: 107ms, application-code: 1767ms)
[WebServer]  POST /pedidos?page=1&pageSize=10&q=acido+citrico 200 in 597ms (next.js: 276ms, proxy.ts: 42ms, application-code: 279ms)
[WebServer]   └─ ƒ getRecipeAction("ba68973c-4a9e-4424-9634-163e4ae3388f") in 98ms lib/modules/recetas/adapters/driving/recipe-actions.ts
[WebServer]  POST /pedidos?page=1&pageSize=10&q=sosa 200 in 602ms (next.js: 257ms, proxy.ts: 43ms, application-code: 302ms)
[WebServer]   └─ ƒ getRecipeAction("b17523c1-4e90-4990-a31e-d00fd5c1e010") in 122ms lib/modules/recetas/adapters/driving/recipe-actions.ts
[WebServer]  GET /login 200 in 1505ms (next.js: 849ms, proxy.ts: 41ms, application-code: 614ms)
[WebServer]  POST /pedidos?page=1&pageSize=10&q=qc122_e2e_sin_coincidencias 200 in 487ms (next.js: 97ms, proxy.ts: 37ms, application-code: 352ms)
[WebServer]   └─ ƒ getRecipeAction("254897c4-bd35-49e1-8047-6f369540417c") in 144ms lib/modules/recetas/adapters/driving/recipe-actions.ts
[WebServer]  POST /pedidos?page=1&pageSize=10&q=sosa 200 in 488ms (next.js: 105ms, proxy.ts: 86ms, application-code: 298ms)
[WebServer]   └─ ƒ getRecipeAction("b17523c1-4e90-4990-a31e-d00fd5c1e010") in 137ms lib/modules/recetas/adapters/driving/recipe-actions.ts
[WebServer]  POST /pedidos?page=1&pageSize=10&q=acido+citrico 200 in 483ms (next.js: 140ms, proxy.ts: 84ms, application-code: 260ms)
[WebServer]   └─ ƒ getRecipeAction("ba68973c-4a9e-4424-9634-163e4ae3388f") in 112ms lib/modules/recetas/adapters/driving/recipe-actions.ts
[WebServer]  POST /pedidos?page=1&pageSize=10&q=qc122_e2e_sin_coincidencias 200 in 424ms (next.js: 100ms, proxy.ts: 42ms, application-code: 282ms)
[WebServer]   └─ ƒ getRecipeAction("254897c4-bd35-49e1-8047-6f369540417c") in 98ms lib/modules/recetas/adapters/driving/recipe-actions.ts
[WebServer]  POST /pedidos?page=1&pageSize=10&q=sosa 200 in 383ms (next.js: 66ms, proxy.ts: 43ms, application-code: 274ms)
[WebServer]   └─ ƒ getRecipeAction("b17523c1-4e90-4990-a31e-d00fd5c1e010") in 98ms lib/modules/recetas/adapters/driving/recipe-actions.ts
[WebServer]  POST /pedidos?page=1&pageSize=10&q=acido+citrico 200 in 421ms (next.js: 131ms, proxy.ts: 41ms, application-code: 249ms)
[WebServer]   └─ ƒ getRecipeAction("ba68973c-4a9e-4424-9634-163e4ae3388f") in 126ms lib/modules/recetas/adapters/driving/recipe-actions.ts
  ✓  27 [webkit] › e2e\pedidos-busqueda.spec.ts:246:7 › busqueda en la pantalla de pedidos › escribir un termino recorta la lista a lo que devuelve la consulta, y la URL lleva `q` (R25 a) (21.6s)
[WebServer]  POST /pedidos?page=1&pageSize=10&q=qc122_e2e_sin_coincidencias 200 in 1683ms (next.js: 84ms, proxy.ts: 47ms, application-code: 1553ms)
[WebServer]   └─ ƒ getRecipeAction("254897c4-bd35-49e1-8047-6f369540417c") in 197ms lib/modules/recetas/adapters/driving/recipe-actions.ts
[WebServer]  POST /pedidos?page=1&pageSize=10&q=sosa 200 in 1883ms (next.js: 237ms, proxy.ts: 38ms, application-code: 1609ms)
[WebServer]   └─ ƒ getRecipeAction("b17523c1-4e90-4990-a31e-d00fd5c1e010") in 1266ms lib/modules/recetas/adapters/driving/recipe-actions.ts
[WebServer]  GET /pedidos?pageSize=25&sort=createdAt%3Adesc 200 in 2.5s (next.js: 80ms, proxy.ts: 48ms, application-code: 2.4s)
[WebServer]  GET /login 200 in 1192ms (next.js: 122ms, proxy.ts: 13ms, application-code: 1057ms)
[WebServer]  POST /pedidos?page=1&pageSize=10 200 in 711ms (next.js: 87ms, proxy.ts: 177ms, application-code: 446ms)
[WebServer]   └─ ƒ getRecipeAction("254897c4-bd35-49e1-8047-6f369540417c") in 246ms lib/modules/recetas/adapters/driving/recipe-actions.ts
[WebServer]  POST /pedidos?page=2&pageSize=10&q=sosa 200 in 564ms (next.js: 204ms, proxy.ts: 63ms, application-code: 297ms)
[WebServer]   └─ ƒ getRecipeAction("b17523c1-4e90-4990-a31e-d00fd5c1e010") in 184ms lib/modules/recetas/adapters/driving/recipe-actions.ts
[WebServer]  GET /pedidos?page=1&pageSize=10 200 in 2.9s (next.js: 1299ms, proxy.ts: 78ms, application-code: 1476ms)
[WebServer]  POST /pedidos?page=1&pageSize=10 200 in 267ms (next.js: 64ms, proxy.ts: 59ms, application-code: 144ms)
[WebServer]   └─ ƒ getRecipeAction("254897c4-bd35-49e1-8047-6f369540417c") in 78ms lib/modules/recetas/adapters/driving/recipe-actions.ts
[WebServer]  GET /pedidos?page=2&pageSize=10&q=sosa 200 in 1567ms (next.js: 331ms, proxy.ts: 36ms, application-code: 1200ms)
[WebServer]  POST /pedidos?page=2&pageSize=10&q=sosa 200 in 276ms (next.js: 48ms, proxy.ts: 70ms, application-code: 158ms)
[WebServer]   └─ ƒ getRecipeAction("b17523c1-4e90-4990-a31e-d00fd5c1e010") in 45ms lib/modules/recetas/adapters/driving/recipe-actions.ts
[WebServer]  POST /pedidos?page=2&pageSize=10&q=sosa 200 in 302ms (next.js: 45ms, proxy.ts: 44ms, application-code: 213ms)
[WebServer]   └─ ƒ getRecipeAction("b17523c1-4e90-4990-a31e-d00fd5c1e010") in 123ms lib/modules/recetas/adapters/driving/recipe-actions.ts
[WebServer]  POST /pedidos?page=1&pageSize=10 200 in 372ms (next.js: 105ms, proxy.ts: 46ms, application-code: 222ms)
[WebServer]   └─ ƒ getRecipeAction("254897c4-bd35-49e1-8047-6f369540417c") in 86ms lib/modules/recetas/adapters/driving/recipe-actions.ts
[WebServer]  POST /pedidos?page=1&pageSize=10 200 in 447ms (next.js: 99ms, proxy.ts: 104ms, application-code: 243ms)
[WebServer]   └─ ƒ getRecipeAction("fb922354-ab98-49f1-bfef-cfaac4a163f5") in 185ms lib/modules/recetas/adapters/driving/recipe-actions.ts
[WebServer]  POST /pedidos?page=2&pageSize=10&q=sosa 200 in 455ms (next.js: 180ms, proxy.ts: 90ms, application-code: 184ms)
[WebServer]   └─ ƒ getRecipeAction("6245a5b7-3485-4555-884d-fe062e9ec4a4") in 146ms lib/modules/recetas/adapters/driving/recipe-actions.ts
[WebServer]  POST /pedidos?pageSize=25&sort=createdAt%3Adesc 200 in 461ms (next.js: 202ms, proxy.ts: 52ms, application-code: 207ms)
[WebServer]   └─ ƒ getRecipeAction("e2aeb67a-efc5-4f0e-9ff3-5183de047c7c") in 58ms lib/modules/recetas/adapters/driving/recipe-actions.ts
[WebServer]  POST /pedidos?page=1&pageSize=10 200 in 357ms (next.js: 56ms, proxy.ts: 39ms, application-code: 263ms)
[WebServer]   └─ ƒ getRecipeAction("fb922354-ab98-49f1-bfef-cfaac4a163f5") in 158ms lib/modules/recetas/adapters/driving/recipe-actions.ts
[WebServer]  POST /pedidos?page=2&pageSize=10&q=sosa 200 in 403ms (next.js: 51ms, proxy.ts: 58ms, application-code: 294ms)
[WebServer]   └─ ƒ getRecipeAction("6245a5b7-3485-4555-884d-fe062e9ec4a4") in 125ms lib/modules/recetas/adapters/driving/recipe-actions.ts
[WebServer]  POST /pedidos?pageSize=25&sort=createdAt%3Adesc 200 in 394ms (next.js: 104ms, proxy.ts: 42ms, application-code: 247ms)
[WebServer]   └─ ƒ getRecipeAction("e2aeb67a-efc5-4f0e-9ff3-5183de047c7c") in 181ms lib/modules/recetas/adapters/driving/recipe-actions.ts
[WebServer]  POST /pedidos?page=2&pageSize=10&q=sosa 200 in 318ms (next.js: 24ms, proxy.ts: 56ms, application-code: 237ms)
[WebServer]   └─ ƒ getRecipeAction("98e68657-e557-4bbc-8280-3a46ad80d001") in 132ms lib/modules/recetas/adapters/driving/recipe-actions.ts
[WebServer]  POST /pedidos?page=1&pageSize=10 200 in 334ms (next.js: 72ms, proxy.ts: 45ms, application-code: 218ms)
[WebServer]   └─ ƒ getRecipeAction("53b01310-3661-4b32-b42a-a5141d9d6087") in 101ms lib/modules/recetas/adapters/driving/recipe-actions.ts
[WebServer]  POST /pedidos?pageSize=25&sort=createdAt%3Adesc 200 in 561ms (next.js: 47ms, proxy.ts: 75ms, application-code: 438ms)
[WebServer]   └─ ƒ getRecipeAction("e2aeb67a-efc5-4f0e-9ff3-5183de047c7c") in 90ms lib/modules/recetas/adapters/driving/recipe-actions.ts
[WebServer]  POST /pedidos?page=2&pageSize=10&q=sosa 200 in 573ms (next.js: 78ms, proxy.ts: 38ms, application-code: 458ms)
[WebServer]   └─ ƒ getRecipeAction("b17523c1-4e90-4990-a31e-d00fd5c1e010") in 270ms lib/modules/recetas/adapters/driving/recipe-actions.ts
[WebServer]  POST /pedidos?page=1&pageSize=10 200 in 556ms (next.js: 82ms, proxy.ts: 48ms, application-code: 426ms)
[WebServer]   └─ ƒ getRecipeAction("254897c4-bd35-49e1-8047-6f369540417c") in 252ms lib/modules/recetas/adapters/driving/recipe-actions.ts
[WebServer] Error: aborted
[WebServer]     at ignore-listed frames {
[WebServer]   code: 'ECONNRESET'
[WebServer] }
[WebServer] ⨯ uncaughtException: Error: aborted
[WebServer]     at ignore-listed frames {
[WebServer]   code: 'ECONNRESET'
[WebServer] }
[WebServer] ⨯ uncaughtException:  Error: aborted
[WebServer]     at ignore-listed frames {
[WebServer]   code: 'ECONNRESET'
[WebServer] }
  ✓  28 [webkit] › e2e\pedidos-busqueda.spec.ts:271:7 › busqueda en la pantalla de pedidos › un termino sin coincidencias muestra el estado propio dentro de la tabla, y limpiar devuelve todo (R25 c) (25.4s)
[WebServer]  POST /pedidos?pageSize=25&sort=createdAt%3Adesc 200 in 737ms (next.js: 57ms, proxy.ts: 230ms, application-code: 450ms)
[WebServer]   └─ ƒ getRecipeAction("e2aeb67a-efc5-4f0e-9ff3-5183de047c7c") in 362ms lib/modules/recetas/adapters/driving/recipe-actions.ts
[WebServer]  POST /pedidos?page=2&pageSize=10&q=sosa 200 in 537ms (next.js: 256ms, proxy.ts: 106ms, application-code: 175ms)
[WebServer]   └─ ƒ getRecipeAction("b17523c1-4e90-4990-a31e-d00fd5c1e010") in 66ms lib/modules/recetas/adapters/driving/recipe-actions.ts
[WebServer]  POST /pedidos?page=2&pageSize=10&q=sosa 200 in 641ms (next.js: 197ms, proxy.ts: 43ms, application-code: 401ms)
[WebServer]   └─ ƒ getRecipeAction("b17523c1-4e90-4990-a31e-d00fd5c1e010") in 106ms lib/modules/recetas/adapters/driving/recipe-actions.ts
[WebServer]  GET /dashboard 200 in 964ms (next.js: 105ms, proxy.ts: 35ms, application-code: 824ms)
[WebServer]  GET /dashboard 200 in 993ms (next.js: 108ms, proxy.ts: 114ms, application-code: 771ms)
[WebServer]  POST /login 200 in 2.1s (next.js: 98ms, proxy.ts: 20ms, application-code: 1980ms)
[WebServer]   └─ ƒ loginAction({"status":"idle"}, {}) in 514ms lib/modules/identity/adapters/driving/login-action.ts
[WebServer]  POST /pedidos?page=2&pageSize=10&q=sosa 200 in 453ms (next.js: 35ms, proxy.ts: 40ms, application-code: 378ms)
[WebServer]   └─ ƒ getRecipeAction("b17523c1-4e90-4990-a31e-d00fd5c1e010") in 124ms lib/modules/recetas/adapters/driving/recipe-actions.ts
[WebServer]  POST /login 200 in 1920ms (next.js: 78ms, proxy.ts: 20ms, application-code: 1823ms)
[WebServer]   └─ ƒ loginAction({"status":"idle"}, {}) in 395ms lib/modules/identity/adapters/driving/login-action.ts
[WebServer]  POST /pedidos?pageSize=25&sort=createdAt%3Adesc 200 in 1506ms (next.js: 44ms, proxy.ts: 35ms, application-code: 1427ms)
[WebServer]   └─ ƒ updateOrderAction("37fc38b6-ced8-4444-9a05-526669eb472e", {"status":"idle"}, {}) in 1282ms lib/modules/pedidos/adapters/driving/order-actions.ts
[WebServer]  POST /pedidos?page=2&pageSize=10&q=sosa 200 in 647ms (next.js: 120ms, proxy.ts: 172ms, application-code: 356ms)
[WebServer]   └─ ƒ getRecipeAction("b17523c1-4e90-4990-a31e-d00fd5c1e010") in 132ms lib/modules/recetas/adapters/driving/recipe-actions.ts
[WebServer]  GET /dashboard 200 in 1177ms (next.js: 112ms, proxy.ts: 88ms, application-code: 977ms)
[WebServer]  GET /login 200 in 881ms (next.js: 156ms, proxy.ts: 25ms, application-code: 700ms)
[WebServer]  POST /pedidos?page=2&pageSize=10&q=sosa 200 in 560ms (next.js: 130ms, proxy.ts: 52ms, application-code: 378ms)
[WebServer]   └─ ƒ getRecipeAction("b17523c1-4e90-4990-a31e-d00fd5c1e010") in 299ms lib/modules/recetas/adapters/driving/recipe-actions.ts
[WebServer]  POST /login 200 in 1919ms (next.js: 69ms, proxy.ts: 57ms, application-code: 1793ms)
[WebServer]   └─ ƒ loginAction({"status":"idle"}, {}) in 328ms lib/modules/identity/adapters/driving/login-action.ts
[WebServer]  POST /pedidos?page=2&pageSize=10&q=sosa 200 in 220ms (next.js: 64ms, proxy.ts: 33ms, application-code: 123ms)
[WebServer]   └─ ƒ getRecipeAction("b17523c1-4e90-4990-a31e-d00fd5c1e010") in 64ms lib/modules/recetas/adapters/driving/recipe-actions.ts
[WebServer]  POST /pedidos?page=2&pageSize=10&q=sosa 200 in 138ms (next.js: 31ms, proxy.ts: 22ms, application-code: 85ms)
[WebServer]   └─ ƒ getRecipeAction("b17523c1-4e90-4990-a31e-d00fd5c1e010") in 30ms lib/modules/recetas/adapters/driving/recipe-actions.ts
[WebServer]  POST /pedidos?page=2&pageSize=10&q=sosa 200 in 192ms (next.js: 53ms, proxy.ts: 14ms, application-code: 125ms)
[WebServer]   └─ ƒ getRecipeAction("b17523c1-4e90-4990-a31e-d00fd5c1e010") in 62ms lib/modules/recetas/adapters/driving/recipe-actions.ts
[WebServer]  GET /pedidos?pageSize=25&sort=createdAt%3Adesc 200 in 1178ms (next.js: 64ms, proxy.ts: 94ms, application-code: 1020ms)
[WebServer]  POST /pedidos?page=2&pageSize=10&q=sosa 200 in 123ms (next.js: 13ms, proxy.ts: 30ms, application-code: 80ms)
[WebServer]   └─ ƒ getRecipeAction("b17523c1-4e90-4990-a31e-d00fd5c1e010") in 28ms lib/modules/recetas/adapters/driving/recipe-actions.ts
[WebServer]  POST /pedidos?page=2&pageSize=10&q=sosa 200 in 1359ms (next.js: 20ms, proxy.ts: 18ms, application-code: 1321ms)
[WebServer]   └─ ƒ getRecipeAction("b17523c1-4e90-4990-a31e-d00fd5c1e010") in 146ms lib/modules/recetas/adapters/driving/recipe-actions.ts
[WebServer]  GET /pedidos?pageSize=25&sort=createdAt%3Adesc 200 in 4.3s (next.js: 30ms, proxy.ts: 14ms, application-code: 4.2s)
[WebServer]  GET /pedidos 200 in 3.8s (next.js: 76ms, proxy.ts: 518ms, application-code: 3.2s)
[WebServer]  GET /pedidos?page=2&pageSize=10&q=sosa 200 in 4.0s (next.js: 45ms, proxy.ts: 530ms, application-code: 3.4s)
[WebServer]  GET /pedidos 200 in 4.0s (next.js: 64ms, proxy.ts: 520ms, application-code: 3.4s)
[WebServer]  GET /pedidos 200 in 4.0s (next.js: 53ms, proxy.ts: 522ms, application-code: 3.4s)
[WebServer]  GET /dashboard 200 in 1732ms (next.js: 138ms, proxy.ts: 496ms, application-code: 1097ms)
[WebServer]  POST /login 200 in 5.0s (next.js: 83ms, proxy.ts: 14ms, application-code: 4.9s)
[WebServer]   └─ ƒ loginAction({"status":"idle"}, {}) in 1962ms lib/modules/identity/adapters/driving/login-action.ts
[WebServer]  POST /pedidos?pageSize=25&sort=createdAt%3Adesc 200 in 1133ms (next.js: 223ms, proxy.ts: 87ms, application-code: 823ms)
[WebServer]   └─ ƒ getRecipeAction("e2aeb67a-efc5-4f0e-9ff3-5183de047c7c") in 658ms lib/modules/recetas/adapters/driving/recipe-actions.ts
[WebServer] ⨯ Error: aborted
[WebServer]     at ignore-listed frames
[WebServer]  GET /inventario?pageSize=25&q=qc141_e2e_6ccb1d8266b24a9e8b549b30d0a1ac07_producto 200 in 1614ms (next.js: 162ms, proxy.ts: 70ms, application-code: 1383ms)
[WebServer]  GET /dashboard 200 in 1206ms (next.js: 286ms, proxy.ts: 425ms, application-code: 495ms)
[WebServer]  POST /pedidos 200 in 1589ms (next.js: 113ms, proxy.ts: 214ms, application-code: 1261ms)
[WebServer]   └─ ƒ getRecipeAction("8c7c5c26-4dbd-4da7-bb69-153e6f163e6c") in 532ms lib/modules/recetas/adapters/driving/recipe-actions.ts
[WebServer]  GET /login 200 in 2.5s (next.js: 800ms, proxy.ts: 52ms, application-code: 1652ms)
[WebServer]  POST /pedidos 200 in 1585ms (next.js: 212ms, proxy.ts: 96ms, application-code: 1278ms)
[WebServer]   └─ ƒ getRecipeAction("954f25a4-1926-4b6d-9c73-c778e63ad5d4") in 866ms lib/modules/recetas/adapters/driving/recipe-actions.ts
[WebServer]  GET /pedidos?page=2&pageSize=10&q=sosa 200 in 2.7s (next.js: 14ms, proxy.ts: 10ms, application-code: 2.7s)
[WebServer]  GET /pedidos 200 in 2.4s (next.js: 138ms, proxy.ts: 210ms, application-code: 2.0s)
[WebServer]  POST /pedidos?page=1&pageSize=10&q=acido+citrico 200 in 577ms (next.js: 200ms, proxy.ts: 110ms, application-code: 267ms)
[WebServer]   └─ ƒ getRecipeAction("954f25a4-1926-4b6d-9c73-c778e63ad5d4") in 168ms lib/modules/recetas/adapters/driving/recipe-actions.ts
[WebServer]  POST /pedidos 200 in 573ms (next.js: 204ms, proxy.ts: 123ms, application-code: 246ms)
[WebServer]   └─ ƒ listRecipesAction({"page":1,"pageSize":25,"search":"qc151_e2e_d4e1e00892634e639aa7172009b66260_receta"}) in 146ms lib/modules/recetas/adapters/driving/recipe-actions.ts
[WebServer]  POST /pedidos?page=1&pageSize=10&q=qc122_e2e_sin_coincidencias 200 in 597ms (next.js: 255ms, proxy.ts: 118ms, application-code: 225ms)
[WebServer]   └─ ƒ getRecipeAction("8c7c5c26-4dbd-4da7-bb69-153e6f163e6c") in 151ms lib/modules/recetas/adapters/driving/recipe-actions.ts
  ✓  29 [webkit] › e2e\pedidos-busqueda.spec.ts:294:7 › busqueda en la pantalla de pedidos › el termino sobrevive a cambiar de pagina, al panel lateral, a recargar y a Atras (R25 d, R9, R26) (38.8s)
[WebServer]  GET /pedidos?page=1&pageSize=10&q=acido+citrico 200 in 2.7s (next.js: 306ms, proxy.ts: 765ms, application-code: 1667ms)
[WebServer]  GET /pedidos?page=1&pageSize=10&q=qc122_e2e_sin_coincidencias 200 in 2.8s (next.js: 224ms, proxy.ts: 798ms, application-code: 1754ms)
[WebServer]  POST /pedidos?page=1&pageSize=10&q=acido+citrico 200 in 566ms (next.js: 104ms, proxy.ts: 107ms, application-code: 354ms)
[WebServer]   └─ ƒ getRecipeAction("953511a1-f814-46b1-9c27-8e6950dd0117") in 274ms lib/modules/recetas/adapters/driving/recipe-actions.ts
[WebServer]  POST /pedidos?page=1&pageSize=10&q=qc122_e2e_sin_coincidencias 200 in 556ms (next.js: 129ms, proxy.ts: 97ms, application-code: 330ms)
[WebServer]   └─ ƒ getRecipeAction("cd581edb-e21e-47c2-a624-5eaa322eb849") in 263ms lib/modules/recetas/adapters/driving/recipe-actions.ts
[WebServer]  POST /pedidos?page=1&pageSize=10&q=acido+citrico 200 in 369ms (next.js: 49ms, proxy.ts: 28ms, application-code: 292ms)
[WebServer]   └─ ƒ getRecipeAction("a6bf0b10-6f87-41df-9e8c-2f1eef03c9d6") in 213ms lib/modules/recetas/adapters/driving/recipe-actions.ts
[WebServer]  POST /pedidos?page=1&pageSize=10&q=qc122_e2e_sin_coincidencias 200 in 390ms (next.js: 43ms, proxy.ts: 35ms, application-code: 312ms)
[WebServer]   └─ ƒ getRecipeAction("75e46402-0889-4750-8b0a-70904ee81655") in 237ms lib/modules/recetas/adapters/driving/recipe-actions.ts
[WebServer]  POST /pedidos?page=1&pageSize=10&q=acido+citrico 200 in 365ms (next.js: 32ms, proxy.ts: 36ms, application-code: 296ms)
[WebServer]   └─ ƒ getRecipeAction("a6bf0b10-6f87-41df-9e8c-2f1eef03c9d6") in 67ms lib/modules/recetas/adapters/driving/recipe-actions.ts
[WebServer]  POST /pedidos?page=1&pageSize=10&q=qc122_e2e_sin_coincidencias 200 in 383ms (next.js: 50ms, proxy.ts: 35ms, application-code: 298ms)
[WebServer]   └─ ƒ getRecipeAction("75e46402-0889-4750-8b0a-70904ee81655") in 62ms lib/modules/recetas/adapters/driving/recipe-actions.ts
[WebServer]  GET /asignacion 200 in 918ms (next.js: 69ms, proxy.ts: 31ms, application-code: 818ms)
[WebServer]  POST /pedidos?page=1&pageSize=10&q=acido+citrico 200 in 269ms (next.js: 48ms, proxy.ts: 41ms, application-code: 180ms)
[WebServer]   └─ ƒ getRecipeAction("a6bf0b10-6f87-41df-9e8c-2f1eef03c9d6") in 80ms lib/modules/recetas/adapters/driving/recipe-actions.ts
[WebServer]  POST /pedidos?page=1&pageSize=10&q=qc122_e2e_sin_coincidencias 200 in 285ms (next.js: 64ms, proxy.ts: 36ms, application-code: 184ms)
[WebServer]   └─ ƒ getRecipeAction("75e46402-0889-4750-8b0a-70904ee81655") in 56ms lib/modules/recetas/adapters/driving/recipe-actions.ts
[WebServer]  POST /login 200 in 1650ms (next.js: 85ms, proxy.ts: 69ms, application-code: 1495ms)
[WebServer]   └─ ƒ loginAction({"status":"idle"}, {}) in 373ms lib/modules/identity/adapters/driving/login-action.ts
[WebServer]  POST /pedidos?page=1&pageSize=10&q=acido+citrico 200 in 360ms (next.js: 38ms, proxy.ts: 38ms, application-code: 284ms)
[WebServer]   └─ ƒ getRecipeAction("a6bf0b10-6f87-41df-9e8c-2f1eef03c9d6") in 134ms lib/modules/recetas/adapters/driving/recipe-actions.ts
[WebServer]  POST /pedidos?page=1&pageSize=10&q=qc122_e2e_sin_coincidencias 200 in 421ms (next.js: 124ms, proxy.ts: 26ms, application-code: 272ms)
[WebServer]   └─ ƒ getRecipeAction("75e46402-0889-4750-8b0a-70904ee81655") in 108ms lib/modules/recetas/adapters/driving/recipe-actions.ts
[WebServer]  POST /pedidos 200 in 844ms (next.js: 133ms, proxy.ts: 27ms, application-code: 683ms)
[WebServer]   └─ ƒ getRecipeAction("54ba88d1-d9bd-4243-b451-d783e5be10b8") in 410ms lib/modules/recetas/adapters/driving/recipe-actions.ts
[WebServer]  POST /pedidos?page=1&pageSize=10&q=qc122_e2e_sin_coincidencias 200 in 824ms (next.js: 228ms, proxy.ts: 60ms, application-code: 537ms)
[WebServer]   └─ ƒ getRecipeAction("75e46402-0889-4750-8b0a-70904ee81655") in 240ms lib/modules/recetas/adapters/driving/recipe-actions.ts
[WebServer]  POST /pedidos?page=1&pageSize=10&q=sosa 200 in 909ms (next.js: 183ms, proxy.ts: 83ms, application-code: 642ms)
[WebServer]   └─ ƒ getRecipeAction("a6bf0b10-6f87-41df-9e8c-2f1eef03c9d6") in 394ms lib/modules/recetas/adapters/driving/recipe-actions.ts
[WebServer]  GET /login 200 in 1088ms (next.js: 244ms, proxy.ts: 70ms, application-code: 774ms)
[WebServer]  POST /pedidos 200 in 1029ms (next.js: 338ms, proxy.ts: 114ms, application-code: 577ms)
[WebServer]   └─ ƒ quoteOrderCostAction({"quantity":"5000","recipeId":"54ba88d1-d9bd-4243-b451-d783e5be10b8"}) in 401ms lib/modules/pedidos/adapters/driving/order-actions.ts
[WebServer]  GET /pedidos?page=1&pageSize=10&q=sosa 200 in 1912ms (next.js: 85ms, proxy.ts: 74ms, application-code: 1754ms)
[WebServer]  POST /pedidos?page=1&pageSize=10 200 in 459ms (next.js: 55ms, proxy.ts: 71ms, application-code: 334ms)
[WebServer]   └─ ƒ getRecipeAction("75e46402-0889-4750-8b0a-70904ee81655") in 227ms lib/modules/recetas/adapters/driving/recipe-actions.ts
[WebServer]  POST /pedidos?page=1&pageSize=10&q=sosa 200 in 458ms (next.js: 132ms, proxy.ts: 78ms, application-code: 248ms)
[WebServer]   └─ ƒ getRecipeAction("a6bf0b10-6f87-41df-9e8c-2f1eef03c9d6") in 139ms lib/modules/recetas/adapters/driving/recipe-actions.ts
[WebServer]  GET /pedidos?page=1&pageSize=10 200 in 1606ms (next.js: 220ms, proxy.ts: 69ms, application-code: 1317ms)
[WebServer]  POST /pedidos?page=1&pageSize=10 200 in 536ms (next.js: 182ms, proxy.ts: 33ms, application-code: 320ms)
[WebServer]   └─ ƒ getRecipeAction("75e46402-0889-4750-8b0a-70904ee81655") in 178ms lib/modules/recetas/adapters/driving/recipe-actions.ts
[WebServer]  POST /pedidos?page=1&pageSize=10&q=sosa 200 in 525ms (next.js: 200ms, proxy.ts: 28ms, application-code: 297ms)
[WebServer]   └─ ƒ getRecipeAction("a6bf0b10-6f87-41df-9e8c-2f1eef03c9d6") in 167ms lib/modules/recetas/adapters/driving/recipe-actions.ts
[WebServer]  GET /asignacion/37fc38b6-ced8-4444-9a05-526669eb472e 200 in 1597ms (next.js: 348ms, proxy.ts: 248ms, application-code: 1001ms)
[WebServer]  POST /pedidos?page=1&pageSize=10 200 in 261ms (next.js: 42ms, proxy.ts: 42ms, application-code: 177ms)
[WebServer]   └─ ƒ getRecipeAction("8c7c5c26-4dbd-4da7-bb69-153e6f163e6c") in 118ms lib/modules/recetas/adapters/driving/recipe-actions.ts
[WebServer]  POST /pedidos?page=1&pageSize=10&q=sosa 200 in 261ms (next.js: 61ms, proxy.ts: 45ms, application-code: 155ms)
[WebServer]   └─ ƒ getRecipeAction("954f25a4-1926-4b6d-9c73-c778e63ad5d4") in 100ms lib/modules/recetas/adapters/driving/recipe-actions.ts
[WebServer]  POST /pedidos?page=1&pageSize=10 200 in 176ms (next.js: 29ms, proxy.ts: 27ms, application-code: 120ms)
[WebServer]   └─ ƒ getRecipeAction("8c7c5c26-4dbd-4da7-bb69-153e6f163e6c") in 86ms lib/modules/recetas/adapters/driving/recipe-actions.ts
[WebServer]  POST /pedidos?page=1&pageSize=10&q=sosa 200 in 181ms (next.js: 56ms, proxy.ts: 28ms, application-code: 97ms)
[WebServer]   └─ ƒ getRecipeAction("954f25a4-1926-4b6d-9c73-c778e63ad5d4") in 71ms lib/modules/recetas/adapters/driving/recipe-actions.ts
[WebServer] [browser] Encountered two children with the same key, `0`. Keys should be unique so that components maintain their identity across updates. Non-unique keys may cause children to be duplicated and/or omitted — the behavior is unsupported and could change in a future version. 
[WebServer]  POST /pedidos?page=1&pageSize=10&q=sosa 200 in 272ms (next.js: 22ms, proxy.ts: 23ms, application-code: 227ms)
[WebServer]   └─ ƒ getRecipeAction("953511a1-f814-46b1-9c27-8e6950dd0117") in 117ms lib/modules/recetas/adapters/driving/recipe-actions.ts
[WebServer]  POST /pedidos?page=1&pageSize=10 200 in 283ms (next.js: 46ms, proxy.ts: 23ms, application-code: 214ms)
[WebServer]   └─ ƒ getRecipeAction("cd581edb-e21e-47c2-a624-5eaa322eb849") in 128ms lib/modules/recetas/adapters/driving/recipe-actions.ts
[WebServer] [browser] Encountered two children with the same key, `0`. Keys should be unique so that components maintain their identity across updates. Non-unique keys may cause children to be duplicated and/or omitted — the behavior is unsupported and could change in a future version. 
[WebServer]  POST /pedidos?page=1&pageSize=10&q=sosa 200 in 352ms (next.js: 88ms, proxy.ts: 86ms, application-code: 179ms)
[WebServer]   └─ ƒ getRecipeAction("a6bf0b10-6f87-41df-9e8c-2f1eef03c9d6") in 88ms lib/modules/recetas/adapters/driving/recipe-actions.ts
[WebServer]  POST /pedidos?page=1&pageSize=10 200 in 269ms (next.js: 70ms, proxy.ts: 54ms, application-code: 146ms)
[WebServer]   └─ ƒ getRecipeAction("75e46402-0889-4750-8b0a-70904ee81655") in 58ms lib/modules/recetas/adapters/driving/recipe-actions.ts
[WebServer]  POST /pedidos 200 in 488ms (next.js: 40ms, proxy.ts: 31ms, application-code: 417ms)
[WebServer]   └─ ƒ quoteOrderCostAction({"quantity":"5001","recipeId":"54ba88d1-d9bd-4243-b451-d783e5be10b8"}) in 300ms lib/modules/pedidos/adapters/driving/order-actions.ts
[WebServer]  POST /pedidos?page=1&pageSize=10&q=sosa 200 in 260ms (next.js: 64ms, proxy.ts: 19ms, application-code: 177ms)
[WebServer]   └─ ƒ getRecipeAction("a6bf0b10-6f87-41df-9e8c-2f1eef03c9d6") in 73ms lib/modules/recetas/adapters/driving/recipe-actions.ts
[WebServer]  POST /pedidos?page=1&pageSize=10 200 in 240ms (next.js: 43ms, proxy.ts: 50ms, application-code: 147ms)
[WebServer]   └─ ƒ getRecipeAction("75e46402-0889-4750-8b0a-70904ee81655") in 76ms lib/modules/recetas/adapters/driving/recipe-actions.ts
[WebServer]  POST /pedidos 200 in 190ms (next.js: 44ms, proxy.ts: 38ms, application-code: 108ms)
[WebServer]   └─ ƒ listRecipesAction({"page":1,"pageSize":25,"search":"qc151_e2e_2988e64237da463a9e0036fc982076b3_r59_receta"}) in 59ms lib/modules/recetas/adapters/driving/recipe-actions.ts
[WebServer]  POST /pedidos?page=1&pageSize=10&q=acido+citrico 200 in 117ms (next.js: 34ms, proxy.ts: 15ms, application-code: 67ms)
[WebServer]   └─ ƒ getRecipeAction("a6bf0b10-6f87-41df-9e8c-2f1eef03c9d6") in 33ms lib/modules/recetas/adapters/driving/recipe-actions.ts
[WebServer]  POST /pedidos?page=1&pageSize=10&q=acido+citrico 200 in 65ms (next.js: 13ms, proxy.ts: 11ms, application-code: 40ms)
[WebServer]   └─ ƒ getRecipeAction("a6bf0b10-6f87-41df-9e8c-2f1eef03c9d6") in 22ms lib/modules/recetas/adapters/driving/recipe-actions.ts
[WebServer]  POST /pedidos?page=1&pageSize=10&q=qc122_e2e_sin_coincidencias 200 in 173ms (next.js: 47ms, proxy.ts: 21ms, application-code: 105ms)
[WebServer]   └─ ƒ getRecipeAction("75e46402-0889-4750-8b0a-70904ee81655") in 73ms lib/modules/recetas/adapters/driving/recipe-actions.ts
[WebServer]  POST /pedidos?page=1&pageSize=10&q=acido+citrico 200 in 183ms (next.js: 71ms, proxy.ts: 27ms, application-code: 85ms)
[WebServer]   └─ ƒ getRecipeAction("a6bf0b10-6f87-41df-9e8c-2f1eef03c9d6") in 57ms lib/modules/recetas/adapters/driving/recipe-actions.ts
[WebServer]  POST /pedidos?page=1&pageSize=10&q=qc122_e2e_sin_coincidencias 200 in 115ms (next.js: 16ms, proxy.ts: 12ms, application-code: 87ms)
[WebServer]   └─ ƒ getRecipeAction("75e46402-0889-4750-8b0a-70904ee81655") in 24ms lib/modules/recetas/adapters/driving/recipe-actions.ts
[WebServer]  POST /pedidos?page=1&pageSize=10&q=acido+citrico 200 in 137ms (next.js: 18ms, proxy.ts: 35ms, application-code: 84ms)
[WebServer]   └─ ƒ getRecipeAction("a6bf0b10-6f87-41df-9e8c-2f1eef03c9d6") in 32ms lib/modules/recetas/adapters/driving/recipe-actions.ts
[WebServer]  POST /pedidos?page=1&pageSize=10&q=qc122_e2e_sin_coincidencias 200 in 233ms (next.js: 66ms, proxy.ts: 19ms, application-code: 148ms)
[WebServer]   └─ ƒ getRecipeAction("75e46402-0889-4750-8b0a-70904ee81655") in 74ms lib/modules/recetas/adapters/driving/recipe-actions.ts
[WebServer]  POST /pedidos 200 in 310ms (next.js: 68ms, proxy.ts: 16ms, application-code: 226ms)
[WebServer]   └─ ƒ quoteOrderCostAction({"quantity":"20000","recipeId":"54ba88d1-d9bd-4243-b451-d783e5be10b8"}) in 178ms lib/modules/pedidos/adapters/driving/order-actions.ts
[WebServer]  POST /pedidos?page=1&pageSize=10&q=acido+citrico 200 in 243ms (next.js: 35ms, proxy.ts: 139ms, application-code: 69ms)
[WebServer]   └─ ƒ getRecipeAction("a6bf0b10-6f87-41df-9e8c-2f1eef03c9d6") in 35ms lib/modules/recetas/adapters/driving/recipe-actions.ts
[WebServer]  POST /pedidos?page=1&pageSize=10&q=acido+citrico 200 in 99ms (next.js: 12ms, proxy.ts: 11ms, application-code: 77ms)
[WebServer]   └─ ƒ getRecipeAction("a6bf0b10-6f87-41df-9e8c-2f1eef03c9d6") in 43ms lib/modules/recetas/adapters/driving/recipe-actions.ts
[WebServer]  POST /pedidos?page=1&pageSize=10&q=acido+citrico 200 in 64ms (next.js: 10ms, proxy.ts: 9ms, application-code: 46ms)
[WebServer]   └─ ƒ getRecipeAction("a6bf0b10-6f87-41df-9e8c-2f1eef03c9d6") in 28ms lib/modules/recetas/adapters/driving/recipe-actions.ts
[WebServer]  POST /pedidos?page=1&pageSize=10&q=acido+citrico 200 in 84ms (next.js: 11ms, proxy.ts: 11ms, application-code: 61ms)
[WebServer]   └─ ƒ getRecipeAction("a6bf0b10-6f87-41df-9e8c-2f1eef03c9d6") in 40ms lib/modules/recetas/adapters/driving/recipe-actions.ts
  ✓  31 [webkit] › e2e\pedidos-busqueda.spec.ts:397:7 › busqueda en la pantalla de pedidos › Atras despues de Limpiar deja la caja y la lista con el termino de antes de limpiar (R27) (28.8s)
[WebServer]  POST /pedidos?page=1&pageSize=10&q=acido+citrico 200 in 419ms (next.js: 58ms, proxy.ts: 41ms, application-code: 320ms)
[WebServer]   └─ ƒ getRecipeAction("a6bf0b10-6f87-41df-9e8c-2f1eef03c9d6") in 293ms lib/modules/recetas/adapters/driving/recipe-actions.ts
[WebServer]  POST /pedidos 200 in 439ms (next.js: 13ms, proxy.ts: 10ms, application-code: 416ms)
[WebServer]   └─ ƒ getRecipeAction("18faa12f-3492-4cf9-91d8-c7f3a4172d4f") in 69ms lib/modules/recetas/adapters/driving/recipe-actions.ts
  ✓  30 [webkit] › e2e\pedidos-busqueda.spec.ts:361:7 › busqueda en la pantalla de pedidos › Atras entre dos terminos distintos deja la caja con el termino de la URL (R27) (30.8s)
[WebServer]  POST /pedidos 200 in 298ms (next.js: 13ms, proxy.ts: 103ms, application-code: 182ms)
[WebServer]   └─ ƒ quoteOrderCostAction({"quantity":"5001","recipeId":"54ba88d1-d9bd-4243-b451-d783e5be10b8"}) in 64ms lib/modules/pedidos/adapters/driving/order-actions.ts
[WebServer]  GET /asignacion 200 in 323ms (next.js: 28ms, proxy.ts: 16ms, application-code: 278ms)
[WebServer]  POST /login 200 in 835ms (next.js: 79ms, proxy.ts: 22ms, application-code: 735ms)
[WebServer]   └─ ƒ loginAction({"status":"idle"}, {}) in 304ms lib/modules/identity/adapters/driving/login-action.ts
[WebServer]  POST /pedidos 200 in 155ms (next.js: 28ms, proxy.ts: 20ms, application-code: 107ms)
[WebServer]   └─ ƒ quoteOrderCostAction({"quantity":"30","recipeId":"18faa12f-3492-4cf9-91d8-c7f3a4172d4f"}) in 65ms lib/modules/pedidos/adapters/driving/order-actions.ts
  ✓  33 [webkit] › e2e\pedidos-cotizacion.spec.ts:452:7 › cotizacion del coste en el pedido (QC-151) › R59: el promedio simple de todos los lotes con disponible cotiza el ejemplo de D22 (21.7s)
[WebServer]  GET /login 200 in 233ms (next.js: 7ms, proxy.ts: 5ms, application-code: 221ms)
  ✓  34 [webkit] › e2e\pedidos-terminados.spec.ts:442:7 › QC-145 — los tres roles en /asignacion y el cierre de /pedidos › el Operador aterriza en «Mis asignados» y no ve ninguna pestaña ni las otras vistas (R28) (7.4s)
[WebServer]  GET /login 200 in 277ms (next.js: 8ms, proxy.ts: 8ms, application-code: 261ms)
[WebServer]  POST /pedidos 200 in 202ms (next.js: 17ms, proxy.ts: 109ms, application-code: 76ms)
[WebServer]   └─ ƒ listPresentationsAction({"page":1,"pageSize":25}) in 20ms lib/modules/inventario/adapters/driving/presentation-actions.ts
[WebServer]  GET /login 200 in 326ms (next.js: 22ms, proxy.ts: 13ms, application-code: 292ms)
[WebServer]  POST /pedidos 200 in 292ms (next.js: 46ms, proxy.ts: 92ms, application-code: 154ms)
[WebServer]   └─ ƒ listPresentationsAction({"page":1,"pageSize":25,"search":"qc151_e2e_d4e1e00892634e639aa7172009b66260_presentacion"}) in 28ms lib/modules/inventario/adapters/driving/presentation-actions.ts
[WebServer]  GET /login 200 in 307ms (next.js: 49ms, proxy.ts: 39ms, application-code: 219ms)
[WebServer]  GET /asignacion?entregado=2026-0000002 200 in 835ms (next.js: 27ms, proxy.ts: 15ms, application-code: 792ms)
[WebServer]  POST /asignacion/37fc38b6-ced8-4444-9a05-526669eb472e 200 in 1522ms (next.js: 125ms, proxy.ts: 16ms, application-code: 1380ms)
[WebServer]   └─ ƒ finishAssignedOrderAction({"status":"success"}, {}) in 477ms lib/modules/asignaciones/adapters/driving/order-execution-actions.ts
[WebServer]  GET /asignacion 200 in 2.4s (next.js: 23ms, proxy.ts: 19ms, application-code: 2.4s)
[WebServer]  GET /inventario?pageSize=25&q=qc141_e2e_6ccb1d8266b24a9e8b549b30d0a1ac07_producto 200 in 2.1s (next.js: 21ms, proxy.ts: 25ms, application-code: 2.1s)
[WebServer]  POST /login 200 in 3.2s (next.js: 33ms, proxy.ts: 23ms, application-code: 3.1s)
[WebServer]   └─ ƒ loginAction({"status":"idle"}, {}) in 220ms lib/modules/identity/adapters/driving/login-action.ts
[WebServer]  POST /pedidos 200 in 2.1s (next.js: 267ms, proxy.ts: 447ms, application-code: 1384ms)
[WebServer]   └─ ƒ createOrderAction({"status":"idle"}, {}) in 1280ms lib/modules/pedidos/adapters/driving/order-actions.ts
[WebServer]  GET /dashboard 200 in 1090ms (next.js: 135ms, proxy.ts: 49ms, application-code: 906ms)
[WebServer]  GET /dashboard 200 in 1017ms (next.js: 176ms, proxy.ts: 215ms, application-code: 626ms)
[WebServer]  POST /login 200 in 2.5s (next.js: 104ms, proxy.ts: 445ms, application-code: 1995ms)
[WebServer]   └─ ƒ loginAction({"status":"idle"}, {}) in 625ms lib/modules/identity/adapters/driving/login-action.ts
[WebServer]  POST /login 200 in 2.3s (next.js: 219ms, proxy.ts: 23ms, application-code: 2.1s)
[WebServer]   └─ ƒ loginAction({"status":"idle"}, {}) in 537ms lib/modules/identity/adapters/driving/login-action.ts
[WebServer]  POST /inventario?pageSize=25&q=qc141_e2e_6ccb1d8266b24a9e8b549b30d0a1ac07_producto 200 in 993ms (next.js: 90ms, proxy.ts: 134ms, application-code: 769ms)
[WebServer]   └─ ƒ listProductBatchesAction("385437b1-caaa-4df8-a05f-e1e09411f6be") in 592ms lib/modules/inventario/adapters/driving/batch-actions.ts
[WebServer]  GET /dashboard 200 in 1519ms (next.js: 233ms, proxy.ts: 54ms, application-code: 1232ms)
[WebServer]  POST /login 200 in 2.3s (next.js: 67ms, proxy.ts: 35ms, application-code: 2.2s)
[WebServer]   └─ ƒ loginAction({"status":"idle"}, {}) in 406ms lib/modules/identity/adapters/driving/login-action.ts
[WebServer]  POST /inventario?pageSize=25&q=qc141_e2e_6ccb1d8266b24a9e8b549b30d0a1ac07_producto 200 in 607ms (next.js: 129ms, proxy.ts: 141ms, application-code: 337ms)
[WebServer]   └─ ƒ listBatchMovementsAction("a2ebd331-d9a9-42d2-a1ff-d1b0d837d719") in 247ms lib/modules/inventario/adapters/driving/batch-actions.ts
[WebServer]  GET /pedidos 200 in 1835ms (next.js: 337ms, proxy.ts: 47ms, application-code: 1451ms)
[WebServer]  GET /asignacion?vista=terminados 200 in 354ms (next.js: 12ms, proxy.ts: 13ms, application-code: 330ms)
  ✓  20 [chromium] › e2e\reserva-de-material.spec.ts:465:7 › reserva de material del pedido › R48 - dos pedidos compiten por el mismo lote, cancelar libera, reeditar vuelve a apartar y entregar consume (1.8m)
  ✓  35 [webkit] › e2e\pedidos-terminados.spec.ts:458:7 › QC-145 — los tres roles en /asignacion y el cierre de /pedidos › el Empacador ve «Terminados» con el pedido ajeno, su fecha y sus responsables, el «sin fecha» al final, y no ve «Todos» (R28, R30) (10.7s)
[WebServer] Error: aborted
[WebServer]     at ignore-listed frames {
[WebServer]   code: 'ECONNRESET'
[WebServer] }
[WebServer] ⨯ uncaughtException: Error: aborted
[WebServer]     at ignore-listed frames {
[WebServer]   code: 'ECONNRESET'
[WebServer] }
[WebServer] ⨯ uncaughtException:  Error: aborted
[WebServer]     at ignore-listed frames {
[WebServer]   code: 'ECONNRESET'
[WebServer] }
  ✓  32 [webkit] › e2e\pedidos-cotizacion.spec.ts:378:7 › cotizacion del coste en el pedido (QC-151) › el bloque de coste cotiza con cada cantidad, guarda el mismo importe y lo reabre sin teclear nada (38.4s)
[WebServer]  GET /pedidos?pageSize=25&sort=createdAt%3Adesc 200 in 3.4s (next.js: 21ms, proxy.ts: 12ms, application-code: 3.3s)
[WebServer]  GET /asignacion 200 in 3.5s (next.js: 1294ms, proxy.ts: 155ms, application-code: 2.0s)
[WebServer]  GET /pedidos?pageSize=25&sort=createdAt%3Adesc 200 in 3.3s (next.js: 165ms, proxy.ts: 1249ms, application-code: 1908ms)
[WebServer]  GET /login 200 in 1564ms (next.js: 967ms, proxy.ts: 78ms, application-code: 519ms)
[WebServer]  GET /login 200 in 618ms (next.js: 156ms, proxy.ts: 49ms, application-code: 413ms)
[WebServer]  POST /pedidos?pageSize=25&sort=createdAt%3Adesc 200 in 122ms (next.js: 17ms, proxy.ts: 14ms, application-code: 92ms)
[WebServer]   └─ ƒ getRecipeAction("be59e21e-c29f-4a9a-b0c1-f30c98d99876") in 26ms lib/modules/recetas/adapters/driving/recipe-actions.ts
[WebServer]  POST /pedidos?pageSize=25&sort=createdAt%3Adesc 200 in 83ms (next.js: 11ms, proxy.ts: 13ms, application-code: 58ms)
[WebServer]   └─ ƒ getRecipeAction("be59e21e-c29f-4a9a-b0c1-f30c98d99876") in 22ms lib/modules/recetas/adapters/driving/recipe-actions.ts
[WebServer]  POST /pedidos?pageSize=25&sort=createdAt%3Adesc 200 in 79ms (next.js: 17ms, proxy.ts: 12ms, application-code: 50ms)
[WebServer]   └─ ƒ getRecipeAction("be59e21e-c29f-4a9a-b0c1-f30c98d99876") in 26ms lib/modules/recetas/adapters/driving/recipe-actions.ts
[WebServer]  POST /pedidos?pageSize=25&sort=createdAt%3Adesc 200 in 75ms (next.js: 27ms, proxy.ts: 10ms, application-code: 38ms)
[WebServer]   └─ ƒ getRecipeAction("be59e21e-c29f-4a9a-b0c1-f30c98d99876") in 14ms lib/modules/recetas/adapters/driving/recipe-actions.ts
[WebServer]  POST /pedidos?pageSize=25&sort=createdAt%3Adesc 200 in 41ms (next.js: 6ms, proxy.ts: 7ms, application-code: 28ms)
[WebServer]   └─ ƒ getRecipeAction("be59e21e-c29f-4a9a-b0c1-f30c98d99876") in 14ms lib/modules/recetas/adapters/driving/recipe-actions.ts
[WebServer]  POST /pedidos?pageSize=25&sort=createdAt%3Adesc 200 in 48ms (next.js: 7ms, proxy.ts: 11ms, application-code: 30ms)
[WebServer]   └─ ƒ getRecipeAction("be59e21e-c29f-4a9a-b0c1-f30c98d99876") in 15ms lib/modules/recetas/adapters/driving/recipe-actions.ts
[WebServer]  POST /pedidos?pageSize=25&sort=createdAt%3Adesc 200 in 82ms (next.js: 11ms, proxy.ts: 13ms, application-code: 58ms)
[WebServer]   └─ ƒ getRecipeAction("be59e21e-c29f-4a9a-b0c1-f30c98d99876") in 17ms lib/modules/recetas/adapters/driving/recipe-actions.ts
[WebServer]  POST /pedidos?pageSize=25&sort=createdAt%3Adesc 200 in 692ms (next.js: 28ms, proxy.ts: 200ms, application-code: 464ms)
[WebServer]   └─ ƒ getRecipeAction("be59e21e-c29f-4a9a-b0c1-f30c98d99876") in 262ms lib/modules/recetas/adapters/driving/recipe-actions.ts
[WebServer]  POST /pedidos?pageSize=25&sort=createdAt%3Adesc 200 in 417ms (next.js: 132ms, proxy.ts: 25ms, application-code: 259ms)
[WebServer]   └─ ƒ getRecipeAction("be59e21e-c29f-4a9a-b0c1-f30c98d99876") in 57ms lib/modules/recetas/adapters/driving/recipe-actions.ts
[WebServer]  GET /asignacion?page=1&pageSize=10&vista=todos&status=ENTREGADO 200 in 940ms (next.js: 62ms, proxy.ts: 25ms, application-code: 853ms)
[WebServer]  GET /dashboard 200 in 496ms (next.js: 42ms, proxy.ts: 17ms, application-code: 436ms)
[WebServer]  POST /pedidos?pageSize=25&sort=createdAt%3Adesc 200 in 177ms (next.js: 14ms, proxy.ts: 34ms, application-code: 129ms)
[WebServer]   └─ ƒ getRecipeAction("be59e21e-c29f-4a9a-b0c1-f30c98d99876") in 53ms lib/modules/recetas/adapters/driving/recipe-actions.ts
[WebServer]  POST /login 200 in 1304ms (next.js: 18ms, proxy.ts: 15ms, application-code: 1272ms)
[WebServer]   └─ ƒ loginAction({"status":"idle"}, {}) in 488ms lib/modules/identity/adapters/driving/login-action.ts
[WebServer]  POST /pedidos?pageSize=25&sort=createdAt%3Adesc 200 in 168ms (next.js: 44ms, proxy.ts: 17ms, application-code: 108ms)
[WebServer]   └─ ƒ listRecipesAction({"page":1,"pageSize":25,"search":"qc35_e2e_receta_5d540988b8e84b1e884eb1f2cfb059c6"}) in 54ms lib/modules/recetas/adapters/driving/recipe-actions.ts
[WebServer]  GET /asignacion 200 in 519ms (next.js: 23ms, proxy.ts: 39ms, application-code: 458ms)
[WebServer]  POST /login 200 in 1220ms (next.js: 31ms, proxy.ts: 17ms, application-code: 1172ms)
[WebServer]   └─ ƒ loginAction({"status":"idle"}, {}) in 444ms lib/modules/identity/adapters/driving/login-action.ts
  ✓  37 [webkit] › e2e\pedidos-terminados.spec.ts:621:7 › QC-145 — los tres roles en /asignacion y el cierre de /pedidos › en «Pedidos», el panel de edicion del Administrador no ofrece estado y el selector de responsables no ofrece a otro Administrador (R7, R32) (18.6s)
[WebServer]  GET /asignacion/5e0959b5-2363-4203-839e-ad70cc1228f2 200 in 1606ms (next.js: 45ms, proxy.ts: 7ms, application-code: 1555ms)
[WebServer]  GET /pedidos 404 in 1543ms (next.js: 121ms, proxy.ts: 50ms, application-code: 1371ms)
[WebServer]  POST /pedidos?pageSize=25&sort=createdAt%3Adesc 200 in 1142ms (next.js: 541ms, proxy.ts: 467ms, application-code: 134ms)
[WebServer]   └─ ƒ getRecipeAction("405e4bb8-a0b4-4244-9d69-7a21860f931c") in 42ms lib/modules/recetas/adapters/driving/recipe-actions.ts
[WebServer]  GET /pedidos?pageSize=25&sort=createdAt%3Adesc 200 in 1486ms (next.js: 113ms, proxy.ts: 16ms, application-code: 1356ms)
[WebServer] [browser] Encountered a script tag while rendering React component. Scripts inside React components are never executed when rendering on the client. Consider using template tag instead (https://developer.mozilla.org/en-US/docs/Web/HTML/Element/template). 
[WebServer]  POST /pedidos?pageSize=25&sort=createdAt%3Adesc 200 in 85ms (next.js: 14ms, proxy.ts: 9ms, application-code: 62ms)
[WebServer]   └─ ƒ listPresentationsAction({"page":1,"pageSize":25}) in 41ms lib/modules/inventario/adapters/driving/presentation-actions.ts
  ✓  36 [webkit] › e2e\pedidos-terminados.spec.ts:525:7 › QC-145 — los tres roles en /asignacion y el cierre de /pedidos › el Administrador ve solo «Todos» con los cuatro estados; filtrar por Entregado trae la fecha y el orden de terminados; sin entrada a ejecucion; `/asignacion/<id>` de un pedido no asignado dice "no encontrado" (R28, R35) (20.2s)
[WebServer]  POST /pedidos?pageSize=25&sort=createdAt%3Adesc 200 in 54ms (next.js: 8ms, proxy.ts: 6ms, application-code: 40ms)
[WebServer]   └─ ƒ listPresentationsAction({"page":1,"pageSize":25,"search":"qc35_e2e_presentacion_5d540988b8e84b1e884eb1f2cfb059c6"}) in 23ms lib/modules/inventario/adapters/driving/presentation-actions.ts
  ✓  40 [webkit] › e2e\pedidos.spec.ts:494:7 › pantalla de pedidos › un usuario sin pedidos.consultar recibe 404 dentro del layout privado y no ve ningun dato de pedidos (R49) (9.6s)
[WebServer]  POST /pedidos?pageSize=25&sort=createdAt%3Adesc 200 in 36ms (next.js: 7ms, proxy.ts: 7ms, application-code: 21ms)
[WebServer]   └─ ƒ quoteOrderCostAction({"quantity":"12.5","recipeId":"405e4bb8-a0b4-4244-9d69-7a21860f931c"}) in 7ms lib/modules/pedidos/adapters/driving/order-actions.ts
[WebServer]  POST /pedidos?pageSize=25&sort=createdAt%3Adesc 200 in 46ms (next.js: 5ms, proxy.ts: 5ms, application-code: 36ms)
[WebServer]   └─ ƒ listRecipesAction({"page":1,"pageSize":25,"search":"qc141_e2e_c49bc94fc6084868a3c830ca24c5eec3_receta"}) in 16ms lib/modules/recetas/adapters/driving/recipe-actions.ts
[WebServer]  POST /pedidos?pageSize=25&sort=createdAt%3Adesc 200 in 71ms (next.js: 9ms, proxy.ts: 8ms, application-code: 54ms)
[WebServer]   └─ ƒ createOrderAction({"status":"idle"}, {}) in 35ms lib/modules/pedidos/adapters/driving/order-actions.ts
[WebServer]  GET /pedidos?pageSize=25&sort=createdAt%3Adesc 200 in 296ms (next.js: 10ms, proxy.ts: 8ms, application-code: 278ms)
[WebServer]  POST /pedidos?pageSize=25&sort=createdAt%3Adesc 200 in 47ms (next.js: 5ms, proxy.ts: 6ms, application-code: 37ms)
[WebServer]   └─ ƒ getRecipeAction("4d140933-e7e6-4bdc-8215-e132460569e4") in 23ms lib/modules/recetas/adapters/driving/recipe-actions.ts
[WebServer]  POST /pedidos?pageSize=25&sort=createdAt%3Adesc 200 in 38ms (next.js: 5ms, proxy.ts: 10ms, application-code: 23ms)
[WebServer]   └─ ƒ listPresentationsAction({"page":1,"pageSize":25}) in 10ms lib/modules/inventario/adapters/driving/presentation-actions.ts
[WebServer]  POST /pedidos?pageSize=25&sort=createdAt%3Adesc 200 in 40ms (next.js: 5ms, proxy.ts: 6ms, application-code: 29ms)
[WebServer]   └─ ƒ getRecipeAction("405e4bb8-a0b4-4244-9d69-7a21860f931c") in 20ms lib/modules/recetas/adapters/driving/recipe-actions.ts
[WebServer]  POST /pedidos?pageSize=25&sort=createdAt%3Adesc 200 in 33ms (next.js: 7ms, proxy.ts: 5ms, application-code: 22ms)
[WebServer]   └─ ƒ getRecipeAction("405e4bb8-a0b4-4244-9d69-7a21860f931c") in 12ms lib/modules/recetas/adapters/driving/recipe-actions.ts
[WebServer]  POST /pedidos?pageSize=25&sort=createdAt%3Adesc 200 in 40ms (next.js: 4ms, proxy.ts: 5ms, application-code: 32ms)
[WebServer]   └─ ƒ listPresentationsAction({"page":1,"pageSize":25,"search":"qc141_e2e_c49bc94fc6084868a3c830ca24c5eec3_presentacion"}) in 22ms lib/modules/inventario/adapters/driving/presentation-actions.ts
[WebServer]  POST /pedidos?pageSize=25&sort=createdAt%3Adesc 200 in 69ms (next.js: 18ms, proxy.ts: 18ms, application-code: 33ms)
[WebServer]   └─ ƒ quoteOrderCostAction({"quantity":"1500","recipeId":"4d140933-e7e6-4bdc-8215-e132460569e4"}) in 21ms lib/modules/pedidos/adapters/driving/order-actions.ts
[WebServer]  POST /pedidos?pageSize=25&sort=createdAt%3Adesc 200 in 80ms (next.js: 11ms, proxy.ts: 18ms, application-code: 50ms)
[WebServer]   └─ ƒ cancelOrderAction({"status":"idle"}, {}) in 41ms lib/modules/pedidos/adapters/driving/order-actions.ts
[WebServer]  GET /pedidos?pageSize=25&sort=createdAt%3Adesc 200 in 248ms (next.js: 6ms, proxy.ts: 4ms, application-code: 238ms)
[WebServer]  POST /pedidos?pageSize=25&sort=createdAt%3Adesc 200 in 69ms (next.js: 5ms, proxy.ts: 8ms, application-code: 57ms)
[WebServer]   └─ ƒ createOrderAction({"status":"idle"}, {}) in 45ms lib/modules/pedidos/adapters/driving/order-actions.ts
[WebServer]  GET /pedidos?pageSize=25&sort=createdAt%3Adesc 200 in 270ms (next.js: 9ms, proxy.ts: 5ms, application-code: 256ms)
  ✓  38 [webkit] › e2e\pedidos.spec.ts:369:7 › pantalla de pedidos › el Administrador entra, da de alta un pedido, lo ve por su correlativo y lo cancela con motivo (R48, R29) (25.6s)
[WebServer] ⨯ Error: aborted
[WebServer]     at ignore-listed frames {
[WebServer]   code: 'ECONNRESET',
[WebServer]   digest: '2830014120'
[WebServer] }
[WebServer]  GET /inventario?pageSize=25&q=qc141_e2e_c49bc94fc6084868a3c830ca24c5eec3_producto 200 in 676ms (next.js: 4ms, proxy.ts: 4ms, application-code: 667ms)
[WebServer]  GET /pedidos?pageSize=25&sort=createdAt%3Adesc 200 in 1006ms (next.js: 11ms, proxy.ts: 8ms, application-code: 987ms)
[WebServer]  GET /pedidos?pageSize=25&sort=createdAt%3Adesc 200 in 870ms (next.js: 5ms, proxy.ts: 4ms, application-code: 861ms)
[WebServer]  POST /pedidos?pageSize=25&sort=createdAt%3Adesc 200 in 36ms (next.js: 6ms, proxy.ts: 5ms, application-code: 26ms)
[WebServer]   └─ ƒ getRecipeAction("4d140933-e7e6-4bdc-8215-e132460569e4") in 16ms lib/modules/recetas/adapters/driving/recipe-actions.ts
[WebServer]  POST /pedidos?pageSize=25&sort=createdAt%3Adesc 200 in 35ms (next.js: 5ms, proxy.ts: 9ms, application-code: 22ms)
[WebServer]   └─ ƒ getRecipeAction("4d140933-e7e6-4bdc-8215-e132460569e4") in 11ms lib/modules/recetas/adapters/driving/recipe-actions.ts
[WebServer]  POST /pedidos?pageSize=25&sort=createdAt%3Adesc 200 in 33ms (next.js: 6ms, proxy.ts: 10ms, application-code: 17ms)
[WebServer]   └─ ƒ listRecipesAction({"page":1,"pageSize":25,"search":"qc141_e2e_c49bc94fc6084868a3c830ca24c5eec3_receta"}) in 9ms lib/modules/recetas/adapters/driving/recipe-actions.ts
[WebServer]  POST /pedidos?pageSize=25&sort=createdAt%3Adesc 200 in 27ms (next.js: 5ms, proxy.ts: 5ms, application-code: 17ms)
[WebServer]   └─ ƒ getRecipeAction("4d140933-e7e6-4bdc-8215-e132460569e4") in 8ms lib/modules/recetas/adapters/driving/recipe-actions.ts
[WebServer]  POST /pedidos?pageSize=25&sort=createdAt%3Adesc 200 in 51ms (next.js: 5ms, proxy.ts: 7ms, application-code: 39ms)
[WebServer]   └─ ƒ listPresentationsAction({"page":1,"pageSize":25}) in 28ms lib/modules/inventario/adapters/driving/presentation-actions.ts
[WebServer]  POST /pedidos?pageSize=25&sort=createdAt%3Adesc 200 in 32ms (next.js: 4ms, proxy.ts: 5ms, application-code: 22ms)
[WebServer]   └─ ƒ listPresentationsAction({"page":1,"pageSize":25,"search":"qc141_e2e_c49bc94fc6084868a3c830ca24c5eec3_presentacion"}) in 14ms lib/modules/inventario/adapters/driving/presentation-actions.ts
[WebServer]  POST /pedidos?pageSize=25&sort=createdAt%3Adesc 200 in 84ms (next.js: 4ms, proxy.ts: 5ms, application-code: 76ms)
[WebServer]   └─ ƒ createOrderAction({"status":"idle"}, {}) in 69ms lib/modules/pedidos/adapters/driving/order-actions.ts
[WebServer]  POST /pedidos?pageSize=25&sort=createdAt%3Adesc 200 in 38ms (next.js: 10ms, proxy.ts: 4ms, application-code: 23ms)
[WebServer]   └─ ƒ quoteOrderCostAction({"quantity":"1500","recipeId":"4d140933-e7e6-4bdc-8215-e132460569e4"}) in 14ms lib/modules/pedidos/adapters/driving/order-actions.ts
[WebServer]  GET /pedidos?pageSize=25&sort=createdAt%3Adesc 200 in 274ms (next.js: 5ms, proxy.ts: 4ms, application-code: 264ms)
[WebServer]  POST /pedidos?pageSize=25&sort=createdAt%3Adesc 200 in 17ms (next.js: 4ms, proxy.ts: 5ms, application-code: 8ms)
[WebServer]  GET /inventario?pageSize=25&q=qc141_e2e_c49bc94fc6084868a3c830ca24c5eec3_producto 200 in 512ms (next.js: 4ms, proxy.ts: 5ms, application-code: 504ms)
[WebServer]  GET /pedidos?pageSize=25&sort=createdAt%3Adesc 200 in 860ms (next.js: 4ms, proxy.ts: 4ms, application-code: 852ms)
[WebServer]  GET /pedidos?pageSize=25&sort=createdAt%3Adesc 200 in 856ms (next.js: 4ms, proxy.ts: 4ms, application-code: 849ms)
[WebServer]  POST /pedidos?pageSize=25&sort=createdAt%3Adesc 200 in 51ms (next.js: 6ms, proxy.ts: 5ms, application-code: 41ms)
[WebServer]   └─ ƒ getRecipeAction("4d140933-e7e6-4bdc-8215-e132460569e4") in 29ms lib/modules/recetas/adapters/driving/recipe-actions.ts
[WebServer]  POST /pedidos?pageSize=25&sort=createdAt%3Adesc 200 in 34ms (next.js: 6ms, proxy.ts: 5ms, application-code: 23ms)
[WebServer]   └─ ƒ getRecipeAction("4d140933-e7e6-4bdc-8215-e132460569e4") in 15ms lib/modules/recetas/adapters/driving/recipe-actions.ts
[WebServer]  POST /pedidos?pageSize=25&sort=createdAt%3Adesc 200 in 27ms (next.js: 4ms, proxy.ts: 5ms, application-code: 17ms)
[WebServer]   └─ ƒ getRecipeAction("4d140933-e7e6-4bdc-8215-e132460569e4") in 8ms lib/modules/recetas/adapters/driving/recipe-actions.ts
[WebServer]  POST /pedidos?pageSize=25&sort=createdAt%3Adesc 200 in 39ms (next.js: 4ms, proxy.ts: 4ms, application-code: 31ms)
[WebServer]   └─ ƒ getRecipeAction("4d140933-e7e6-4bdc-8215-e132460569e4") in 23ms lib/modules/recetas/adapters/driving/recipe-actions.ts
[WebServer]  POST /pedidos?pageSize=25&sort=createdAt%3Adesc 200 in 38ms (next.js: 5ms, proxy.ts: 6ms, application-code: 27ms)
[WebServer]   └─ ƒ cancelOrderAction({"status":"idle"}, {}) in 19ms lib/modules/pedidos/adapters/driving/order-actions.ts
[WebServer]  GET /pedidos?pageSize=25&sort=createdAt%3Adesc 200 in 218ms (next.js: 5ms, proxy.ts: 5ms, application-code: 208ms)
[WebServer]  GET /inventario?pageSize=25&q=qc141_e2e_c49bc94fc6084868a3c830ca24c5eec3_producto 200 in 581ms (next.js: 4ms, proxy.ts: 4ms, application-code: 573ms)
[WebServer]  GET /pedidos?pageSize=25&sort=createdAt%3Adesc 200 in 848ms (next.js: 8ms, proxy.ts: 5ms, application-code: 836ms)
[WebServer]  POST /pedidos?pageSize=25&sort=createdAt%3Adesc 200 in 32ms (next.js: 6ms, proxy.ts: 5ms, application-code: 21ms)
[WebServer]   └─ ƒ getRecipeAction("4d140933-e7e6-4bdc-8215-e132460569e4") in 12ms lib/modules/recetas/adapters/driving/recipe-actions.ts
[WebServer]  POST /pedidos?pageSize=25&sort=createdAt%3Adesc 200 in 37ms (next.js: 5ms, proxy.ts: 5ms, application-code: 27ms)
[WebServer]   └─ ƒ getRecipeAction("4d140933-e7e6-4bdc-8215-e132460569e4") in 12ms lib/modules/recetas/adapters/driving/recipe-actions.ts
[WebServer]  POST /pedidos?pageSize=25&sort=createdAt%3Adesc 200 in 28ms (next.js: 5ms, proxy.ts: 5ms, application-code: 18ms)
[WebServer]   └─ ƒ getRecipeAction("4d140933-e7e6-4bdc-8215-e132460569e4") in 10ms lib/modules/recetas/adapters/driving/recipe-actions.ts
[WebServer]  POST /pedidos?pageSize=25&sort=createdAt%3Adesc 200 in 36ms (next.js: 5ms, proxy.ts: 5ms, application-code: 27ms)
[WebServer]   └─ ƒ getRecipeAction("4d140933-e7e6-4bdc-8215-e132460569e4") in 19ms lib/modules/recetas/adapters/driving/recipe-actions.ts
[WebServer]  POST /pedidos?pageSize=25&sort=createdAt%3Adesc 200 in 82ms (next.js: 7ms, proxy.ts: 5ms, application-code: 70ms)
[WebServer]   └─ ƒ updateOrderAction("d3daaca0-f088-46c8-806d-b738eebae6ca", {"status":"idle"}, {}) in 58ms lib/modules/pedidos/adapters/driving/order-actions.ts
[WebServer]  GET /pedidos?pageSize=25&sort=createdAt%3Adesc 200 in 208ms (next.js: 5ms, proxy.ts: 4ms, application-code: 199ms)
[WebServer]  GET /pedidos?pageSize=25&sort=createdAt%3Adesc 200 in 817ms (next.js: 4ms, proxy.ts: 4ms, application-code: 809ms)
[WebServer]  GET /inventario?pageSize=25&q=qc141_e2e_c49bc94fc6084868a3c830ca24c5eec3_producto 200 in 624ms (next.js: 4ms, proxy.ts: 5ms, application-code: 614ms)
[WebServer]  GET /login 200 in 80ms (next.js: 4ms, proxy.ts: 4ms, application-code: 71ms)
[WebServer]  GET /asignacion 200 in 135ms (next.js: 5ms, proxy.ts: 4ms, application-code: 126ms)
[WebServer]  POST /login 200 in 268ms (next.js: 4ms, proxy.ts: 6ms, application-code: 258ms)
[WebServer]   └─ ƒ loginAction({"status":"idle"}, {}) in 104ms lib/modules/identity/adapters/driving/login-action.ts
[WebServer]  GET /asignacion/d3daaca0-f088-46c8-806d-b738eebae6ca 200 in 132ms (next.js: 24ms, proxy.ts: 4ms, application-code: 105ms)
[WebServer] [browser] Encountered two children with the same key, `0`. Keys should be unique so that components maintain their identity across updates. Non-unique keys may cause children to be duplicated and/or omitted — the behavior is unsupported and could change in a future version. 
[WebServer] [browser] Encountered two children with the same key, `0`. Keys should be unique so that components maintain their identity across updates. Non-unique keys may cause children to be duplicated and/or omitted — the behavior is unsupported and could change in a future version. 
[WebServer]  GET /asignacion?entregado=2026-0000002 200 in 107ms (next.js: 6ms, proxy.ts: 4ms, application-code: 98ms)
[WebServer]  POST /asignacion/d3daaca0-f088-46c8-806d-b738eebae6ca 200 in 201ms (next.js: 16ms, proxy.ts: 5ms, application-code: 179ms)
[WebServer]   └─ ƒ finishAssignedOrderAction({"status":"success"}, {}) in 57ms lib/modules/asignaciones/adapters/driving/order-execution-actions.ts
[WebServer]  GET /inventario?pageSize=25&q=qc141_e2e_c49bc94fc6084868a3c830ca24c5eec3_producto 200 in 583ms (next.js: 4ms, proxy.ts: 5ms, application-code: 574ms)
[WebServer]  POST /inventario?pageSize=25&q=qc141_e2e_c49bc94fc6084868a3c830ca24c5eec3_producto 200 in 60ms (next.js: 7ms, proxy.ts: 5ms, application-code: 48ms)
[WebServer]   └─ ƒ listProductBatchesAction("180efd1f-b68e-47cc-b718-d2e855c21147") in 34ms lib/modules/inventario/adapters/driving/batch-actions.ts
[WebServer]  POST /inventario?pageSize=25&q=qc141_e2e_c49bc94fc6084868a3c830ca24c5eec3_producto 200 in 45ms (next.js: 6ms, proxy.ts: 4ms, application-code: 35ms)
[WebServer]   └─ ƒ listBatchMovementsAction("10122d7a-9769-46b1-970c-67ca2a1e8629") in 25ms lib/modules/inventario/adapters/driving/batch-actions.ts
  ✓  39 [webkit] › e2e\reserva-de-material.spec.ts:465:7 › reserva de material del pedido › R48 - dos pedidos compiten por el mismo lote, cancelar libera, reeditar vuelve a apartar y entregar consume (47.3s)

  40 passed (4.3m)
exit=0
