== Arnes SDD :: init (modo: completo) ==
[0;32m✓ node v22.13.1[0m
[0;32m✓ dependencias presentes[0m
[0;32m✓ cliente de Prisma al dia[0m
[0;32m✓ tipos de ruta de Next al dia[0m
[0;32m✓ las 145 fichas vienen del proyecto QC[0m
[0;32m✓ regla de cupo por zona respetada (in_progress=3)[0m
[0;32m✓ specs presentes para features sdd en vuelo[0m
[0;32m✓ ninguna ficha sembrada esperando al board[0m
[0;32m✓ cada spec sembrado tiene su ficha, con el mismo slug[0m
[1;33m! 9 worktree(s) ademas del principal, 0 con el directorio ya borrado.[0m
[1;33m! Revisa cuales se pueden desmontar: ./scripts/wt.sh list[0m
[0;32m✓ .env cargado en el entorno del gate[0m
-> pnpm run db:test status
[0;32m✓ base de desarrollo «QuimiCloude_QC141» al dia: 48 migracion(es) aplicada(s)[0m
-> pnpm run typecheck

> quimicloude@0.1.0 typecheck C:\Users\Cristian\Documents\trabajo\arc\labs\.worktrees\QC-141-reserva-de-material-del-pedido
> tsc --noEmit

[0;32m✓ typecheck paso[0m
-> pnpm run lint

> quimicloude@0.1.0 lint C:\Users\Cristian\Documents\trabajo\arc\labs\.worktrees\QC-141-reserva-de-material-del-pedido
> eslint


C:\Users\Cristian\Documents\trabajo\arc\labs\.worktrees\QC-141-reserva-de-material-del-pedido\tests\unit\pedidos\order-service.test.ts
  16:3  warning  'InvalidTransitionError' is defined but never used     @typescript-eslint/no-unused-vars
  17:3  warning  'DuplicateOrderNumberError' is defined but never used  @typescript-eslint/no-unused-vars

✖ 2 problems (0 errors, 2 warnings)

[0;32m✓ lint paso[0m
-> pnpm run test:json

> quimicloude@0.1.0 test:json C:\Users\Cristian\Documents\trabajo\arc\labs\.worktrees\QC-141-reserva-de-material-del-pedido
> vitest run --reporter=default --reporter=json --outputFile.json=.vitest-rojos.json


 RUN  v4.1.10 C:/Users/Cristian/Documents/trabajo/arc/labs/.worktrees/QC-141-reserva-de-material-del-pedido

test-db: plantilla reutilizada: qct_tpl_51f079471849 (las migraciones no han cambiado)
test-db: la corrida de integracion va contra qct_qc141_7d03c71c_muezhy9n_m94 (copia de qct_tpl_51f079471849).
 ✓ |node| tests/unit/configuracion-ui/configuracion-convenciones.test.ts (22 tests | 3 skipped) 2020ms
     ✓ nadie en el repo importa los componentes de la ruta por ruta profunda  604ms
     ✓ `git diff --name-only dev...HEAD` resuelve; si no, esta guardia falla ruidosamente  406ms
 ✓ |node| tests/unit/identity/qc23-alcance.test.ts (11 tests | 3 skipped) 2266ms
     ✓ `git merge-base origin/dev HEAD` resuelve; si no, este test falla ruidosamente en vez de saltarse  673ms
 ✓ |node| tests/unit/identity/qc78-alcance.test.ts (16 tests | 4 skipped) 2482ms
     ✓ `git merge-base origin/dev HEAD` resuelve; si no, esta guardia falla ruidosamente en vez de saltarse  580ms
 ✓ |node| tests/unit/identity/account-status-scope.test.ts (12 tests | 3 skipped) 2350ms
     ✓ `git merge-base origin/dev HEAD` resuelve; si no, este archivo falla ruidosamente  641ms
 ✓ |node| tests/unit/identity/roles/scope.test.ts (17 tests | 4 skipped) 2686ms
     ✓ `git merge-base origin/dev HEAD` resuelve; si no, estos casos fallan ruidosamente  606ms
 ✓ |node| tests/unit/identity/grupos/scope.test.ts (18 tests | 5 skipped) 3558ms
     ✓ `git merge-base origin/dev HEAD` resuelve; si no, estos casos fallan ruidosamente  676ms
 ✓ |node| tests/unit/identity/usuarios/scope.test.ts (24 tests | 5 skipped) 3607ms
     ✓ `git merge-base origin/dev HEAD` resuelve; si no, estos casos fallan ruidosamente  643ms
 ✓ |node| tests/unit/identity/qc101-alcance.test.ts (19 tests | 7 skipped) 4462ms
     ✓ `git merge-base origin/dev HEAD` resuelve; si no, este test falla ruidosamente en vez de saltarse  445ms
 ✓ |node| tests/unit/configuracion-ui/data-table-intacta.test.ts (6 tests | 2 skipped) 1157ms
     ✓ `git diff --name-only dev...HEAD` resuelve; si no, este archivo falla ruidosamente  476ms
 ✓ |node| tests/unit/unidades/unidades-convenciones.test.ts (21 tests | 4 skipped) 1237ms
 ✓ |node| tests/unit/configuracion-ui/unidades-convenciones.test.ts (28 tests | 2 skipped) 982ms
     ✓ nadie en el repo importa los componentes de la ruta por ruta profunda  435ms
stderr | tests/unit/documentos/pdf-converter.test.ts > documentos — el adaptador de conversion y el aislamiento de su libreria > los bytes que recibe la conversion siguen sirviendo despues (R24) > contar las paginas deja los bytes del PDF intactos (R24)
Warning: Indexing all PDF objects

stderr | tests/unit/documentos/pdf-converter.test.ts > documentos — el adaptador de conversion y el aislamiento de su libreria > los bytes que recibe la conversion siguen sirviendo despues (R24) > extraer el texto deja los bytes del PDF intactos (R24)
Warning: Indexing all PDF objects

stderr | tests/unit/documentos/pdf-converter.test.ts > documentos — el adaptador de conversion y el aislamiento de su libreria > los bytes que recibe la conversion siguen sirviendo despues (R24) > rasterizar deja los bytes del PDF intactos (R24)
Warning: Indexing all PDF objects

stderr | tests/unit/documentos/pdf-converter.test.ts > documentos — el adaptador de conversion y el aislamiento de su libreria > los bytes que recibe la conversion siguen sirviendo despues (R24) > R24 — las tres operaciones encadenadas sobre el MISMO arreglo siguen funcionando
Warning: Indexing all PDF objects

stderr | tests/unit/documentos/pdf-converter.test.ts > documentos — el adaptador de conversion y el aislamiento de su libreria > los bytes que recibe la conversion siguen sirviendo despues (R24) > R24 — las tres operaciones encadenadas sobre el MISMO arreglo siguen funcionando
Warning: Indexing all PDF objects

stderr | tests/unit/documentos/pdf-converter.test.ts > documentos — el adaptador de conversion y el aislamiento de su libreria > los bytes que recibe la conversion siguen sirviendo despues (R24) > R24 — las tres operaciones encadenadas sobre el MISMO arreglo siguen funcionando
Warning: Indexing all PDF objects

stderr | tests/unit/documentos/pdf-converter.test.ts > documentos — el adaptador de conversion y el aislamiento de su libreria > los bytes que recibe la conversion siguen sirviendo despues (R24) > R24 — las tres operaciones encadenadas sobre el MISMO arreglo siguen funcionando
Warning: Indexing all PDF objects

 ✓ |node| tests/unit/documentos/pdf-converter.test.ts (14 tests) 1656ms
       ✓ R24 — unpdf lo importa un UNICO archivo, el adaptador  537ms
       ✓ R24 — @napi-rs/canvas lo importa un UNICO archivo, el adaptador  534ms
 ✓ |node| tests/unit/identity/password/password-hash.test.ts (8 tests) 2692ms
     ✓ dos transformaciones de la misma contrasena dan valores distintos, y las dos verifican correctamente  524ms
     ✓ verifica la contrasena correcta  769ms
     ✓ rechaza la contrasena incorrecta  672ms
 ✓ |node| tests/unit/documentos/module-contract.test.ts (23 tests) 3127ms
       ✓ R27, R33 — el barril expone el actor, los dos errores, los limites, la ruta y el esquema  1188ms
       ✓ R28 — el cierre real no arrastra 'use server', Prisma, next/*, el SDK del almacenamiento, la libreria de conversion ni ningun adaptador  325ms
       ✓ R28 — y muerde tambien con un 'use server' en el propio barril, o con `unpdf` un salto mas alla  378ms
     ✓ R21 — el cierre real del barril no arrastra @google/genai ni ningun otro paquete de plataforma  316ms
 ✓ |node| tests/unit/configuracion-ui/usuarios-convenciones.test.ts (23 tests | 4 skipped) 1444ms
     ✓ nadie en el repo importa los componentes de la ruta por ruta profunda  504ms
 ✓ |node| tests/unit/asignaciones/module-contract.test.ts (24 tests) 1397ms
       ✓ el cierre de imports del barril real no arrastra next/*, @prisma/client ni use server (R31)  807ms
       ✓ mutacion (c): un @prisma/client en el dominio real alcanzable desde el barril pone la regla en rojo (R31)  335ms
 ✓ |node| tests/unit/test-database/nombres-y-huella.test.ts (18 tests) 7628ms
     ✓ son 12 hex y no cambia si no cambia nada del arbol  1577ms
     ✓ cambia cuando se anade una migracion  811ms
     ✓ cambia cuando se borra una migracion  1449ms
     ✓ cambia cuando cambia el contenido de una migracion  1271ms
     ✓ cambia cuando cambia el sembrado  1503ms
 ✓ |node| tests/unit/identity/session-token.test.ts (48 tests) 228ms
 ✓ |node| tests/guards/guard-qc95-alcance-del-pr-70.test.ts (22 tests) 1473ms
     ✓ ancla (1): el merge f777c56 tiene exactamente los padres 0ed8431 (dev) y f728d15 (la feature)  594ms
     ✓ R8: cada archivo vigilado por R8 existe en el arbol del merge f777c56 (una ruta mal escrita tira la guardia en vez de medir aire)  854ms
 ✓ |node| tests/unit/configuracion-ui/grupos/alcance.test.ts (33 tests | 16 skipped) 5049ms
 ✓ |node| tests/guards/guard-validador-ve-worktrees-hermanos.test.ts (2 tests) 781ms
     ✓ pasa cuando el spec de la feature en vuelo vive en OTRO worktree  378ms
     ✓ falla cuando ese spec no existe en ningun worktree  399ms
 ✓ |node| tests/guards/guard-editor-aislado.test.ts (7 tests) 1324ms
     ✓ solo los dos archivos que enumera design.md > 7 mencionan @tiptap  472ms
     ✓ @tiptap/starter-kit no aparece ni en package.json ni en el fuente  399ms
     ✓ TaskList y TaskItem se importan de ./task-list y ./task-item, nunca del kit ni de la raiz  432ms
 ✓ |node| tests/unit/configuracion-ui/data-table-intacta-usuarios.test.ts (5 tests | 2 skipped) 231ms
 ✓ |node| tests/guards/guard-teclear-y-plazo.test.ts (6 tests) 1390ms
     ✓ tests/setup.ts llama a configure() con asyncUtilTimeout >= 5000  866ms
 ✓ |node| tests/unit/recetas-ui/recipe-route-contract.test.ts (26 tests) 1430ms
     ✓ la feature no toca lib/modules/recetas ni db/  368ms
     ✓ el asistente solo se importa desde recipe-form.tsx  462ms
 ✓ |node| tests/unit/proveedores-ui/guard-convenciones-proveedores.test.ts (7 tests | 3 skipped) 546ms
     ✓ nadie fuera de las dos rutas importa sus componentes por ruta profunda  522ms
 ✓ |node| tests/unit/identity/verify-credentials.test.ts (57 tests) 793ms
     ✓ no se registra la contrasena ni el hash en ninguno de los caminos  695ms
 ✓ |node| tests/guards/guard-arquitectura-modulos.test.ts (62 tests) 2006ms
       ✓ los contratos reales (identity, inventario) no arrastran servidor  1557ms
 ✓ |node| tests/unit/documentos/qc110-alcance.test.ts (18 tests | 6 skipped) 430ms
 ✓ |node| tests/guards/guard-permisos-no-administrables.test.ts (15 tests) 762ms
     ✓ ningun archivo de produccion escribe sobre roles, permissions ni role_permissions, salvo el adaptador del seed  315ms
     ✓ la exencion sigue siendo necesaria: el adaptador del seed es el unico que escribe, y escribe  304ms
 ✓ |node| tests/unit/inventario/product-route-contract.test.ts (23 tests) 688ms
 ✓ |node| tests/unit/identity/route-guard-middleware.test.ts (28 tests) 545ms
 ✓ |node| tests/unit/inventario/qc121-alcance.test.ts (33 tests) 720ms
 ✓ |node| tests/unit/configuracion-ui/data-table-intacta-unidades.test.ts (5 tests | 2 skipped) 368ms
 ✓ |node| tests/unit/proveedores/module-contract.test.ts (9 tests) 736ms
 ✓ |node| tests/unit/identity/password/password-verify-fail-closed.test.ts (12 tests) 457ms
 ✓ |node| tests/unit/pedidos-ui/pedidos-convenciones.test.ts (23 tests) 903ms
     ✓ nadie en el repo importa los componentes de la ruta por ruta profunda  517ms
 ✓ |node| tests/unit/unidades/modulo-intacto.test.ts (6 tests | 2 skipped) 649ms
 ✓ |node| tests/unit/credential-help-contract.test.ts (16 tests) 369ms
     ✓ ninguna columna ni campo guarda la contrasena en claro  344ms
 ✓ |node| tests/unit/composition/identity-facade.test.ts (15 tests) 11129ms
 ✓ |node| tests/unit/documentos/ai-reader-adapter.test.ts (11 tests) 413ms
 ✓ |node| tests/guards/guard-politica-de-contrasenas.test.ts (12 tests) 707ms
     ✓ todo archivo que produce un hash referencia tambien la politica  628ms
 ✓ |node| tests/guards/guard-firma-sesion-unica.test.ts (7 tests) 526ms
     ✓ el algoritmo de firma solo aparece en el codec que emite y verifica la cookie  411ms
 ✓ |node| tests/unit/identity/session-once-per-request-actions.test.ts (40 tests) 12675ms
 ✓ |node| tests/unit/recetas/module-contract.test.ts (5 tests) 687ms
     ✓ la feature no anade ningun route handler bajo app/, y lib/modules/recetas no cambio de forma (la pantalla es QC-26)  366ms
stderr | tests/unit/documentos/process-pdf-by-strategy.test.ts > documentos — procesar un PDF por estrategia > la lectura con IA recibe los bytes completos despues de contar las paginas (R24)
Warning: Indexing all PDF objects

stderr | tests/unit/documentos/process-pdf-by-strategy.test.ts > documentos — procesar un PDF por estrategia > la lectura con IA recibe los bytes completos despues de contar las paginas (R24)
Warning: Indexing all PDF objects

 ✓ |node| tests/unit/identity/credencial/scope.test.ts (110 tests) 533ms
 ✓ |node| tests/unit/unidades/module-contract.test.ts (8 tests) 619ms
 ✓ |node| tests/unit/identity/usuarios/user-actions.test.ts (95 tests) 213ms
 ✓ |node| tests/unit/identity/roles/empacador-rol.test.ts (10 tests) 523ms
stderr | tests/unit/documentos/process-pdf-by-strategy.test.ts > documentos — procesar un PDF por estrategia > la lectura con IA recibe los bytes completos despues de contar las paginas (R24)
Warning: Indexing all PDF objects

stderr | tests/unit/documentos/process-pdf-by-strategy.test.ts > documentos — procesar un PDF por estrategia > la lectura con IA recibe los bytes completos despues de contar las paginas (R24)
Warning: Indexing all PDF objects

 ✓ |node| tests/unit/documentos/process-pdf-by-strategy.test.ts (21 tests) 646ms
     ✓ la lectura con IA recibe los bytes completos despues de contar las paginas (R24)  596ms
 ✓ |node| tests/unit/shared/data-table-alcance.test.ts (16 tests | 2 skipped) 1491ms
     ✓ ningun consumidor fuera de la feature importa una ruta profunda en vez del barrel  427ms
 ✓ |node| tests/unit/pedidos/module-contract.test.ts (9 tests) 960ms
     ✓ el barrel de pedidos exporta formatOrderNumber y no hay ninguna otra composicion del numero visible  306ms
 ✓ |node| tests/unit/inventario/schema/inventario-schema.test.ts (29 tests) 329ms
 ✓ |node| tests/guards/guard-password-never-plaintext.test.ts (8 tests) 383ms
     ✓ ninguna columna ni campo guarda la contrasena en claro  367ms
 ✓ |node| tests/unit/documentos/storage-config.test.ts (12 tests) 379ms
       ✓ R26 — exactamente TRES archivos de produccion importan la libreria, y este modulo aporta el tercero  306ms
 ✓ |node| tests/guards/guard-sesiones-cortadas.test.ts (17 tests) 396ms
 ✓ |node| tests/unit/configuracion-ui/usuarios-route-contract.test.ts (8 tests) 244ms
 ✓ |node| tests/unit/inventario/authorization.test.ts (20 tests) 487ms
 ✓ |node| tests/unit/documentos/qc109-alcance.test.ts (19 tests | 2 skipped) 387ms
 ✓ |node| tests/unit/identity/usuarios/credential-factory.test.ts (9 tests) 376ms
 ✓ |node| tests/unit/identity/credential-policy-contract.test.ts (7 tests) 232ms
 ✓ |node| tests/unit/pedidos/qc145-estado-solo-planta.test.ts (20 tests) 1442ms
     ✓ ningun paquete de dependencies/devDependencies actual falta en la base de fusion con origin/dev  704ms
 ✓ |node| tests/guards/guard-rol-administrador-unico.test.ts (5 tests) 332ms
 ✓ |node| tests/unit/documentos/limits-and-path.test.ts (13 tests) 216ms
 ✓ |node| tests/unit/inventario/movement-reason.test.ts (4 tests) 270ms
 ✓ |node| tests/unit/proveedores/schema/suppliers-company-scope-migration.test.ts (15 tests) 182ms
 ✓ |node| tests/guards/guard-middleware-edge.test.ts (8 tests) 407ms
 ✓ |node| tests/unit/proveedores/authorization.test.ts (10 tests) 264ms
 ✓ |node| tests/unit/identity/schema/session-revocation-migration.test.ts (30 tests) 99ms
 ✓ |node| tests/unit/pedidos/authorization.test.ts (76 tests) 170ms
stderr | tests/unit/asignaciones/order-assignment-actions.test.ts > R43 — el error se traduce por su code > un error ajeno al dominio sale como unexpected, con referencia y sin filtrar su texto
[error] requestId=7c9e6679-7425-40de-944b-e07fc1f90ae7 origen=borde code=unexpected error=Error: connection terminated unexpectedly
Error: connection terminated unexpectedly
    at C:/Users/Cristian/Documents/trabajo/arc/labs/.worktrees/QC-141-reserva-de-material-del-pedido/tests/unit/asignaciones/order-assignment-actions.test.ts:373:49
    at file:///C:/Users/Cristian/Documents/trabajo/arc/labs/.worktrees/QC-141-reserva-de-material-del-pedido/node_modules/.pnpm/@vitest+runner@4.1.10/node_modules/@vitest/runner/dist/chunk-artifact.js:302:11
    at file:///C:/Users/Cristian/Documents/trabajo/arc/labs/.worktrees/QC-141-reserva-de-material-del-pedido/node_modules/.pnpm/@vitest+runner@4.1.10/node_modules/@vitest/runner/dist/chunk-artifact.js:1903:26
    at file:///C:/Users/Cristian/Documents/trabajo/arc/labs/.worktrees/QC-141-reserva-de-material-del-pedido/node_modules/.pnpm/@vitest+runner@4.1.10/node_modules/@vitest/runner/dist/chunk-artifact.js:2326:20
    at new Promise (<anonymous>)
    at runWithCancel (file:///C:/Users/Cristian/Documents/trabajo/arc/labs/.worktrees/QC-141-reserva-de-material-del-pedido/node_modules/.pnpm/@vitest+runner@4.1.10/node_modules/@vitest/runner/dist/chunk-artifact.js:2323:10)
    at file:///C:/Users/Cristian/Documents/trabajo/arc/labs/.worktrees/QC-141-reserva-de-material-del-pedido/node_modules/.pnpm/@vitest+runner@4.1.10/node_modules/@vitest/runner/dist/chunk-artifact.js:2305:20
    at new Promise (<anonymous>)
    at runWithTimeout (file:///C:/Users/Cristian/Documents/trabajo/arc/labs/.worktrees/QC-141-reserva-de-material-del-pedido/node_modules/.pnpm/@vitest+runner@4.1.10/node_modules/@vitest/runner/dist/chunk-artifact.js:2272:10)
    at file:///C:/Users/Cristian/Documents/trabajo/arc/labs/.worktrees/QC-141-reserva-de-material-del-pedido/node_modules/.pnpm/@vitest+runner@4.1.10/node_modules/@vitest/runner/dist/chunk-artifact.js:2955:64

 ✓ |node| tests/unit/identity/grupos/authorization.test.ts (10 tests) 230ms
stderr | tests/unit/asignaciones/order-assignment-actions.test.ts > QC-102 R13 - listResponsiblesForOrdersAction > un error ajeno al dominio sale como unexpected, con referencia y sin filtrar su texto
[error] requestId=7c9e6679-7425-40de-944b-e07fc1f90ae7 origen=borde code=unexpected error=Error: connection terminated unexpectedly
Error: connection terminated unexpectedly
    at C:/Users/Cristian/Documents/trabajo/arc/labs/.worktrees/QC-141-reserva-de-material-del-pedido/tests/unit/asignaciones/order-assignment-actions.test.ts:696:53
    at file:///C:/Users/Cristian/Documents/trabajo/arc/labs/.worktrees/QC-141-reserva-de-material-del-pedido/node_modules/.pnpm/@vitest+runner@4.1.10/node_modules/@vitest/runner/dist/chunk-artifact.js:302:11
    at file:///C:/Users/Cristian/Documents/trabajo/arc/labs/.worktrees/QC-141-reserva-de-material-del-pedido/node_modules/.pnpm/@vitest+runner@4.1.10/node_modules/@vitest/runner/dist/chunk-artifact.js:1903:26
    at file:///C:/Users/Cristian/Documents/trabajo/arc/labs/.worktrees/QC-141-reserva-de-material-del-pedido/node_modules/.pnpm/@vitest+runner@4.1.10/node_modules/@vitest/runner/dist/chunk-artifact.js:2326:20
    at new Promise (<anonymous>)
    at runWithCancel (file:///C:/Users/Cristian/Documents/trabajo/arc/labs/.worktrees/QC-141-reserva-de-material-del-pedido/node_modules/.pnpm/@vitest+runner@4.1.10/node_modules/@vitest/runner/dist/chunk-artifact.js:2323:10)
    at file:///C:/Users/Cristian/Documents/trabajo/arc/labs/.worktrees/QC-141-reserva-de-material-del-pedido/node_modules/.pnpm/@vitest+runner@4.1.10/node_modules/@vitest/runner/dist/chunk-artifact.js:2305:20
    at new Promise (<anonymous>)
    at runWithTimeout (file:///C:/Users/Cristian/Documents/trabajo/arc/labs/.worktrees/QC-141-reserva-de-material-del-pedido/node_modules/.pnpm/@vitest+runner@4.1.10/node_modules/@vitest/runner/dist/chunk-artifact.js:2272:10)
    at file:///C:/Users/Cristian/Documents/trabajo/arc/labs/.worktrees/QC-141-reserva-de-material-del-pedido/node_modules/.pnpm/@vitest+runner@4.1.10/node_modules/@vitest/runner/dist/chunk-artifact.js:2955:64

stderr | tests/unit/asignaciones/order-assignment-actions.test.ts > QC-88 T9 — listAssignedOrdersAction > un error ajeno al dominio sale como unexpected, con referencia y sin filtrar su texto
[error] requestId=7c9e6679-7425-40de-944b-e07fc1f90ae7 origen=borde code=unexpected error=Error: connection terminated unexpectedly
Error: connection terminated unexpectedly
    at C:/Users/Cristian/Documents/trabajo/arc/labs/.worktrees/QC-141-reserva-de-material-del-pedido/tests/unit/asignaciones/order-assignment-actions.test.ts:777:46
    at file:///C:/Users/Cristian/Documents/trabajo/arc/labs/.worktrees/QC-141-reserva-de-material-del-pedido/node_modules/.pnpm/@vitest+runner@4.1.10/node_modules/@vitest/runner/dist/chunk-artifact.js:302:11
    at file:///C:/Users/Cristian/Documents/trabajo/arc/labs/.worktrees/QC-141-reserva-de-material-del-pedido/node_modules/.pnpm/@vitest+runner@4.1.10/node_modules/@vitest/runner/dist/chunk-artifact.js:1903:26
    at file:///C:/Users/Cristian/Documents/trabajo/arc/labs/.worktrees/QC-141-reserva-de-material-del-pedido/node_modules/.pnpm/@vitest+runner@4.1.10/node_modules/@vitest/runner/dist/chunk-artifact.js:2326:20
    at new Promise (<anonymous>)
    at runWithCancel (file:///C:/Users/Cristian/Documents/trabajo/arc/labs/.worktrees/QC-141-reserva-de-material-del-pedido/node_modules/.pnpm/@vitest+runner@4.1.10/node_modules/@vitest/runner/dist/chunk-artifact.js:2323:10)
    at file:///C:/Users/Cristian/Documents/trabajo/arc/labs/.worktrees/QC-141-reserva-de-material-del-pedido/node_modules/.pnpm/@vitest+runner@4.1.10/node_modules/@vitest/runner/dist/chunk-artifact.js:2305:20
    at new Promise (<anonymous>)
    at runWithTimeout (file:///C:/Users/Cristian/Documents/trabajo/arc/labs/.worktrees/QC-141-reserva-de-material-del-pedido/node_modules/.pnpm/@vitest+runner@4.1.10/node_modules/@vitest/runner/dist/chunk-artifact.js:2272:10)
    at file:///C:/Users/Cristian/Documents/trabajo/arc/labs/.worktrees/QC-141-reserva-de-material-del-pedido/node_modules/.pnpm/@vitest+runner@4.1.10/node_modules/@vitest/runner/dist/chunk-artifact.js:2955:64

 ✓ |node| tests/unit/asignaciones/order-assignment-actions.test.ts (55 tests) 218ms
stderr | tests/unit/pedidos/order-actions.test.ts > Server Actions de pedidos — actor, forma de entrada y errores > traduce cada error de dominio a status error con el code estable de la clase, nunca con el texto
{ code: 'recipe_not_found', diagnostic: 'receta 42 dada de baja' }

stderr | tests/unit/pedidos/order-actions.test.ts > Server Actions de pedidos — actor, forma de entrada y errores > lo que no es un error de dominio se devuelve como unexpected, sin una brizna del detalle
[error] requestId=7c9e6679-7425-40de-944b-e07fc1f90ae7 origen=borde code=unexpected error=Error: la conexion con la base se cayo
Error: la conexion con la base se cayo
    at C:/Users/Cristian/Documents/trabajo/arc/labs/.worktrees/QC-141-reserva-de-material-del-pedido/tests/unit/pedidos/order-actions.test.ts:496:19
    at file:///C:/Users/Cristian/Documents/trabajo/arc/labs/.worktrees/QC-141-reserva-de-material-del-pedido/node_modules/.pnpm/@vitest+runner@4.1.10/node_modules/@vitest/runner/dist/chunk-artifact.js:302:11
    at file:///C:/Users/Cristian/Documents/trabajo/arc/labs/.worktrees/QC-141-reserva-de-material-del-pedido/node_modules/.pnpm/@vitest+runner@4.1.10/node_modules/@vitest/runner/dist/chunk-artifact.js:1903:26
    at file:///C:/Users/Cristian/Documents/trabajo/arc/labs/.worktrees/QC-141-reserva-de-material-del-pedido/node_modules/.pnpm/@vitest+runner@4.1.10/node_modules/@vitest/runner/dist/chunk-artifact.js:2326:20
    at new Promise (<anonymous>)
    at runWithCancel (file:///C:/Users/Cristian/Documents/trabajo/arc/labs/.worktrees/QC-141-reserva-de-material-del-pedido/node_modules/.pnpm/@vitest+runner@4.1.10/node_modules/@vitest/runner/dist/chunk-artifact.js:2323:10)
    at file:///C:/Users/Cristian/Documents/trabajo/arc/labs/.worktrees/QC-141-reserva-de-material-del-pedido/node_modules/.pnpm/@vitest+runner@4.1.10/node_modules/@vitest/runner/dist/chunk-artifact.js:2305:20
    at new Promise (<anonymous>)
    at runWithTimeout (file:///C:/Users/Cristian/Documents/trabajo/arc/labs/.worktrees/QC-141-reserva-de-material-del-pedido/node_modules/.pnpm/@vitest+runner@4.1.10/node_modules/@vitest/runner/dist/chunk-artifact.js:2272:10)
    at file:///C:/Users/Cristian/Documents/trabajo/arc/labs/.worktrees/QC-141-reserva-de-material-del-pedido/node_modules/.pnpm/@vitest+runner@4.1.10/node_modules/@vitest/runner/dist/chunk-artifact.js:2955:64

stderr | tests/unit/pedidos/order-actions.test.ts > Server Actions de pedidos — actor, forma de entrada y errores > lo que no es un error de dominio se devuelve como unexpected, sin una brizna del detalle
[error] requestId=7c9e6679-7425-40de-944b-e07fc1f90ae7 origen=borde code=unexpected error=Error: la conexion con la base se cayo
Error: la conexion con la base se cayo
    at C:/Users/Cristian/Documents/trabajo/arc/labs/.worktrees/QC-141-reserva-de-material-del-pedido/tests/unit/pedidos/order-actions.test.ts:496:19
    at file:///C:/Users/Cristian/Documents/trabajo/arc/labs/.worktrees/QC-141-reserva-de-material-del-pedido/node_modules/.pnpm/@vitest+runner@4.1.10/node_modules/@vitest/runner/dist/chunk-artifact.js:302:11
    at file:///C:/Users/Cristian/Documents/trabajo/arc/labs/.worktrees/QC-141-reserva-de-material-del-pedido/node_modules/.pnpm/@vitest+runner@4.1.10/node_modules/@vitest/runner/dist/chunk-artifact.js:1903:26
    at file:///C:/Users/Cristian/Documents/trabajo/arc/labs/.worktrees/QC-141-reserva-de-material-del-pedido/node_modules/.pnpm/@vitest+runner@4.1.10/node_modules/@vitest/runner/dist/chunk-artifact.js:2326:20
    at new Promise (<anonymous>)
    at runWithCancel (file:///C:/Users/Cristian/Documents/trabajo/arc/labs/.worktrees/QC-141-reserva-de-material-del-pedido/node_modules/.pnpm/@vitest+runner@4.1.10/node_modules/@vitest/runner/dist/chunk-artifact.js:2323:10)
    at file:///C:/Users/Cristian/Documents/trabajo/arc/labs/.worktrees/QC-141-reserva-de-material-del-pedido/node_modules/.pnpm/@vitest+runner@4.1.10/node_modules/@vitest/runner/dist/chunk-artifact.js:2305:20
    at new Promise (<anonymous>)
    at runWithTimeout (file:///C:/Users/Cristian/Documents/trabajo/arc/labs/.worktrees/QC-141-reserva-de-material-del-pedido/node_modules/.pnpm/@vitest+runner@4.1.10/node_modules/@vitest/runner/dist/chunk-artifact.js:2272:10)
    at file:///C:/Users/Cristian/Documents/trabajo/arc/labs/.worktrees/QC-141-reserva-de-material-del-pedido/node_modules/.pnpm/@vitest+runner@4.1.10/node_modules/@vitest/runner/dist/chunk-artifact.js:2955:64

stderr | tests/unit/pedidos/order-actions.test.ts > Server Actions de pedidos — actor, forma de entrada y errores > lo que no es un error de dominio se devuelve como unexpected, sin una brizna del detalle
[error] requestId=7c9e6679-7425-40de-944b-e07fc1f90ae7 origen=borde code=unexpected error=Error: la conexion con la base se cayo
Error: la conexion con la base se cayo
    at C:/Users/Cristian/Documents/trabajo/arc/labs/.worktrees/QC-141-reserva-de-material-del-pedido/tests/unit/pedidos/order-actions.test.ts:496:19
    at file:///C:/Users/Cristian/Documents/trabajo/arc/labs/.worktrees/QC-141-reserva-de-material-del-pedido/node_modules/.pnpm/@vitest+runner@4.1.10/node_modules/@vitest/runner/dist/chunk-artifact.js:302:11
    at file:///C:/Users/Cristian/Documents/trabajo/arc/labs/.worktrees/QC-141-reserva-de-material-del-pedido/node_modules/.pnpm/@vitest+runner@4.1.10/node_modules/@vitest/runner/dist/chunk-artifact.js:1903:26
    at file:///C:/Users/Cristian/Documents/trabajo/arc/labs/.worktrees/QC-141-reserva-de-material-del-pedido/node_modules/.pnpm/@vitest+runner@4.1.10/node_modules/@vitest/runner/dist/chunk-artifact.js:2326:20
    at new Promise (<anonymous>)
    at runWithCancel (file:///C:/Users/Cristian/Documents/trabajo/arc/labs/.worktrees/QC-141-reserva-de-material-del-pedido/node_modules/.pnpm/@vitest+runner@4.1.10/node_modules/@vitest/runner/dist/chunk-artifact.js:2323:10)
    at file:///C:/Users/Cristian/Documents/trabajo/arc/labs/.worktrees/QC-141-reserva-de-material-del-pedido/node_modules/.pnpm/@vitest+runner@4.1.10/node_modules/@vitest/runner/dist/chunk-artifact.js:2305:20
    at new Promise (<anonymous>)
    at runWithTimeout (file:///C:/Users/Cristian/Documents/trabajo/arc/labs/.worktrees/QC-141-reserva-de-material-del-pedido/node_modules/.pnpm/@vitest+runner@4.1.10/node_modules/@vitest/runner/dist/chunk-artifact.js:2272:10)
    at file:///C:/Users/Cristian/Documents/trabajo/arc/labs/.worktrees/QC-141-reserva-de-material-del-pedido/node_modules/.pnpm/@vitest+runner@4.1.10/node_modules/@vitest/runner/dist/chunk-artifact.js:2955:64

stderr | tests/unit/pedidos/order-actions.test.ts > Server Actions de pedidos — actor, forma de entrada y errores > lo que no es un error de dominio se devuelve como unexpected, sin una brizna del detalle
[error] requestId=7c9e6679-7425-40de-944b-e07fc1f90ae7 origen=borde code=unexpected error=Error: la conexion con la base se cayo
Error: la conexion con la base se cayo
    at C:/Users/Cristian/Documents/trabajo/arc/labs/.worktrees/QC-141-reserva-de-material-del-pedido/tests/unit/pedidos/order-actions.test.ts:496:19
    at file:///C:/Users/Cristian/Documents/trabajo/arc/labs/.worktrees/QC-141-reserva-de-material-del-pedido/node_modules/.pnpm/@vitest+runner@4.1.10/node_modules/@vitest/runner/dist/chunk-artifact.js:302:11
    at file:///C:/Users/Cristian/Documents/trabajo/arc/labs/.worktrees/QC-141-reserva-de-material-del-pedido/node_modules/.pnpm/@vitest+runner@4.1.10/node_modules/@vitest/runner/dist/chunk-artifact.js:1903:26
    at file:///C:/Users/Cristian/Documents/trabajo/arc/labs/.worktrees/QC-141-reserva-de-material-del-pedido/node_modules/.pnpm/@vitest+runner@4.1.10/node_modules/@vitest/runner/dist/chunk-artifact.js:2326:20
    at new Promise (<anonymous>)
    at runWithCancel (file:///C:/Users/Cristian/Documents/trabajo/arc/labs/.worktrees/QC-141-reserva-de-material-del-pedido/node_modules/.pnpm/@vitest+runner@4.1.10/node_modules/@vitest/runner/dist/chunk-artifact.js:2323:10)
    at file:///C:/Users/Cristian/Documents/trabajo/arc/labs/.worktrees/QC-141-reserva-de-material-del-pedido/node_modules/.pnpm/@vitest+runner@4.1.10/node_modules/@vitest/runner/dist/chunk-artifact.js:2305:20
    at new Promise (<anonymous>)
    at runWithTimeout (file:///C:/Users/Cristian/Documents/trabajo/arc/labs/.worktrees/QC-141-reserva-de-material-del-pedido/node_modules/.pnpm/@vitest+runner@4.1.10/node_modules/@vitest/runner/dist/chunk-artifact.js:2272:10)
    at file:///C:/Users/Cristian/Documents/trabajo/arc/labs/.worktrees/QC-141-reserva-de-material-del-pedido/node_modules/.pnpm/@vitest+runner@4.1.10/node_modules/@vitest/runner/dist/chunk-artifact.js:2955:64

stderr | tests/unit/pedidos/order-actions.test.ts > Server Actions de pedidos — actor, forma de entrada y errores > lo que no es un error de dominio se devuelve como unexpected, sin una brizna del detalle
[error] requestId=7c9e6679-7425-40de-944b-e07fc1f90ae7 origen=borde code=unexpected error=Error: la conexion con la base se cayo
Error: la conexion con la base se cayo
    at C:/Users/Cristian/Documents/trabajo/arc/labs/.worktrees/QC-141-reserva-de-material-del-pedido/tests/unit/pedidos/order-actions.test.ts:496:19
    at file:///C:/Users/Cristian/Documents/trabajo/arc/labs/.worktrees/QC-141-reserva-de-material-del-pedido/node_modules/.pnpm/@vitest+runner@4.1.10/node_modules/@vitest/runner/dist/chunk-artifact.js:302:11
    at file:///C:/Users/Cristian/Documents/trabajo/arc/labs/.worktrees/QC-141-reserva-de-material-del-pedido/node_modules/.pnpm/@vitest+runner@4.1.10/node_modules/@vitest/runner/dist/chunk-artifact.js:1903:26
    at file:///C:/Users/Cristian/Documents/trabajo/arc/labs/.worktrees/QC-141-reserva-de-material-del-pedido/node_modules/.pnpm/@vitest+runner@4.1.10/node_modules/@vitest/runner/dist/chunk-artifact.js:2326:20
    at new Promise (<anonymous>)
    at runWithCancel (file:///C:/Users/Cristian/Documents/trabajo/arc/labs/.worktrees/QC-141-reserva-de-material-del-pedido/node_modules/.pnpm/@vitest+runner@4.1.10/node_modules/@vitest/runner/dist/chunk-artifact.js:2323:10)
    at file:///C:/Users/Cristian/Documents/trabajo/arc/labs/.worktrees/QC-141-reserva-de-material-del-pedido/node_modules/.pnpm/@vitest+runner@4.1.10/node_modules/@vitest/runner/dist/chunk-artifact.js:2305:20
    at new Promise (<anonymous>)
    at runWithTimeout (file:///C:/Users/Cristian/Documents/trabajo/arc/labs/.worktrees/QC-141-reserva-de-material-del-pedido/node_modules/.pnpm/@vitest+runner@4.1.10/node_modules/@vitest/runner/dist/chunk-artifact.js:2272:10)
    at file:///C:/Users/Cristian/Documents/trabajo/arc/labs/.worktrees/QC-141-reserva-de-material-del-pedido/node_modules/.pnpm/@vitest+runner@4.1.10/node_modules/@vitest/runner/dist/chunk-artifact.js:2955:64

stderr | tests/unit/pedidos/order-actions.test.ts > Server Actions de pedidos — actor, forma de entrada y errores > lo que no es un error de dominio se devuelve como unexpected, sin una brizna del detalle
[error] requestId=7c9e6679-7425-40de-944b-e07fc1f90ae7 origen=borde code=unexpected error=Error: la conexion con la base se cayo
Error: la conexion con la base se cayo
    at C:/Users/Cristian/Documents/trabajo/arc/labs/.worktrees/QC-141-reserva-de-material-del-pedido/tests/unit/pedidos/order-actions.test.ts:496:19
    at file:///C:/Users/Cristian/Documents/trabajo/arc/labs/.worktrees/QC-141-reserva-de-material-del-pedido/node_modules/.pnpm/@vitest+runner@4.1.10/node_modules/@vitest/runner/dist/chunk-artifact.js:302:11
    at file:///C:/Users/Cristian/Documents/trabajo/arc/labs/.worktrees/QC-141-reserva-de-material-del-pedido/node_modules/.pnpm/@vitest+runner@4.1.10/node_modules/@vitest/runner/dist/chunk-artifact.js:1903:26
    at file:///C:/Users/Cristian/Documents/trabajo/arc/labs/.worktrees/QC-141-reserva-de-material-del-pedido/node_modules/.pnpm/@vitest+runner@4.1.10/node_modules/@vitest/runner/dist/chunk-artifact.js:2326:20
    at new Promise (<anonymous>)
    at runWithCancel (file:///C:/Users/Cristian/Documents/trabajo/arc/labs/.worktrees/QC-141-reserva-de-material-del-pedido/node_modules/.pnpm/@vitest+runner@4.1.10/node_modules/@vitest/runner/dist/chunk-artifact.js:2323:10)
    at file:///C:/Users/Cristian/Documents/trabajo/arc/labs/.worktrees/QC-141-reserva-de-material-del-pedido/node_modules/.pnpm/@vitest+runner@4.1.10/node_modules/@vitest/runner/dist/chunk-artifact.js:2305:20
    at new Promise (<anonymous>)
    at runWithTimeout (file:///C:/Users/Cristian/Documents/trabajo/arc/labs/.worktrees/QC-141-reserva-de-material-del-pedido/node_modules/.pnpm/@vitest+runner@4.1.10/node_modules/@vitest/runner/dist/chunk-artifact.js:2272:10)
    at file:///C:/Users/Cristian/Documents/trabajo/arc/labs/.worktrees/QC-141-reserva-de-material-del-pedido/node_modules/.pnpm/@vitest+runner@4.1.10/node_modules/@vitest/runner/dist/chunk-artifact.js:2955:64

stderr | tests/unit/pedidos/order-actions.test.ts > Server Actions de pedidos — actor, forma de entrada y errores > lo que no es un error de dominio se devuelve como unexpected, sin una brizna del detalle
[error] requestId=7c9e6679-7425-40de-944b-e07fc1f90ae7 origen=borde code=unexpected error=Error: la conexion con la base se cayo
Error: la conexion con la base se cayo
    at C:/Users/Cristian/Documents/trabajo/arc/labs/.worktrees/QC-141-reserva-de-material-del-pedido/tests/unit/pedidos/order-actions.test.ts:496:19
    at file:///C:/Users/Cristian/Documents/trabajo/arc/labs/.worktrees/QC-141-reserva-de-material-del-pedido/node_modules/.pnpm/@vitest+runner@4.1.10/node_modules/@vitest/runner/dist/chunk-artifact.js:302:11
    at file:///C:/Users/Cristian/Documents/trabajo/arc/labs/.worktrees/QC-141-reserva-de-material-del-pedido/node_modules/.pnpm/@vitest+runner@4.1.10/node_modules/@vitest/runner/dist/chunk-artifact.js:1903:26
    at file:///C:/Users/Cristian/Documents/trabajo/arc/labs/.worktrees/QC-141-reserva-de-material-del-pedido/node_modules/.pnpm/@vitest+runner@4.1.10/node_modules/@vitest/runner/dist/chunk-artifact.js:2326:20
    at new Promise (<anonymous>)
    at runWithCancel (file:///C:/Users/Cristian/Documents/trabajo/arc/labs/.worktrees/QC-141-reserva-de-material-del-pedido/node_modules/.pnpm/@vitest+runner@4.1.10/node_modules/@vitest/runner/dist/chunk-artifact.js:2323:10)
    at file:///C:/Users/Cristian/Documents/trabajo/arc/labs/.worktrees/QC-141-reserva-de-material-del-pedido/node_modules/.pnpm/@vitest+runner@4.1.10/node_modules/@vitest/runner/dist/chunk-artifact.js:2305:20
    at new Promise (<anonymous>)
    at runWithTimeout (file:///C:/Users/Cristian/Documents/trabajo/arc/labs/.worktrees/QC-141-reserva-de-material-del-pedido/node_modules/.pnpm/@vitest+runner@4.1.10/node_modules/@vitest/runner/dist/chunk-artifact.js:2272:10)
    at file:///C:/Users/Cristian/Documents/trabajo/arc/labs/.worktrees/QC-141-reserva-de-material-del-pedido/node_modules/.pnpm/@vitest+runner@4.1.10/node_modules/@vitest/runner/dist/chunk-artifact.js:2955:64

stderr | tests/unit/pedidos/order-actions.test.ts > Server Actions de pedidos — actor, forma de entrada y errores > lo que no es un error de dominio se devuelve como unexpected, sin una brizna del detalle
[error] requestId=7c9e6679-7425-40de-944b-e07fc1f90ae7 origen=borde code=unexpected error=Error: la conexion con la base se cayo
Error: la conexion con la base se cayo
    at C:/Users/Cristian/Documents/trabajo/arc/labs/.worktrees/QC-141-reserva-de-material-del-pedido/tests/unit/pedidos/order-actions.test.ts:496:19
    at file:///C:/Users/Cristian/Documents/trabajo/arc/labs/.worktrees/QC-141-reserva-de-material-del-pedido/node_modules/.pnpm/@vitest+runner@4.1.10/node_modules/@vitest/runner/dist/chunk-artifact.js:302:11
    at file:///C:/Users/Cristian/Documents/trabajo/arc/labs/.worktrees/QC-141-reserva-de-material-del-pedido/node_modules/.pnpm/@vitest+runner@4.1.10/node_modules/@vitest/runner/dist/chunk-artifact.js:1903:26
    at file:///C:/Users/Cristian/Documents/trabajo/arc/labs/.worktrees/QC-141-reserva-de-material-del-pedido/node_modules/.pnpm/@vitest+runner@4.1.10/node_modules/@vitest/runner/dist/chunk-artifact.js:2326:20
    at new Promise (<anonymous>)
    at runWithCancel (file:///C:/Users/Cristian/Documents/trabajo/arc/labs/.worktrees/QC-141-reserva-de-material-del-pedido/node_modules/.pnpm/@vitest+runner@4.1.10/node_modules/@vitest/runner/dist/chunk-artifact.js:2323:10)
    at file:///C:/Users/Cristian/Documents/trabajo/arc/labs/.worktrees/QC-141-reserva-de-material-del-pedido/node_modules/.pnpm/@vitest+runner@4.1.10/node_modules/@vitest/runner/dist/chunk-artifact.js:2305:20
    at new Promise (<anonymous>)
    at runWithTimeout (file:///C:/Users/Cristian/Documents/trabajo/arc/labs/.worktrees/QC-141-reserva-de-material-del-pedido/node_modules/.pnpm/@vitest+runner@4.1.10/node_modules/@vitest/runner/dist/chunk-artifact.js:2272:10)
    at file:///C:/Users/Cristian/Documents/trabajo/arc/labs/.worktrees/QC-141-reserva-de-material-del-pedido/node_modules/.pnpm/@vitest+runner@4.1.10/node_modules/@vitest/runner/dist/chunk-artifact.js:2955:64

stderr | tests/unit/pedidos/order-actions.test.ts > QC-151 — quoteOrderCostAction > un error ajeno se devuelve como unexpected, sin detalle
[error] requestId=7c9e6679-7425-40de-944b-e07fc1f90ae7 origen=borde code=unexpected error=Error: boom
Error: boom
    at C:/Users/Cristian/Documents/trabajo/arc/labs/.worktrees/QC-141-reserva-de-material-del-pedido/tests/unit/pedidos/order-actions.test.ts:591:46
    at file:///C:/Users/Cristian/Documents/trabajo/arc/labs/.worktrees/QC-141-reserva-de-material-del-pedido/node_modules/.pnpm/@vitest+runner@4.1.10/node_modules/@vitest/runner/dist/chunk-artifact.js:302:11
    at file:///C:/Users/Cristian/Documents/trabajo/arc/labs/.worktrees/QC-141-reserva-de-material-del-pedido/node_modules/.pnpm/@vitest+runner@4.1.10/node_modules/@vitest/runner/dist/chunk-artifact.js:1903:26
    at file:///C:/Users/Cristian/Documents/trabajo/arc/labs/.worktrees/QC-141-reserva-de-material-del-pedido/node_modules/.pnpm/@vitest+runner@4.1.10/node_modules/@vitest/runner/dist/chunk-artifact.js:2326:20
    at new Promise (<anonymous>)
    at runWithCancel (file:///C:/Users/Cristian/Documents/trabajo/arc/labs/.worktrees/QC-141-reserva-de-material-del-pedido/node_modules/.pnpm/@vitest+runner@4.1.10/node_modules/@vitest/runner/dist/chunk-artifact.js:2323:10)
    at file:///C:/Users/Cristian/Documents/trabajo/arc/labs/.worktrees/QC-141-reserva-de-material-del-pedido/node_modules/.pnpm/@vitest+runner@4.1.10/node_modules/@vitest/runner/dist/chunk-artifact.js:2305:20
    at new Promise (<anonymous>)
    at runWithTimeout (file:///C:/Users/Cristian/Documents/trabajo/arc/labs/.worktrees/QC-141-reserva-de-material-del-pedido/node_modules/.pnpm/@vitest+runner@4.1.10/node_modules/@vitest/runner/dist/chunk-artifact.js:2272:10)
    at file:///C:/Users/Cristian/Documents/trabajo/arc/labs/.worktrees/QC-141-reserva-de-material-del-pedido/node_modules/.pnpm/@vitest+runner@4.1.10/node_modules/@vitest/runner/dist/chunk-artifact.js:2955:64

stderr | tests/unit/pedidos/order-actions.test.ts > QC-60 R17 — sin las dos caras de la sesion no hay actor ni consulta > CADENA REAL sin contexto de sesion: las siete devuelven unauthorized y NINGUN puerto se toca
[error] requestId=7c9e6679-7425-40de-944b-e07fc1f90ae7 origen=borde code=unexpected error=Error: el puerto findAliveById no debe llamarse sin contexto de sesion
Error: el puerto findAliveById no debe llamarse sin contexto de sesion
    at Object.<anonymous> (C:/Users/Cristian/Documents/trabajo/arc/labs/.worktrees/QC-141-reserva-de-material-del-pedido/tests/unit/pedidos/order-actions.test.ts:706:15)
    at Object.Mock [as findAliveById] (file:///C:/Users/Cristian/Documents/trabajo/arc/labs/.worktrees/QC-141-reserva-de-material-del-pedido/node_modules/.pnpm/@vitest+spy@4.1.10/node_modules/@vitest/spy/dist/index.js:332:34)
    at Object.getOrder (C:/Users/Cristian/Documents/trabajo/arc/labs/.worktrees/QC-141-reserva-de-material-del-pedido/lib/modules/pedidos/domain/get-order.ts:90:35)
    at Object.Mock [as getOrder] (file:///C:/Users/Cristian/Documents/trabajo/arc/labs/.worktrees/QC-141-reserva-de-material-del-pedido/node_modules/.pnpm/@vitest+spy@4.1.10/node_modules/@vitest/spy/dist/index.js:332:34)
    at Module.getOrderAction (C:/Users/Cristian/Documents/trabajo/arc/labs/.worktrees/QC-141-reserva-de-material-del-pedido/lib/modules/pedidos/adapters/driving/order-actions.ts:273:32)
    at processTicksAndRejections (node:internal/process/task_queues:105:5)
    at C:/Users/Cristian/Documents/trabajo/arc/labs/.worktrees/QC-141-reserva-de-material-del-pedido/tests/unit/pedidos/order-actions.test.ts:769:25
    at file:///C:/Users/Cristian/Documents/trabajo/arc/labs/.worktrees/QC-141-reserva-de-material-del-pedido/node_modules/.pnpm/@vitest+runner@4.1.10/node_modules/@vitest/runner/dist/chunk-artifact.js:1903:20

 ✓ |node| tests/unit/pedidos/order-actions.test.ts (16 tests) 187ms
 ✓ |node| tests/guards/guard-contrato-listados.test.ts (20 tests) 186ms
 ✓ |node| tests/guards/guard-tipos-de-producto.test.ts (5 tests) 342ms
 ✓ |node| tests/guards/guard-libro-de-inventario.test.ts (14 tests) 220ms
 ✓ |node| tests/unit/identity/session-cookie.test.ts (19 tests) 83ms
stderr | tests/unit/proveedores/supplier-actions.test.ts > Server Actions de proveedores — actor, forma de entrada y errores > traduce cada error de dominio a status error con el code estable de la clase, nunca con el texto
{
  code: 'supplier_duplicate_name',
  diagnostic: 'nombre normalizado ya usado por sup-7'
}

stderr | tests/unit/proveedores/supplier-actions.test.ts > Server Actions de proveedores — actor, forma de entrada y errores > traduce cada error de dominio a status error con el code estable de la clase, nunca con el texto
[error] requestId=7c9e6679-7425-40de-944b-e07fc1f90ae7 origen=borde code=unexpected error=Error: connection terminated unexpectedly
Error: connection terminated unexpectedly
    at C:/Users/Cristian/Documents/trabajo/arc/labs/.worktrees/QC-141-reserva-de-material-del-pedido/tests/unit/proveedores/supplier-actions.test.ts:531:19
    at processTicksAndRejections (node:internal/process/task_queues:105:5)
    at file:///C:/Users/Cristian/Documents/trabajo/arc/labs/.worktrees/QC-141-reserva-de-material-del-pedido/node_modules/.pnpm/@vitest+runner@4.1.10/node_modules/@vitest/runner/dist/chunk-artifact.js:1903:20

stderr | tests/unit/proveedores/supplier-actions.test.ts > Server Actions de proveedores — actor, forma de entrada y errores > traduce cada error de dominio a status error con el code estable de la clase, nunca con el texto
[error] requestId=7c9e6679-7425-40de-944b-e07fc1f90ae7 origen=borde code=unexpected error=Error: connection terminated unexpectedly
Error: connection terminated unexpectedly
    at C:/Users/Cristian/Documents/trabajo/arc/labs/.worktrees/QC-141-reserva-de-material-del-pedido/tests/unit/proveedores/supplier-actions.test.ts:531:19
    at processTicksAndRejections (node:internal/process/task_queues:105:5)
    at file:///C:/Users/Cristian/Documents/trabajo/arc/labs/.worktrees/QC-141-reserva-de-material-del-pedido/node_modules/.pnpm/@vitest+runner@4.1.10/node_modules/@vitest/runner/dist/chunk-artifact.js:1903:20

 ✓ |node| tests/unit/proveedores/supplier-actions.test.ts (4 tests) 131ms
 ✓ |node| tests/guards/guard-identificador-de-request.test.ts (23 tests) 201ms
 ✓ |node| tests/unit/configuracion-ui/units-route-contract.test.ts (11 tests) 232ms
 ✓ |node| tests/unit/configuracion-ui/presentations-route-contract.test.ts (10 tests) 280ms
 ✓ |node| tests/unit/documentos/qc111-alcance.test.ts (34 tests | 2 skipped) 325ms
 ✓ |node| tests/unit/inventario/presentation-actions.test.ts (27 tests) 129ms
 ✓ |node| tests/unit/identity/sesiones/session-actions.test.ts (15 tests) 115ms
stderr | tests/unit/identity/grupos/work-group-actions.test.ts > R43 — el error se traduce por su code > un error ajeno al dominio sale como unexpected, con referencia y sin filtrar su texto
[error] requestId=7c9e6679-7425-40de-944b-e07fc1f90ae7 origen=borde code=unexpected error=Error: connection terminated unexpectedly
Error: connection terminated unexpectedly
    at C:/Users/Cristian/Documents/trabajo/arc/labs/.worktrees/QC-141-reserva-de-material-del-pedido/tests/unit/identity/grupos/work-group-actions.test.ts:314:42
    at file:///C:/Users/Cristian/Documents/trabajo/arc/labs/.worktrees/QC-141-reserva-de-material-del-pedido/node_modules/.pnpm/@vitest+runner@4.1.10/node_modules/@vitest/runner/dist/chunk-artifact.js:302:11
    at file:///C:/Users/Cristian/Documents/trabajo/arc/labs/.worktrees/QC-141-reserva-de-material-del-pedido/node_modules/.pnpm/@vitest+runner@4.1.10/node_modules/@vitest/runner/dist/chunk-artifact.js:1903:26
    at file:///C:/Users/Cristian/Documents/trabajo/arc/labs/.worktrees/QC-141-reserva-de-material-del-pedido/node_modules/.pnpm/@vitest+runner@4.1.10/node_modules/@vitest/runner/dist/chunk-artifact.js:2326:20
    at new Promise (<anonymous>)
    at runWithCancel (file:///C:/Users/Cristian/Documents/trabajo/arc/labs/.worktrees/QC-141-reserva-de-material-del-pedido/node_modules/.pnpm/@vitest+runner@4.1.10/node_modules/@vitest/runner/dist/chunk-artifact.js:2323:10)
    at file:///C:/Users/Cristian/Documents/trabajo/arc/labs/.worktrees/QC-141-reserva-de-material-del-pedido/node_modules/.pnpm/@vitest+runner@4.1.10/node_modules/@vitest/runner/dist/chunk-artifact.js:2305:20
    at new Promise (<anonymous>)
    at runWithTimeout (file:///C:/Users/Cristian/Documents/trabajo/arc/labs/.worktrees/QC-141-reserva-de-material-del-pedido/node_modules/.pnpm/@vitest+runner@4.1.10/node_modules/@vitest/runner/dist/chunk-artifact.js:2272:10)
    at file:///C:/Users/Cristian/Documents/trabajo/arc/labs/.worktrees/QC-141-reserva-de-material-del-pedido/node_modules/.pnpm/@vitest+runner@4.1.10/node_modules/@vitest/runner/dist/chunk-artifact.js:2955:64

 ✓ |node| tests/unit/identity/grupos/work-group-actions.test.ts (29 tests) 132ms
stderr | tests/unit/unidades/unit-actions.test.ts > listUnitsAction > la action traduce el error de dominio a estado serializable sin relanzar, con el mensaje del catalogo
{ code: 'unauthorized', diagnostic: 'sin permiso' }

 ✓ |node| tests/unit/unidades/unit-actions.test.ts (47 tests) 140ms
 ✓ |node| tests/unit/identity/usuarios/authorization.test.ts (10 tests) 226ms
 ✓ |node| tests/unit/inventario/schema/inventory-movements-migration.test.ts (9 tests) 242ms
 ✓ |node| tests/unit/proveedores/supplier-route-contract.test.ts (14 tests) 235ms
 ✓ |node| tests/unit/inventario/schema/presentation-unit-migration.test.ts (11 tests) 60ms
 ✓ |node| tests/guards/guard-autorizacion-por-permiso.test.ts (13 tests) 159ms
 ✓ |node| tests/unit/pedidos/scope.test.ts (10 tests) 193ms
 ✓ |node| tests/unit/proveedores-ui/guard-herencia-armazon-privado.test.ts (7 tests | 1 skipped) 159ms
 ✓ |node| tests/unit/unidades/schema/unidades-migration.test.ts (36 tests) 133ms
stderr | tests/unit/inventario/product-actions.test.ts > QC-81 — la fecha de compra viaja del FormData al caso de uso > entrega batch_duplicate_lot al llamante con el texto del catalogo, como los demas codigos (R13)
{
  code: 'batch_duplicate_lot',
  diagnostic: 'company-a: lote L-2026-001'
}

 ✓ |node| tests/unit/inventario/product-actions.test.ts (36 tests) 149ms
 ✓ |node| tests/unit/identity/schema/work-groups-migration.test.ts (33 tests) 138ms
stderr | tests/unit/inventario/batch-actions.test.ts > adjustBatchStockAction > traduce batch_not_found con el texto del catalogo y sin el diagnostico
{
  code: 'batch_not_found',
  diagnostic: 'company-a: lote 11111111-1111-4111-8111-111111111111'
}

stderr | tests/unit/inventario/batch-actions.test.ts > adjustBatchStockAction > traduce batch_stock_negative con el texto del catalogo y sin el diagnostico
{
  code: 'batch_stock_negative',
  diagnostic: 'lote 11111111-1111-4111-8111-111111111111: -3'
}

stderr | tests/unit/inventario/batch-actions.test.ts > listBatchMovementsAction > traduce batch_not_found con el texto del catalogo y sin el diagnostico
{ code: 'batch_not_found', diagnostic: 'company-a: lote ajeno' }

 ✓ |node| tests/unit/inventario/batch-actions.test.ts (18 tests) 116ms
 ✓ |node| tests/unit/documentos/ai-limits.test.ts (3 tests) 99ms
 ✓ |node| tests/unit/identity/seed/seed-initial-access.test.ts (20 tests) 79ms
 ✓ |node| tests/unit/identity/credencial/credential-setup-actions.test.ts (28 tests) 116ms
 ✓ |node| tests/unit/inventario/schema/inventory-company-scope-migration.test.ts (17 tests) 142ms
 ✓ |node| tests/unit/recetas/company-isolation-service.test.ts (25 tests) 94ms
 ✓ |node| tests/unit/identity/route-guard-request-id.test.ts (9 tests) 146ms
 ✓ |node| tests/unit/inventario/qc81-alcance.test.ts (17 tests | 5 skipped) 123ms
 ✓ |node| tests/unit/identity/grupos/work-group-service.test.ts (21 tests) 106ms
 ✓ |node| tests/unit/inventario/create-product.test.ts (63 tests) 127ms
 ✓ |node| tests/unit/proveedores/schema/proveedores-migration.test.ts (49 tests) 150ms
 ✓ |node| tests/unit/pedidos/schema/orders-company-scope-migration.test.ts (19 tests) 129ms
 ✓ |node| tests/unit/asignaciones/schema/order-assignments-migration.test.ts (44 tests) 130ms
 ✓ |node| tests/unit/pedidos/order-expiry-cron-route.test.ts (7 tests) 73ms
 ✓ |node| tests/unit/identity/usuarios/user-input.test.ts (15 tests) 59ms
 ✓ |node| tests/unit/pedidos/schema/pedidos-migration.test.ts (39 tests) 98ms
 ✓ |node| tests/unit/recetas/schema/recipes-company-scope-migration.test.ts (15 tests) 84ms
 ✓ |node| tests/unit/proveedores/scope.test.ts (7 tests) 151ms
 ✓ |node| tests/unit/proveedores-ui/catalog-route-contract.test.ts (11 tests) 79ms
 ✓ |node| tests/unit/proveedores/company-isolation-service.test.ts (52 tests) 133ms
 ✓ |node| tests/unit/recetas/authorization.test.ts (13 tests) 125ms
 ✓ |node| tests/unit/identity/login-action.test.ts (20 tests) 134ms
 ✓ |node| tests/guards/guard-ambito-empresa-recetas.test.ts (25 tests) 90ms
 ✓ |node| tests/unit/identity/usuarios/user-service.test.ts (29 tests) 105ms
 ✓ |node| tests/unit/asignaciones/assign-responsibles.test.ts (38 tests) 126ms
 ✓ |node| tests/guards/guard-ambito-empresa-proveedores.test.ts (29 tests) 178ms
 ✓ |node| tests/unit/inventario/company-isolation-service.test.ts (18 tests) 110ms
 ✓ |node| tests/guards/guard-qc87-no-reimplementado.test.ts (12 tests) 48ms
 ✓ |node| tests/unit/documentos/image-cropper-sharp.test.ts (4 tests) 51ms
 ✓ |node| tests/unit/identity/schema/credential-setup-migration.test.ts (28 tests) 71ms
 ✓ |node| tests/unit/pedidos/schema/pedidos-schema.test.ts (28 tests) 68ms
 ✓ |node| tests/unit/recetas/scope.test.ts (5 tests) 76ms
 ✓ |node| tests/unit/recetas/recipe-service.test.ts (23 tests) 84ms
 ✓ |node| tests/unit/pedidos/list-orders.test.ts (33 tests) 91ms
 ✓ |node| tests/guards/guard-ambito-empresa-inventario.test.ts (26 tests) 66ms
 ✓ |node| tests/unit/asignaciones/authorization.test.ts (29 tests) 105ms
 ✓ |node| tests/unit/pedidos/company-isolation-service.test.ts (26 tests) 137ms
 ✓ |node| tests/guards/guard-ambito-empresa-pedidos.test.ts (36 tests) 110ms
 ✓ |node| tests/unit/recetas/schema/recetas-schema.test.ts (19 tests) 52ms
 ✓ |node| tests/guards/guard-rls-force.test.ts (4 tests) 69ms
stderr | tests/unit/recetas/recipe-actions.test.ts > QC-50 R13 — la empresa sale de getSessionContext y nunca de la entrada > las cinco actions piden LAS DOS caras de la sesion y componen el actor con la empresa
[error] requestId=7c9e6679-7425-40de-944b-e07fc1f90ae7 origen=borde code=unexpected error=TypeError: warnings is not iterable
TypeError: warnings is not iterable
    at Module.updateRecipeAction (C:/Users/Cristian/Documents/trabajo/arc/labs/.worktrees/QC-141-reserva-de-material-del-pedido/lib/modules/recetas/adapters/driving/recipe-actions.ts:155:27)
    at processTicksAndRejections (node:internal/process/task_queues:105:5)
    at C:/Users/Cristian/Documents/trabajo/arc/labs/.worktrees/QC-141-reserva-de-material-del-pedido/tests/unit/recetas/recipe-actions.test.ts:283:7
    at file:///C:/Users/Cristian/Documents/trabajo/arc/labs/.worktrees/QC-141-reserva-de-material-del-pedido/node_modules/.pnpm/@vitest+runner@4.1.10/node_modules/@vitest/runner/dist/chunk-artifact.js:1903:20

 ✓ |node| tests/unit/recetas/recipe-actions.test.ts (13 tests) 86ms
 ✓ |node| tests/unit/documentos/document-job-route.test.ts (8 tests) 91ms
stderr | tests/unit/documentos/document-upload-actions.test.ts > documentos — la Server Action de la emision de enlaces > la traduccion es POR EL CODE, nunca por el texto (R29) > R29 — un error ajeno al dominio sale como `unexpected`, con referencia y sin filtrar su texto
[error] requestId=7c9e6679-7425-40de-944b-e07fc1f90ae7 origen=borde code=unexpected error=Error: storage responded 500 for bucket documentos
Error: storage responded 500 for bucket documentos
    at C:/Users/Cristian/Documents/trabajo/arc/labs/.worktrees/QC-141-reserva-de-material-del-pedido/tests/unit/documentos/document-upload-actions.test.ts:315:46
    at file:///C:/Users/Cristian/Documents/trabajo/arc/labs/.worktrees/QC-141-reserva-de-material-del-pedido/node_modules/.pnpm/@vitest+runner@4.1.10/node_modules/@vitest/runner/dist/chunk-artifact.js:302:11
    at file:///C:/Users/Cristian/Documents/trabajo/arc/labs/.worktrees/QC-141-reserva-de-material-del-pedido/node_modules/.pnpm/@vitest+runner@4.1.10/node_modules/@vitest/runner/dist/chunk-artifact.js:1903:26
    at file:///C:/Users/Cristian/Documents/trabajo/arc/labs/.worktrees/QC-141-reserva-de-material-del-pedido/node_modules/.pnpm/@vitest+runner@4.1.10/node_modules/@vitest/runner/dist/chunk-artifact.js:2326:20
    at new Promise (<anonymous>)
    at runWithCancel (file:///C:/Users/Cristian/Documents/trabajo/arc/labs/.worktrees/QC-141-reserva-de-material-del-pedido/node_modules/.pnpm/@vitest+runner@4.1.10/node_modules/@vitest/runner/dist/chunk-artifact.js:2323:10)
    at file:///C:/Users/Cristian/Documents/trabajo/arc/labs/.worktrees/QC-141-reserva-de-material-del-pedido/node_modules/.pnpm/@vitest+runner@4.1.10/node_modules/@vitest/runner/dist/chunk-artifact.js:2305:20
    at new Promise (<anonymous>)
    at runWithTimeout (file:///C:/Users/Cristian/Documents/trabajo/arc/labs/.worktrees/QC-141-reserva-de-material-del-pedido/node_modules/.pnpm/@vitest+runner@4.1.10/node_modules/@vitest/runner/dist/chunk-artifact.js:2272:10)
    at file:///C:/Users/Cristian/Documents/trabajo/arc/labs/.worktrees/QC-141-reserva-de-material-del-pedido/node_modules/.pnpm/@vitest+runner@4.1.10/node_modules/@vitest/runner/dist/chunk-artifact.js:2955:64

 ✓ |node| tests/unit/documentos/document-upload-actions.test.ts (23 tests) 76ms
 ✓ |node| tests/unit/inventario/schema/product-batch-lot-migration.test.ts (12 tests) 86ms
 ✓ |node| tests/unit/documentos/crop-storage-config.test.ts (3 tests) 39ms
 ✓ |node| tests/unit/pedidos/order-input.test.ts (23 tests) 54ms
 ✓ |node| tests/guards/guard-pantallas-exigen-permiso.test.ts (9 tests) 76ms
 ✓ |node| tests/unit/inventario/scope.test.ts (4 tests) 63ms
 ✓ |node| tests/unit/inventario/qc91-alcance.test.ts (33 tests) 98ms
 ✓ |node| tests/unit/asignaciones/start-assigned-order.test.ts (9 tests) 39ms
 ✓ |node| tests/unit/documentos/ai-config.test.ts (13 tests) 65ms
 ✓ |node| tests/unit/inventario/schema/list-query-indexes-migration.test.ts (21 tests) 81ms
 ✓ |node| tests/unit/identity/route-access.test.ts (62 tests) 48ms
 ✓ |node| tests/unit/inventario/schema/inventario-audit-migration.test.ts (14 tests) 38ms
 ✓ |node| tests/unit/identity/credencial/create-user-credential.test.ts (21 tests) 82ms
 ✓ |node| tests/unit/pedidos/order-service.test.ts (23 tests) 94ms
 ✓ |node| tests/unit/identity/password-max-length.test.ts (4 tests) 64ms
 ✓ |node| tests/unit/documentos/queue-signature-qstash.test.ts (6 tests) 72ms
 ✓ |node| tests/unit/identity/credencial/secret-factory.test.ts (11 tests) 78ms
 ✓ |node| tests/unit/identity/schema/companies-migration.test.ts (21 tests) 75ms
 ✓ |node| tests/unit/pedidos/expire-stale-orders.test.ts (13 tests) 54ms
 ✓ |node| tests/unit/asignaciones/order-execution-actions.test.ts (3 tests) 68ms
 ✓ |node| tests/unit/asignaciones/list-assigned-orders.test.ts (18 tests) 68ms
 ✓ |node| tests/unit/documentos-ui/document-upload-convenciones.test.ts (6 tests) 80ms
 ✓ |node| tests/unit/inventario/schema/inventario-migration.test.ts (16 tests) 81ms
 ✓ |node| tests/guards/guard-catalogo-de-errores.test.ts (34 tests) 62ms
 ✓ |node| tests/unit/errores/catalogo.test.ts (33 tests) 59ms
 ✓ |node| tests/unit/identity/roles/role-actions.test.ts (10 tests) 43ms
 ✓ |node| tests/unit/identity/end-other-sessions.test.ts (11 tests) 39ms
 ✓ |node| tests/unit/documentos/issue-upload-links.test.ts (18 tests) 112ms
 ✓ |node| tests/unit/unidades/create-unit.test.ts (26 tests) 81ms
 ✓ |node| tests/guards/guard-e2e-landing.test.ts (16 tests) 63ms
 ✓ |node| tests/unit/recetas/recipe-input.test.ts (31 tests) 67ms
 ✓ |node| tests/unit/identity/credencial/mail-config.test.ts (15 tests) 60ms
 ✓ |node| tests/unit/asignaciones/list-order-responsibles.test.ts (26 tests) 56ms
 ✓ |node| tests/unit/inventario/product-batch-input.test.ts (29 tests) 61ms
 ✓ |node| tests/unit/unidades/update-unit.test.ts (27 tests) 63ms
 ✓ |node| tests/unit/proveedores/schema/proveedores-schema.test.ts (21 tests) 99ms
 ✓ |node| tests/unit/asignaciones/get-assigned-order-execution.test.ts (18 tests) 54ms
 ✓ |node| tests/unit/recetas/schema/recetas-migration.test.ts (18 tests) 75ms
 ✓ |node| tests/unit/inventario/list-use-cases.test.ts (20 tests) 65ms
 ✓ |node| tests/unit/asignaciones/remove-work-group-from-order.test.ts (19 tests) 61ms
 ✓ |node| tests/unit/proveedores/list-use-cases.test.ts (22 tests) 49ms
 ✓ |node| tests/unit/proveedores/catalog-service.test.ts (11 tests) 73ms
 ✓ |node| tests/unit/identity/credencial/set-credential-with-link.test.ts (16 tests) 75ms
 ✓ |node| tests/unit/observabilidad/error-state.test.ts (13 tests) 80ms
 ✓ |node| tests/unit/inventario/presentation-service.test.ts (18 tests) 47ms
 ✓ |node| tests/unit/inventario/adjust-batch-stock.test.ts (34 tests) 56ms
 ✓ |node| tests/unit/pedidos/update-order.test.ts (21 tests) 81ms
 ✓ |node| tests/unit/asignaciones/unassign-responsible.test.ts (22 tests) 58ms
 ✓ |node| tests/unit/asignaciones/list-responsibles-for-orders.test.ts (30 tests) 102ms
 ✓ |node| tests/unit/inventario/product-batch-lot-retry.test.ts (26 tests) 43ms
 ✓ |node| tests/unit/inventario/product-input.test.ts (15 tests) 53ms
 ✓ |node| tests/unit/pedidos/cancel-order.test.ts (12 tests) 54ms
 ✓ |node| tests/unit/proveedores/supplier-service.test.ts (10 tests) 51ms
 ✓ |node| tests/guards/guard-motivos-de-ajuste.test.ts (15 tests) 57ms
 ✓ |node| tests/unit/unidades/list-units-query.test.ts (19 tests) 45ms
 ✓ |node| tests/unit/proveedores/supplier-input.test.ts (7 tests) 45ms
 ✓ |node| tests/unit/asignaciones/list-company-orders.test.ts (14 tests) 43ms
 ✓ |node| tests/unit/recetas/list-recipes.test.ts (14 tests) 46ms
 ✓ |node| tests/unit/test-database/barrido-veredictos.test.ts (16 tests) 26ms
 ✓ |node| tests/unit/proveedores/catalog-line-input.test.ts (8 tests) 61ms
 ✓ |node| tests/unit/identity/grupos/add-member-errors.test.ts (6 tests) 44ms
 ✓ |node| tests/unit/documentos/crop-path.test.ts (3 tests) 13ms
 ✓ |node| tests/unit/identity/credencial/credential-setup-link-prisma.test.ts (15 tests) 37ms
 ✓ |node| tests/unit/identity/credencial/resend-link.test.ts (16 tests) 51ms
 ✓ |node| tests/unit/inventario/product-service.test.ts (12 tests) 51ms
 ✓ |node| tests/unit/recetas/recipe-catalog.test.ts (27 tests) 44ms
 ✓ |node| tests/unit/pedidos/create-order.test.ts (16 tests) 84ms
 ✓ |node| tests/unit/documentos/processing-queue-qstash.test.ts (3 tests) 100ms
 ✓ |node| tests/unit/documentos/document-batch-repository-prisma.test.ts (10 tests) 30ms
 ✓ |node| tests/unit/documentos/strategy-prompt-env.test.ts (7 tests) 30ms
 ✓ |node| tests/unit/pedidos/quote-order-cost.test.ts (20 tests) 71ms
 ✓ |node| tests/unit/unidades/schema/unidades-schema.test.ts (14 tests) 40ms
 ✓ |node| tests/unit/identity/grupos/work-group-input.test.ts (46 tests) 55ms
 ✓ |node| tests/unit/inventario/adjust-batch-stock-prisma.test.ts (13 tests) 42ms
 ✓ |node| tests/unit/unidades/list-units-action.test.ts (7 tests) 37ms
 ✓ |node| tests/unit/asignaciones/finish-assigned-order.test.ts (14 tests) 44ms
 ✓ |node| tests/unit/documentos/crop-catalog-images.test.ts (11 tests) 40ms
 ✓ |node| tests/unit/documentos/document-storage-remove.test.ts (3 tests) 46ms
 ✓ |node| tests/unit/proveedores/catalog-line-image-scope.test.ts (7 tests) 37ms
 ✓ |node| tests/unit/documentos/authorization.test.ts (21 tests) 43ms
 ✓ |node| tests/unit/documentos/read-document.test.ts (16 tests) 40ms
 ✓ |node| tests/unit/inventario/list-query.test.ts (23 tests) 36ms
 ✓ |node| tests/unit/identity/resolve-session.test.ts (33 tests) 40ms
 ✓ |node| tests/unit/asignaciones/order-state.test.ts (12 tests) 48ms
 ✓ |node| tests/unit/documentos/convert-pdf.test.ts (12 tests) 33ms
 ✓ |node| tests/unit/shared/migracion-listas-alcance.test.ts (4 tests) 44ms
 ✓ |node| tests/unit/recetas/recipe-lines-catalog.test.ts (5 tests) 37ms
 ✓ |node| tests/unit/identity/schema/identity-schema.test.ts (28 tests) 46ms
 ✓ |node| tests/unit/identity/grupos/members-pagination.test.ts (6 tests) 36ms
 ✓ |node| tests/unit/identity/grupos/members-filter.test.ts (8 tests) 41ms
 ✓ |node| tests/guards/guard-pantalla-pedidos-se-amplia.test.ts (10 tests | 2 skipped) 41ms
 ✓ |node| tests/unit/asignaciones/list-finished-orders.test.ts (11 tests) 42ms
 ✓ |node| tests/guards/guard-envio-de-correo.test.ts (5 tests) 42ms
 ✓ |node| tests/unit/identity/end-all-sessions.test.ts (21 tests) 33ms
 ✓ |node| tests/unit/shared/request-scope.test.ts (12 tests) 57ms
 ✓ |node| tests/unit/documentos/processing-config-env.test.ts (6 tests) 28ms
 ✓ |node| tests/unit/identity/schema/identity-migration.test.ts (19 tests) 52ms
 ✓ |node| tests/unit/pedidos/company-scope.test.ts (9 tests) 38ms
 ✓ |node| tests/unit/identity/usuarios/admin-guards.test.ts (9 tests) 39ms
 ✓ |node| tests/unit/documentos/read-pdf-with-ai.test.ts (12 tests) 37ms
 ✓ |node| tests/guards/guard-aislamiento-integracion.test.ts (6 tests) 35ms
 ✓ |node| tests/unit/identity/permissions.test.ts (26 tests) 39ms
 ✓ |node| tests/unit/identity/seed/deploy-hook.test.ts (11 tests) 30ms
 ✓ |node| tests/unit/proveedores-ui/supplier-route-contract.test.ts (5 tests) 31ms
 ✓ |node| tests/guards/guard-rutas-privadas-cubiertas.test.ts (7 tests) 81ms
 ✓ |node| tests/unit/identity/effective-account-status.test.ts (26 tests) 29ms
 ✓ |node| tests/unit/identity/session-claims.test.ts (19 tests) 35ms
 ✓ |node| tests/unit/documentos/run-document-job.test.ts (12 tests) 45ms
 ✓ |node| tests/unit/identity/session-id-factory.test.ts (6 tests) 42ms
 ✓ |node| tests/unit/identity/schema/account-status-schema.test.ts (11 tests) 39ms
 ✓ |node| tests/unit/recetas/recipe-image-lifecycle.test.ts (7 tests) 40ms
 ✓ |node| tests/unit/inventario/schema/product-unit-and-stored-stock-migration.test.ts (5 tests) 32ms
 ✓ |node| tests/guards/guard-empresa-en-esquema.test.ts (15 tests) 59ms
 ✓ |node| tests/unit/identity/schema/account-status-migration.test.ts (12 tests) 35ms
 ✓ |node| tests/unit/documentos/enqueue-batch.test.ts (8 tests) 31ms
 ✓ |node| tests/unit/identity/grupos/errors.test.ts (38 tests) 31ms
 ✓ |node| tests/unit/identity/usuarios/user-admin-prisma-lock-state.test.ts (5 tests) 25ms
 ✓ |node| tests/unit/proveedores/company-scope.test.ts (10 tests) 40ms
 ✓ |node| tests/unit/asignaciones/assignment-input.test.ts (15 tests) 30ms
 ✓ |node| tests/guards/guard-dobles-e2e.test.ts (5 tests) 41ms
 ✓ |node| tests/unit/identity/schema/packer-role-migration.test.ts (13 tests) 32ms
 ✓ |node| tests/unit/identity/credencial/mailer-resend.test.ts (9 tests) 31ms
 ✓ |node| tests/unit/unidades/unit-write-permissions.test.ts (20 tests) 34ms
 ✓ |node| tests/unit/recetas/recipe-step-document.test.ts (16 tests) 37ms
 ✓ |node| tests/unit/asignaciones/empacador-authorization.test.ts (10 tests) 33ms
 ✓ |node| tests/unit/recetas-ui/recipe-form-payload.test.ts (16 tests) 33ms
 ✓ |node| tests/unit/errores/to-error-state.test.ts (9 tests) 48ms
 ✓ |node| tests/unit/unidades/list-units.test.ts (10 tests) 30ms
 ✓ |node| tests/unit/identity/require-any-permission.test.ts (36 tests) 28ms
 ✓ |node| tests/unit/pedidos/delete-order.test.ts (9 tests) 30ms
 ✓ |node| tests/unit/asignaciones/order-assignment-repository.test.ts (14 tests) 31ms
 ✓ |node| tests/unit/identity/credential-policy.test.ts (19 tests) 31ms
 ✓ |node| tests/unit/identity/schema/user-permissions-migration.test.ts (11 tests) 33ms
 ✓ |node| tests/unit/pedidos/order-catalog.test.ts (20 tests) 34ms
 ✓ |node| tests/unit/test-database/aviso-base-atrasada.test.ts (9 tests) 26ms
 ✓ |node| tests/unit/identity/end-session.test.ts (7 tests) 30ms
 ✓ |node| tests/unit/unidades/unit-catalog.test.ts (13 tests) 24ms
 ✓ |node| tests/unit/navegacion/nav-filtrado.test.ts (18 tests) 26ms
 ✓ |node| tests/unit/navegacion/qc75-convenciones.test.ts (21 tests | 3 skipped) 31ms
 ✓ |node| tests/unit/pedidos-ui/order-list-params.test.ts (25 tests) 39ms
 ✓ |node| tests/unit/unidades/domain/convert-quantity.test.ts (22 tests) 27ms
 ✓ |node| tests/unit/configuracion-ui/private-nav-usuarios.test.ts (14 tests) 25ms
 ✓ |node| tests/unit/inventario/batch-movement-prisma.test.ts (6 tests) 30ms
 ✓ |node| tests/unit/configuracion-ui/unit-list-params.test.ts (15 tests) 33ms
 ✓ |node| tests/unit/unidades/unit-input.test.ts (15 tests) 25ms
 ✓ |node| tests/unit/pedidos/find-coverage.test.ts (9 tests) 33ms
 ✓ |node| tests/unit/recetas/recipe-step-contract.test.ts (5 tests) 29ms
 ✓ |node| tests/unit/configuracion-ui/grupos/work-group-list-params.test.ts (46 tests) 31ms
 ✓ |node| tests/unit/configuracion-ui/user-list-params.test.ts (51 tests) 33ms
 ✓ |node| tests/unit/recetas/storage-config.test.ts (5 tests) 25ms
 ✓ |node| tests/unit/recetas-ui/recipe-step-document.test.ts (13 tests) 26ms
 ✓ |node| tests/unit/pedidos-ui/order-route-contract.test.ts (22 tests) 30ms
 ✓ |node| tests/guards/guard-lote-sin-join.test.ts (7 tests) 46ms
 ✓ |node| tests/unit/recetas/recipe-image-url.test.ts (3 tests) 24ms
 ✓ |node| tests/unit/documentos/upload-input.test.ts (11 tests) 23ms
 ✓ |node| tests/unit/dashboard-route-contract.test.ts (10 tests) 24ms
 ✓ |node| tests/unit/shared/data-table-params.test.ts (14 tests) 43ms
 ✓ |node| tests/unit/configuracion-ui/presentation-list-params.test.ts (15 tests) 34ms
 ✓ |node| tests/unit/identity/usuarios/errors.test.ts (35 tests) 39ms
 ✓ |node| tests/unit/identity/roles/list-roles-authorization.test.ts (9 tests) 24ms
 ✓ |node| tests/unit/identity/session-revocation.test.ts (18 tests) 20ms
 ✓ |node| tests/unit/inventario/company-scope.test.ts (9 tests) 25ms
 ✓ |node| tests/unit/documentos/ai-timeout.test.ts (5 tests) 25ms
 ✓ |node| tests/unit/identity/seed/initial-access-credentials-env.test.ts (6 tests) 21ms
 ✓ |node| tests/unit/identity/resolve-session-user.test.ts (9 tests) 24ms
 ✓ |node| tests/unit/configuracion-ui/grupos/usuarios-tabs.test.ts (11 tests) 28ms
 ✓ |node| tests/unit/documentos/ai-read-input.test.ts (9 tests) 19ms
 ✓ |node| tests/unit/proveedores-ui/supplier-list-params.test.ts (38 tests) 31ms
 ✓ |node| tests/unit/identity/usuarios/set-user-account-status-lock.test.ts (5 tests) 25ms
 ✓ |node| tests/unit/recetas/company-scope.test.ts (4 tests) 24ms
 ✓ |node| tests/guards/guard-primitivas-ui-usan-el-cn-del-repo.test.ts (3 tests) 48ms
 ✓ |node| tests/unit/unidades/unit-prisma-where.test.ts (11 tests) 24ms
 ✓ |node| tests/guards/guard-modelos-de-agentes.test.ts (13 tests) 24ms
 ✓ |node| tests/unit/inventario/schema/inventario-split-migration.test.ts (8 tests) 23ms
 ✓ |node| tests/unit/identity/work-group-name.test.ts (8 tests) 21ms
 ✓ |node| tests/unit/recetas/recipe-prisma-steps.test.ts (5 tests) 24ms
 ✓ |node| tests/unit/pedidos/order-transitions.test.ts (21 tests) 22ms
 ✓ |node| tests/unit/recetas/schema/recipe-lines-percentage-migration.test.ts (8 tests) 49ms
 ✓ |node| tests/unit/documentos/crop-region.test.ts (11 tests) 23ms
 ✓ |node| tests/unit/documentos/qc106-alcance.test.ts (14 tests | 8 skipped) 20ms
 ✓ |node| tests/unit/identity/usuarios/set-user-account-status-cleared-lock-state.test.ts (5 tests) 26ms
 ✓ |node| tests/unit/documentos/crop-coordinates.test.ts (9 tests) 25ms
 ✓ |node| tests/unit/documentos/qc108-alcance.test.ts (13 tests | 8 skipped) 22ms
 ✓ |node| tests/unit/configuracion-ui/private-nav-unidades.test.ts (10 tests) 21ms
 ✓ |node| tests/unit/theme/color-tokens.test.ts (7 tests) 21ms
 ✓ |node| tests/unit/identity/require-page-permission.test.ts (6 tests) 22ms
 ✓ |node| tests/unit/documentos/get-batch-status.test.ts (6 tests) 25ms
 ✓ |node| tests/unit/asignaciones-ui/assigned-orders-list-params.test.ts (12 tests) 23ms
 ✓ |node| tests/unit/asignaciones-ui/assignment-view-params.test.ts (17 tests) 23ms
 ✓ |node| tests/unit/identity/require-permission.test.ts (17 tests) 21ms
 ✓ |node| tests/unit/inventario/schema/reservations-and-decimal-stock-migration.test.ts (10 tests) 36ms
 ✓ |node| tests/unit/documentos/enqueue-input.test.ts (7 tests) 22ms
 ✓ |node| tests/unit/composition/asignaciones-facade.test.ts (11 tests) 20ms
 ✓ |node| tests/unit/inventario/product-catalog.test.ts (10 tests) 22ms
 ✓ |node| tests/unit/identity/roles/list-roles.test.ts (7 tests) 21ms
 ✓ |node| tests/unit/unidades/unit-view-projection.test.ts (8 tests) 21ms
 ✓ |node| tests/unit/recetas/schema/recipe-steps-reset-migration.test.ts (7 tests) 24ms
 ✓ |node| tests/unit/identity/logout-action.test.ts (4 tests) 20ms
 ✓ |node| tests/unit/asignaciones/list-responsible-candidates.test.ts (6 tests) 23ms
 ✓ |node| tests/unit/recetas/recipe-image-scope.test.ts (4 tests) 17ms
 ✓ |node| tests/unit/observabilidad/error-state-types.test.ts (9 tests) 19ms
 ✓ |node| tests/unit/recetas-ui/recipe-list-params.test.ts (37 tests) 26ms
 ✓ |node| tests/unit/identity/session-count-artifact.test.ts (9 tests) 37ms
 ✓ |node| tests/unit/identity/return-path.test.ts (28 tests) 18ms
 ✓ |node| tests/unit/e2e-helpers/landing.test.ts (8 tests) 21ms
 ✓ |node| tests/unit/asignaciones-ui/assigned-orders-route-contract.test.ts (12 tests) 24ms
 ✓ |node| tests/unit/observabilidad/request-id.test.ts (7 tests) 19ms
 ✓ |node| tests/unit/pedidos/order-view.test.ts (15 tests) 19ms
 ✓ |node| tests/unit/unidades/delete-unit.test.ts (6 tests) 22ms
 ✓ |node| tests/unit/proveedores-ui/catalog-list-params.test.ts (11 tests) 25ms
 ✓ |node| tests/unit/identity/schema/seed-migration.test.ts (9 tests) 19ms
 ✓ |node| tests/unit/pedidos/schema/orders-presentation-migration.test.ts (6 tests) 17ms
 ✓ |node| tests/unit/pedidos/schema/orders-finished-at-migration.test.ts (7 tests) 23ms
 ✓ |node| tests/unit/inventario/product-name.test.ts (10 tests) 21ms
 ✓ |node| tests/unit/pedidos/transition-order.test.ts (8 tests) 29ms
 ✓ |node| tests/unit/unidades/domain/unit-name.test.ts (8 tests) 18ms
 ✓ |node| tests/unit/inventario/presentation-input.test.ts (7 tests) 25ms
 ✓ |node| tests/unit/inventario/decimal-quantity.test.ts (8 tests) 13ms
 ✓ |node| tests/unit/pedidos/qc146-alcance.test.ts (9 tests) 21ms
 ✓ |node| tests/unit/configuracion-ui/private-nav-configuracion.test.ts (8 tests) 18ms
 ✓ |node| tests/unit/shared-ui/decimal-display.test.ts (12 tests) 18ms
 ✓ |node| tests/unit/pedidos/order-cost.test.ts (24 tests) 26ms
 ✓ |node| tests/unit/recetas/recipe-percentage.test.ts (18 tests) 19ms
 ✓ |node| tests/unit/proveedores/domain/supplier-name.test.ts (6 tests) 16ms
 ✓ |node| tests/unit/inventario/product-list-params.test.ts (15 tests) 24ms
 ✓ |node| tests/unit/identity/credencial/link-lifetime.test.ts (12 tests) 16ms
 ✓ |node| tests/unit/asignaciones/assignment-views.test.ts (12 tests) 19ms
 ✓ |node| tests/unit/inventario/presentation-prisma.test.ts (15 tests) 18ms
 ✓ |node| tests/guards/guard-doc-permisos.test.ts (6 tests) 16ms
 ✓ |node| tests/unit/inventario/product-prisma.test.ts (7 tests) 18ms
 ✓ |node| tests/unit/identity/company-name.test.ts (8 tests) 17ms
 ✓ |node| tests/unit/configuracion-ui/user-labels.test.ts (15 tests) 24ms
 ✓ |node| tests/unit/pedidos/resolve-ingredients-cost.test.ts (8 tests) 27ms
 ✓ |node| tests/unit/composition/documentos-facade.test.ts (5 tests) 20ms
 ✓ |node| tests/unit/inventario/presentation-catalog.test.ts (5 tests) 16ms
 ✓ |node| tests/unit/documentos/route-segment-config.test.ts (5 tests) 18ms
 ✓ |node| tests/unit/inventario/plan-reservation.test.ts (8 tests) 18ms
 ✓ |node| tests/unit/recetas/schema/recipes-search-index-migration.test.ts (4 tests) 15ms
 ✓ |node| tests/unit/recetas/recipe-image.test.ts (9 tests) 13ms
 ✓ |node| tests/unit/inventario/presentation-name.test.ts (6 tests) 11ms
 ✓ |node| tests/guards/guard-qc102-limites-de-la-ficha.test.ts (6 tests | 3 skipped) 15ms
 ✓ |node| tests/unit/inventario/module-contract.test.ts (5 tests) 16ms
 ✓ |node| tests/unit/inventario/product-catalog-costing.test.ts (8 tests) 24ms
 ✓ |node| tests/unit/test-database/guardian-r12.test.ts (8 tests) 14ms
 ✓ |node| tests/unit/shared/listas-blancas-listados.test.ts (5 tests) 13ms
 ✓ |node| tests/unit/initials.test.ts (8 tests) 11ms
 ✓ |node| tests/unit/pedidos/domain/order-number.test.ts (4 tests) 15ms
 ✓ |node| tests/unit/documentos/revision-de-prompts-doc.test.ts (6 tests) 15ms
 ✓ |node| tests/unit/navegacion/menu-empacador.test.ts (4 tests) 15ms
 ✓ |node| tests/unit/identity/account-lock.test.ts (5 tests) 17ms
 ✓ |node| tests/unit/theme/theme-state.test.ts (5 tests) 14ms
 ✓ |node| tests/unit/pedidos/cron-secret-env.test.ts (7 tests) 13ms
 ✓ |node| tests/unit/recetas/domain/recipe-name.test.ts (6 tests) 15ms
 ✓ |node| tests/unit/documentos/canvas-no-empaquetado.test.ts (7 tests) 15ms
 ✓ |node| tests/unit/identity/session-ticket.test.ts (4 tests) 13ms
 ✓ |node| tests/unit/documentos/ports-shape.test.ts (3 tests) 11ms
 ✓ |node| tests/unit/middleware-root-contract.test.ts (6 tests) 15ms
 ✓ |node| tests/unit/pedidos/order-prisma-errors.test.ts (7 tests) 11ms
 ✓ |node| tests/unit/inventario/product-cost-amount.test.ts (16 tests) 20ms
 ✓ |node| tests/guards/guard-password-hash-module.test.ts (4 tests) 13ms
 ✓ |node| tests/unit/inventario/unit-cost.test.ts (8 tests) 13ms
 ✓ |node| tests/unit/configuracion-ui/unit-equivalence.test.ts (19 tests) 24ms
 ✓ |node| tests/unit/inventario/product-stock.test.ts (8 tests) 16ms
 ✓ |node| tests/unit/pedidos-ui/private-nav-pedidos.test.ts (4 tests) 16ms
 ✓ |node| tests/unit/inventario/decimal-quantity-convenciones.test.ts (2 tests) 13ms
 ✓ |node| tests/unit/proveedores-ui/catalog-directories.test.ts (7 tests) 20ms
 ✓ |node| tests/unit/unidades/unit-write-port.test.ts (2 tests) 8ms
 ✓ |node| tests/unit/proveedores/catalog-line-fk.test.ts (4 tests) 14ms
 ✓ |node| tests/unit/pagination.test.ts (4 tests) 11ms
 ✓ |node| tests/unit/pedidos/schema/orders-ingredients-cost-migration.test.ts (2 tests) 14ms
 ✓ |node| tests/unit/shared/list-query-log.test.ts (3 tests) 13ms
 ✓ |node| tests/unit/identity/session-check-log.test.ts (4 tests) 12ms
 ✓ |node| tests/guards/guard-permisos-sembrados.test.ts (9 tests) 14ms
 ✓ |node| tests/unit/identity/display-name.test.ts (5 tests) 11ms
 ✓ |node| tests/unit/pedidos/route-segment-config.test.ts (4 tests) 19ms
 ✓ |node| tests/unit/unidades/errors.test.ts (2 tests) 12ms
 ✓ |node| tests/unit/configuracion-ui/permisos-unidades-coherentes.test.ts (6 tests) 11ms
 ✓ |node| tests/unit/inventario/batch-order.test.ts (5 tests) 12ms
 ✓ |node| tests/unit/pedidos/vercel-cron.test.ts (2 tests) 12ms
 ✓ |node| tests/unit/documentos/failure-kind.test.ts (6 tests) 12ms
 ✓ |node| tests/guards/guard-dependencias-aprobadas.test.ts (2 tests) 13ms
 ✓ |node| tests/unit/pedidos-ui/permiso-ruta-pedidos.test.ts (6 tests) 13ms
 ✓ |node| tests/unit/inventario/schema/inventory-movement-kind-consumption-migration.test.ts (5 tests) 11ms
 ✓ |node| tests/unit/identity/breached-credential-list.test.ts (3 tests) 14ms
 ✓ |node| tests/guards/guard-nav-serializable.test.ts (3 tests) 12ms
 ✓ |node| tests/unit/asignaciones/responsible-eligibility.test.ts (6 tests) 12ms
 ✓ |node| tests/unit/pedidos/order-requirement.test.ts (5 tests) 12ms
 ✓ |node| tests/unit/theme/sin-dependencias-nuevas.test.ts (1 test) 10ms
 ✓ |node| tests/unit/documentos/ai-errors.test.ts (3 tests) 10ms
 ✓ |node| tests/unit/documentos/next-config-externos.test.ts (1 test) 12ms
 ✓ |node| tests/unit/inventario/product-display-name.test.ts (3 tests) 9ms
 ✓ |node| tests/unit/theme/ui-primitivas-intactas.test.ts (1 test) 8ms
 ✓ |node| tests/unit/documentos/crop-prompt.test.ts (2 tests) 9ms
 ✓ |node| tests/guards/guard-nav-permisos-declarados.test.ts (7 tests) 15ms
 ✓ |node| tests/unit/pedidos-ui/order-decimal.test.ts (13 tests) 17ms
 ✓ |node| tests/unit/pedidos-ui/order-amount.test.ts (4 tests) 13ms
stderr | tests/unit/pedidos-ui/order-sheet.test.tsx > panel lateral de pedidos (R25, R35, R36) > el alta se abre en un panel lateral SOBRE la lista, sin navegar a otra URL
An update to OrderForm inside a test was not wrapped in act(...).

When testing, code that causes React state updates should be wrapped into act(...):

act(() => {
  /* fire events that update state */
});
/* assert on the output */

This ensures that you're testing the behavior the user would see in the browser. Learn more at https://react.dev/link/wrap-tests-with-act
An update to OrderForm inside a test was not wrapped in act(...).

When testing, code that causes React state updates should be wrapped into act(...):

act(() => {
  /* fire events that update state */
});
/* assert on the output */

This ensures that you're testing the behavior the user would see in the browser. Learn more at https://react.dev/link/wrap-tests-with-act
An update to OrderForm inside a test was not wrapped in act(...).

When testing, code that causes React state updates should be wrapped into act(...):

act(() => {
  /* fire events that update state */
});
/* assert on the output */

This ensures that you're testing the behavior the user would see in the browser. Learn more at https://react.dev/link/wrap-tests-with-act

stderr | tests/unit/pedidos-ui/order-sheet.test.tsx > panel lateral de pedidos (R25, R35, R36) > al cerrar el panel la URL conserva pagina, tamano, orden y filtros
An update to OrderForm inside a test was not wrapped in act(...).

When testing, code that causes React state updates should be wrapped into act(...):

act(() => {
  /* fire events that update state */
});
/* assert on the output */

This ensures that you're testing the behavior the user would see in the browser. Learn more at https://react.dev/link/wrap-tests-with-act
An update to OrderForm inside a test was not wrapped in act(...).

When testing, code that causes React state updates should be wrapped into act(...):

act(() => {
  /* fire events that update state */
});
/* assert on the output */

This ensures that you're testing the behavior the user would see in the browser. Learn more at https://react.dev/link/wrap-tests-with-act
An update to OrderForm inside a test was not wrapped in act(...).

When testing, code that causes React state updates should be wrapped into act(...):

act(() => {
  /* fire events that update state */
});
/* assert on the output */

This ensures that you're testing the behavior the user would see in the browser. Learn more at https://react.dev/link/wrap-tests-with-act

stderr | tests/unit/pedidos-ui/order-form-quote.test.tsx > R8 — el bloque de coste esta en el alta y en la edicion > se monta en los dos modos del formulario
An update to OrderForm inside a test was not wrapped in act(...).

When testing, code that causes React state updates should be wrapped into act(...):

act(() => {
  /* fire events that update state */
});
/* assert on the output */

This ensures that you're testing the behavior the user would see in the browser. Learn more at https://react.dev/link/wrap-tests-with-act
An update to OrderForm inside a test was not wrapped in act(...).

When testing, code that causes React state updates should be wrapped into act(...):

act(() => {
  /* fire events that update state */
});
/* assert on the output */

This ensures that you're testing the behavior the user would see in the browser. Learn more at https://react.dev/link/wrap-tests-with-act
An update to OrderForm inside a test was not wrapped in act(...).

When testing, code that causes React state updates should be wrapped into act(...):

act(() => {
  /* fire events that update state */
});
/* assert on the output */

This ensures that you're testing the behavior the user would see in the browser. Learn more at https://react.dev/link/wrap-tests-with-act

stderr | tests/unit/pedidos-ui/order-sheet.test.tsx > panel lateral de pedidos (R25, R35, R36) > un alta con exito cierra el panel, avisa por toast y refresca la lista
An update to OrderForm inside a test was not wrapped in act(...).

When testing, code that causes React state updates should be wrapped into act(...):

act(() => {
  /* fire events that update state */
});
/* assert on the output */

This ensures that you're testing the behavior the user would see in the browser. Learn more at https://react.dev/link/wrap-tests-with-act
An update to OrderForm inside a test was not wrapped in act(...).

When testing, code that causes React state updates should be wrapped into act(...):

act(() => {
  /* fire events that update state */
});
/* assert on the output */

This ensures that you're testing the behavior the user would see in the browser. Learn more at https://react.dev/link/wrap-tests-with-act
An update to OrderForm inside a test was not wrapped in act(...).

When testing, code that causes React state updates should be wrapped into act(...):

act(() => {
  /* fire events that update state */
});
/* assert on the output */

This ensures that you're testing the behavior the user would see in the browser. Learn more at https://react.dev/link/wrap-tests-with-act

stderr | tests/unit/pedidos-ui/order-form-quote.test.tsx > R11 — la edicion arranca con el importe guardado, sin pedir nada > con importe guardado pinta la cifra
An update to OrderForm inside a test was not wrapped in act(...).

When testing, code that causes React state updates should be wrapped into act(...):

act(() => {
  /* fire events that update state */
});
/* assert on the output */

This ensures that you're testing the behavior the user would see in the browser. Learn more at https://react.dev/link/wrap-tests-with-act
An update to OrderForm inside a test was not wrapped in act(...).

When testing, code that causes React state updates should be wrapped into act(...):

act(() => {
  /* fire events that update state */
});
/* assert on the output */

This ensures that you're testing the behavior the user would see in the browser. Learn more at https://react.dev/link/wrap-tests-with-act
An update to OrderForm inside a test was not wrapped in act(...).

When testing, code that causes React state updates should be wrapped into act(...):

act(() => {
  /* fire events that update state */
});
/* assert on the output */

This ensures that you're testing the behavior the user would see in the browser. Learn more at https://react.dev/link/wrap-tests-with-act

stderr | tests/unit/pedidos-ui/order-form-quote.test.tsx > R11 — la edicion arranca con el importe guardado, sin pedir nada > sin importe guardado pinta el guion
An update to OrderForm inside a test was not wrapped in act(...).

When testing, code that causes React state updates should be wrapped into act(...):

act(() => {
  /* fire events that update state */
});
/* assert on the output */

This ensures that you're testing the behavior the user would see in the browser. Learn more at https://react.dev/link/wrap-tests-with-act
An update to OrderForm inside a test was not wrapped in act(...).

When testing, code that causes React state updates should be wrapped into act(...):

act(() => {
  /* fire events that update state */
});
/* assert on the output */

This ensures that you're testing the behavior the user would see in the browser. Learn more at https://react.dev/link/wrap-tests-with-act
An update to OrderForm inside a test was not wrapped in act(...).

When testing, code that causes React state updates should be wrapped into act(...):

act(() => {
  /* fire events that update state */
});
/* assert on the output */

This ensures that you're testing the behavior the user would see in the browser. Learn more at https://react.dev/link/wrap-tests-with-act

stderr | tests/unit/proveedores-ui/supplier-page.test.tsx > pantalla de proveedores — lista sobre la tabla compartida > R8:la busqueda navega con el termino al cumplirse SEARCH_DEBOUNCE_MS, y vaciarla navega sin termino
An update to ForwardRef(LinkComponent) inside a test was not wrapped in act(...).

When testing, code that causes React state updates should be wrapped into act(...):

act(() => {
  /* fire events that update state */
});
/* assert on the output */

This ensures that you're testing the behavior the user would see in the browser. Learn more at https://react.dev/link/wrap-tests-with-act

stderr | tests/unit/proveedores-ui/supplier-page.test.tsx > pantalla de proveedores — lista sobre la tabla compartida > R8:la busqueda navega con el termino al cumplirse SEARCH_DEBOUNCE_MS, y vaciarla navega sin termino
An update to ForwardRef(LinkComponent) inside a test was not wrapped in act(...).

When testing, code that causes React state updates should be wrapped into act(...):

act(() => {
  /* fire events that update state */
});
/* assert on the output */

This ensures that you're testing the behavior the user would see in the browser. Learn more at https://react.dev/link/wrap-tests-with-act

stderr | tests/unit/proveedores-ui/supplier-page.test.tsx > pantalla de proveedores — lista sobre la tabla compartida > R8:la busqueda navega con el termino al cumplirse SEARCH_DEBOUNCE_MS, y vaciarla navega sin termino
An update to ForwardRef(LinkComponent) inside a test was not wrapped in act(...).

When testing, code that causes React state updates should be wrapped into act(...):

act(() => {
  /* fire events that update state */
});
/* assert on the output */

This ensures that you're testing the behavior the user would see in the browser. Learn more at https://react.dev/link/wrap-tests-with-act

stderr | tests/unit/proveedores-ui/supplier-page.test.tsx > pantalla de proveedores — lista sobre la tabla compartida > R8:la busqueda navega con el termino al cumplirse SEARCH_DEBOUNCE_MS, y vaciarla navega sin termino
An update to ForwardRef(LinkComponent) inside a test was not wrapped in act(...).

When testing, code that causes React state updates should be wrapped into act(...):

act(() => {
  /* fire events that update state */
});
/* assert on the output */

This ensures that you're testing the behavior the user would see in the browser. Learn more at https://react.dev/link/wrap-tests-with-act

stderr | tests/unit/proveedores-ui/supplier-page.test.tsx > pantalla de proveedores — lista sobre la tabla compartida > R8:la busqueda navega con el termino al cumplirse SEARCH_DEBOUNCE_MS, y vaciarla navega sin termino
An update to ForwardRef(LinkComponent) inside a test was not wrapped in act(...).

When testing, code that causes React state updates should be wrapped into act(...):

act(() => {
  /* fire events that update state */
});
/* assert on the output */

This ensures that you're testing the behavior the user would see in the browser. Learn more at https://react.dev/link/wrap-tests-with-act

stderr | tests/unit/proveedores-ui/supplier-page.test.tsx > pantalla de proveedores — lista sobre la tabla compartida > R8:la busqueda navega con el termino al cumplirse SEARCH_DEBOUNCE_MS, y vaciarla navega sin termino
An update to ForwardRef(LinkComponent) inside a test was not wrapped in act(...).

When testing, code that causes React state updates should be wrapped into act(...):

act(() => {
  /* fire events that update state */
});
/* assert on the output */

This ensures that you're testing the behavior the user would see in the browser. Learn more at https://react.dev/link/wrap-tests-with-act

stderr | tests/unit/proveedores-ui/supplier-page.test.tsx > pantalla de proveedores — lista sobre la tabla compartida > R8:la busqueda navega con el termino al cumplirse SEARCH_DEBOUNCE_MS, y vaciarla navega sin termino
An update to ForwardRef(LinkComponent) inside a test was not wrapped in act(...).

When testing, code that causes React state updates should be wrapped into act(...):

act(() => {
  /* fire events that update state */
});
/* assert on the output */

This ensures that you're testing the behavior the user would see in the browser. Learn more at https://react.dev/link/wrap-tests-with-act

stderr | tests/unit/proveedores-ui/supplier-page.test.tsx > pantalla de proveedores — lista sobre la tabla compartida > R8:la busqueda navega con el termino al cumplirse SEARCH_DEBOUNCE_MS, y vaciarla navega sin termino
An update to ForwardRef(LinkComponent) inside a test was not wrapped in act(...).

When testing, code that causes React state updates should be wrapped into act(...):

act(() => {
  /* fire events that update state */
});
/* assert on the output */

This ensures that you're testing the behavior the user would see in the browser. Learn more at https://react.dev/link/wrap-tests-with-act

stderr | tests/unit/proveedores-ui/supplier-page.test.tsx > pantalla de proveedores — lista sobre la tabla compartida > R8:la busqueda navega con el termino al cumplirse SEARCH_DEBOUNCE_MS, y vaciarla navega sin termino
An update to ForwardRef(LinkComponent) inside a test was not wrapped in act(...).

When testing, code that causes React state updates should be wrapped into act(...):

act(() => {
  /* fire events that update state */
});
/* assert on the output */

This ensures that you're testing the behavior the user would see in the browser. Learn more at https://react.dev/link/wrap-tests-with-act

stderr | tests/unit/proveedores-ui/supplier-page.test.tsx > pantalla de proveedores — lista sobre la tabla compartida > R8:la busqueda navega con el termino al cumplirse SEARCH_DEBOUNCE_MS, y vaciarla navega sin termino
An update to ForwardRef(LinkComponent) inside a test was not wrapped in act(...).

When testing, code that causes React state updates should be wrapped into act(...):

act(() => {
  /* fire events that update state */
});
/* assert on the output */

This ensures that you're testing the behavior the user would see in the browser. Learn more at https://react.dev/link/wrap-tests-with-act

stderr | tests/unit/proveedores-ui/supplier-page.test.tsx > pantalla de proveedores — lista sobre la tabla compartida > R8:la busqueda navega con el termino al cumplirse SEARCH_DEBOUNCE_MS, y vaciarla navega sin termino
An update to SupplierTable inside a test was not wrapped in act(...).

When testing, code that causes React state updates should be wrapped into act(...):

act(() => {
  /* fire events that update state */
});
/* assert on the output */

This ensures that you're testing the behavior the user would see in the browser. Learn more at https://react.dev/link/wrap-tests-with-act
An update to SupplierTable inside a test was not wrapped in act(...).

When testing, code that causes React state updates should be wrapped into act(...):

act(() => {
  /* fire events that update state */
});
/* assert on the output */

This ensures that you're testing the behavior the user would see in the browser. Learn more at https://react.dev/link/wrap-tests-with-act
An update to SelectValue inside a test was not wrapped in act(...).

When testing, code that causes React state updates should be wrapped into act(...):

act(() => {
  /* fire events that update state */
});
/* assert on the output */

This ensures that you're testing the behavior the user would see in the browser. Learn more at https://react.dev/link/wrap-tests-with-act

stderr | tests/unit/proveedores-ui/supplier-page.test.tsx > pantalla de proveedores — lista sobre la tabla compartida > R8:la busqueda navega con el termino al cumplirse SEARCH_DEBOUNCE_MS, y vaciarla navega sin termino
An update to SupplierTable inside a test was not wrapped in act(...).

When testing, code that causes React state updates should be wrapped into act(...):

act(() => {
  /* fire events that update state */
});
/* assert on the output */

This ensures that you're testing the behavior the user would see in the browser. Learn more at https://react.dev/link/wrap-tests-with-act
An update to SupplierTable inside a test was not wrapped in act(...).

When testing, code that causes React state updates should be wrapped into act(...):

act(() => {
  /* fire events that update state */
});
/* assert on the output */

This ensures that you're testing the behavior the user would see in the browser. Learn more at https://react.dev/link/wrap-tests-with-act
An update to SelectValue inside a test was not wrapped in act(...).

When testing, code that causes React state updates should be wrapped into act(...):

act(() => {
  /* fire events that update state */
});
/* assert on the output */

This ensures that you're testing the behavior the user would see in the browser. Learn more at https://react.dev/link/wrap-tests-with-act

 ✓ |ui| tests/unit/identity/session-once-per-request-render.test.tsx (7 tests) 16995ms
stderr | tests/unit/pedidos-ui/order-sheet.test.tsx > panel lateral de pedidos (R25, R35, R36) > un guardado rechazado NO cierra el panel
An update to OrderForm inside a test was not wrapped in act(...).

When testing, code that causes React state updates should be wrapped into act(...):

act(() => {
  /* fire events that update state */
});
/* assert on the output */

This ensures that you're testing the behavior the user would see in the browser. Learn more at https://react.dev/link/wrap-tests-with-act
An update to OrderForm inside a test was not wrapped in act(...).

When testing, code that causes React state updates should be wrapped into act(...):

act(() => {
  /* fire events that update state */
});
/* assert on the output */

This ensures that you're testing the behavior the user would see in the browser. Learn more at https://react.dev/link/wrap-tests-with-act
An update to OrderForm inside a test was not wrapped in act(...).

When testing, code that causes React state updates should be wrapped into act(...):

act(() => {
  /* fire events that update state */
});
/* assert on the output */

This ensures that you're testing the behavior the user would see in the browser. Learn more at https://react.dev/link/wrap-tests-with-act

stderr | tests/unit/pedidos-ui/order-sheet.test.tsx > panel lateral de pedidos (R25, R35, R36) > la zona privada sigue teniendo EXACTAMENTE una region de avisos
An update to OrderForm inside a test was not wrapped in act(...).

When testing, code that causes React state updates should be wrapped into act(...):

act(() => {
  /* fire events that update state */
});
/* assert on the output */

This ensures that you're testing the behavior the user would see in the browser. Learn more at https://react.dev/link/wrap-tests-with-act
An update to OrderForm inside a test was not wrapped in act(...).

When testing, code that causes React state updates should be wrapped into act(...):

act(() => {
  /* fire events that update state */
});
/* assert on the output */

This ensures that you're testing the behavior the user would see in the browser. Learn more at https://react.dev/link/wrap-tests-with-act
An update to OrderForm inside a test was not wrapped in act(...).

When testing, code that causes React state updates should be wrapped into act(...):

act(() => {
  /* fire events that update state */
});
/* assert on the output */

This ensures that you're testing the behavior the user would see in the browser. Learn more at https://react.dev/link/wrap-tests-with-act

 ✓ |ui| tests/unit/configuracion-ui/unit-sheet.test.tsx (25 tests) 13812ms
     ✓ el alta se abre en un panel lateral, sin navegar y sin dialogo modal centrado  811ms
     ✓ la edicion abre el MISMO panel lateral, tambien sin navegar  338ms
     ✓ cerrar el panel no navega: los parametros de lista de la URL siguen intactos  351ms
     ✓ en el alta ofrece las bases de sistema y la opcion de no derivar  954ms
     ✓ en la edicion NO se ofrece la propia unidad, aunque llegue en la lista de bases  779ms
     ✓ no ofrece unidades DERIVADAS: solo llegan bases y la pantalla no inventa ninguna  693ms
     ✓ sin simbolo declarado, la clave `symbol` NO viaja —y desde luego no como cadena vacia—  444ms
     ✓ sin derivacion declarada, NINGUNA de las dos claves de la equivalencia viaja  754ms
     ✓ con derivacion declarada y factor EN BLANCO, viaja `baseUnitId` y NO viaja `factor`  1224ms
     ✓ con los cuatro declarados viajan los cuatro, y ninguna clave llega vacia  1268ms
     ✓ la opcion «no deriva de ninguna» tiene el valor vacio, y por eso la clave se OMITE  1184ms
     ✓ `duplicate_name` va junto al campo del nombre, y el panel sigue abierto con lo escrito  546ms
     ✓ `duplicate_symbol` va junto al campo del simbolo  452ms
     ✓ `invalid_derivation` va junto al SELECTOR de la unidad de la que deriva  435ms
     ✓ cualquier otro codigo va a la region de error del formulario  504ms
     ✓ el alta  365ms
     ✓ la edicion  320ms
     ✓ el error inesperado ensena el identificador como texto, con su etiqueta  483ms
     ✓ un error del catalogo no ensena identificador ninguno  619ms
stderr | tests/unit/pedidos-ui/order-sheet.test.tsx > panel lateral de pedidos (R25, R35, R36) > reabrir el alta arranca VACIO: el label del pedido anterior no hereda
An update to OrderForm inside a test was not wrapped in act(...).

When testing, code that causes React state updates should be wrapped into act(...):

act(() => {
  /* fire events that update state */
});
/* assert on the output */

This ensures that you're testing the behavior the user would see in the browser. Learn more at https://react.dev/link/wrap-tests-with-act
An update to OrderForm inside a test was not wrapped in act(...).

When testing, code that causes React state updates should be wrapped into act(...):

act(() => {
  /* fire events that update state */
});
/* assert on the output */

This ensures that you're testing the behavior the user would see in the browser. Learn more at https://react.dev/link/wrap-tests-with-act
An update to OrderForm inside a test was not wrapped in act(...).

When testing, code that causes React state updates should be wrapped into act(...):

act(() => {
  /* fire events that update state */
});
/* assert on the output */

This ensures that you're testing the behavior the user would see in the browser. Learn more at https://react.dev/link/wrap-tests-with-act

stderr | tests/unit/inventario/product-page.test.tsx > pantalla de productos — lista > mientras carga presenta el esqueleto en lugar de la tabla
<ProductListSection> is an async Client Component. Only Server Components can be async at the moment. This error is often caused by accidentally adding `'use client'` to a module that was originally written for the server.

stderr | tests/unit/inventario/product-page.test.tsx > pantalla de productos — lista > mientras carga presenta el esqueleto en lugar de la tabla
A component suspended inside an `act` scope, but the `act` call was not awaited. When testing React components that depend on asynchronous data, you must await the result:

await act(() => ...)
A suspended resource finished loading inside a test, but the event was not wrapped in act(...).

When testing, code that resolves suspended data should be wrapped into act(...):

act(() => {
  /* finish loading suspended data */
});
/* assert on the output */

This ensures that you're testing the behavior the user would see in the browser. Learn more at https://react.dev/link/wrap-tests-with-act

stderr | tests/unit/pedidos-ui/order-sheet.test.tsx > el termino de busqueda sobrevive al panel lateral (R4, R9) > con "q" en la URL, la consulta recibe el termino y la caja lo muestra (R4)
An update to OrderForm inside a test was not wrapped in act(...).

When testing, code that causes React state updates should be wrapped into act(...):

act(() => {
  /* fire events that update state */
});
/* assert on the output */

This ensures that you're testing the behavior the user would see in the browser. Learn more at https://react.dev/link/wrap-tests-with-act
An update to OrderForm inside a test was not wrapped in act(...).

When testing, code that causes React state updates should be wrapped into act(...):

act(() => {
  /* fire events that update state */
});
/* assert on the output */

This ensures that you're testing the behavior the user would see in the browser. Learn more at https://react.dev/link/wrap-tests-with-act
An update to OrderForm inside a test was not wrapped in act(...).

When testing, code that causes React state updates should be wrapped into act(...):

act(() => {
  /* fire events that update state */
});
/* assert on the output */

This ensures that you're testing the behavior the user would see in the browser. Learn more at https://react.dev/link/wrap-tests-with-act

 ✓ |ui| tests/unit/configuracion-ui/presentation-sheet.test.tsx (20 tests) 14407ms
     ✓ el alta se abre en un panel lateral, sin navegar y sin dialogo modal centrado  819ms
     ✓ cerrar el panel no navega: los parametros de lista de la URL siguen intactos  386ms
     ✓ la edicion envia el reemplazo completo con el id ligado a la operacion  543ms
     ✓ un rechazo por nombre duplicado se pinta JUNTO AL CAMPO sin cerrar ni perder lo escrito  1748ms
     ✓ un rechazo sin campo senalado va a la region de error del formulario  1253ms
     ✓ un nombre sin ningun caracter valido no llega a la operacion y se marca en el campo  1212ms
     ✓ un alta con exito cierra el panel, avisa por toast y refresca la lista  1077ms
     ✓ una edicion con exito cierra el panel, avisa por toast y refresca la lista  325ms
     ✓ el alta EXIGE unidad: sin ella no se envia nada y el error se pinta JUNTO al campo (R17)  402ms
     ✓ el formulario ofrece TODAS las unidades del catalogo que recibe (R16)  623ms
     ✓ la edicion reemplaza la unidad cuando se elige otra (R12, R15)  946ms
     ✓ tras un rechazo del servidor el panel sigue abierto con el nombre Y la unidad (R18)  1105ms
     ✓ la edicion rechazada por unidad bloqueada (R20) se pinta junto al selector, sin cerrar ni perder lo escrito (R22)  1060ms
     ✓ el error inesperado ensena el identificador como texto, con su etiqueta  1211ms
     ✓ un error del catalogo no ensena identificador ninguno  925ms
stderr | tests/unit/pedidos-ui/order-sheet.test.tsx > el termino de busqueda sobrevive al panel lateral (R4, R9) > abrir y cerrar el panel lateral de una fila no navega y conserva el termino en la caja (R9)
An update to OrderForm inside a test was not wrapped in act(...).

When testing, code that causes React state updates should be wrapped into act(...):

act(() => {
  /* fire events that update state */
});
/* assert on the output */

This ensures that you're testing the behavior the user would see in the browser. Learn more at https://react.dev/link/wrap-tests-with-act
An update to OrderForm inside a test was not wrapped in act(...).

When testing, code that causes React state updates should be wrapped into act(...):

act(() => {
  /* fire events that update state */
});
/* assert on the output */

This ensures that you're testing the behavior the user would see in the browser. Learn more at https://react.dev/link/wrap-tests-with-act
An update to OrderForm inside a test was not wrapped in act(...).

When testing, code that causes React state updates should be wrapped into act(...):

act(() => {
  /* fire events that update state */
});
/* assert on the output */

This ensures that you're testing the behavior the user would see in the browser. Learn more at https://react.dev/link/wrap-tests-with-act

 ✓ |ui| tests/unit/pedidos-ui/order-sheet.test.tsx (10 tests) 13378ms
     ✓ el alta se abre en un panel lateral SOBRE la lista, sin navegar a otra URL  2127ms
     ✓ al cerrar el panel la URL conserva pagina, tamano, orden y filtros  1147ms
     ✓ un alta con exito cierra el panel, avisa por toast y refresca la lista  2938ms
     ✓ un guardado rechazado NO cierra el panel  2418ms
     ✓ la zona privada sigue teniendo EXACTAMENTE una region de avisos  674ms
     ✓ reabrir el alta arranca VACIO: el label del pedido anterior no hereda  2462ms
     ✓ con "q" en la URL, la consulta recibe el termino y la caja lo muestra (R4)  361ms
     ✓ abrir y cerrar el panel lateral de una fila no navega y conserva el termino en la caja (R9)  910ms
stderr | tests/unit/recetas-ui/recipe-page.test.tsx > pantalla de recetas — datos y estados > R18: mientras carga presenta el esqueleto propio con tantas filas como el tamano pedido y sin tabla
<RecipeListSection> is an async Client Component. Only Server Components can be async at the moment. This error is often caused by accidentally adding `'use client'` to a module that was originally written for the server.

stderr | tests/unit/proveedores-ui/supplier-page.test.tsx > pantalla de proveedores — estados > R20: vacio, sin resultados, cargando y error son mutuamente excluyentes y se distinguen por data-testid
<SupplierListSection> is an async Client Component. Only Server Components can be async at the moment. This error is often caused by accidentally adding `'use client'` to a module that was originally written for the server.

stderr | tests/unit/proveedores-ui/supplier-page.test.tsx > pantalla de proveedores — estados > R20: vacio, sin resultados, cargando y error son mutuamente excluyentes y se distinguen por data-testid
A suspended resource finished loading inside a test, but the event was not wrapped in act(...).

When testing, code that resolves suspended data should be wrapped into act(...):

act(() => {
  /* finish loading suspended data */
});
/* assert on the output */

This ensures that you're testing the behavior the user would see in the browser. Learn more at https://react.dev/link/wrap-tests-with-act
A component suspended inside an `act` scope, but the `act` call was not awaited. When testing React components that depend on asynchronous data, you must await the result:

await act(() => ...)

stderr | tests/unit/proveedores-ui/supplier-page.test.tsx > pantalla de proveedores — estados > R18: mientras carga presenta el esqueleto propio con tantas filas como el tamano pedido
A suspended resource finished loading inside a test, but the event was not wrapped in act(...).

When testing, code that resolves suspended data should be wrapped into act(...):

act(() => {
  /* finish loading suspended data */
});
/* assert on the output */

This ensures that you're testing the behavior the user would see in the browser. Learn more at https://react.dev/link/wrap-tests-with-act

stderr | tests/unit/recetas-ui/recipe-page.test.tsx > pantalla de recetas — datos y estados > R18: mientras carga presenta el esqueleto propio con tantas filas como el tamano pedido y sin tabla
A suspended resource finished loading inside a test, but the event was not wrapped in act(...).

When testing, code that resolves suspended data should be wrapped into act(...):

act(() => {
  /* finish loading suspended data */
});
/* assert on the output */

This ensures that you're testing the behavior the user would see in the browser. Learn more at https://react.dev/link/wrap-tests-with-act
A component suspended inside an `act` scope, but the `act` call was not awaited. When testing React components that depend on asynchronous data, you must await the result:

await act(() => ...)

stderr | tests/unit/recetas-ui/recipe-page.test.tsx > pantalla de recetas — datos y estados > R20: el estado «'cargando'» se presenta sin ninguno de los otros
A suspended resource finished loading inside a test, but the event was not wrapped in act(...).

When testing, code that resolves suspended data should be wrapped into act(...):

act(() => {
  /* finish loading suspended data */
});
/* assert on the output */

This ensures that you're testing the behavior the user would see in the browser. Learn more at https://react.dev/link/wrap-tests-with-act

 ✓ |ui| tests/unit/pedidos-ui/order-form-quote.test.tsx (15 tests) 17215ms
     ✓ se monta en los dos modos del formulario  1375ms
     ✓ muestra el guion sin llamar a la cotizacion  328ms
     ✓ con importe guardado pinta la cifra  370ms
     ✓ sin importe guardado pinta el guion  370ms
     ✓ teclear otra cantidad pide, tras la espera, con la receta del pedido  1109ms
     ✓ elegir otra receta pide de inmediato, con la receta nueva  1196ms
     ✓ elegir receta con cantidad ya escrita pide de inmediato; teclear despues debouncea a una llamada final  1755ms
     ✓ el FormData del alta lleva exactamente los CUATRO campos de negocio  1365ms
     ✓ Guardar sigue habilitado con una cotizacion en vuelo y con el guion  1424ms
     ✓ la cotizacion se pide con la receta nueva y, al guardar, viaja su id  837ms
     ✓ en el alta, elegir una receta y despues otra deja la segunda, sin retirarla  2206ms
     ✓ la edicion envia el orderId del pedido junto a receta y cantidad (R65)  911ms
     ✓ el alta no envia orderId, solo receta y cantidad (R65)  1746ms
     ✓ pinta el mensaje del error, sin guion, y guardar sigue invocando la operacion  1932ms
stderr | tests/unit/recetas-ui/recipe-form.test.tsx > R32 — los pasos se añaden, editan y quitan, y se envían en el orden mostrado > añadir tres pasos, editar uno y quitar otro deja el orden esperado en el payload
An update to RecipeForm inside a test was not wrapped in act(...).

When testing, code that causes React state updates should be wrapped into act(...):

act(() => {
  /* fire events that update state */
});
/* assert on the output */

This ensures that you're testing the behavior the user would see in the browser. Learn more at https://react.dev/link/wrap-tests-with-act

stderr | tests/unit/recetas-ui/recipe-form.test.tsx > R32 — los pasos se añaden, editan y quitan, y se envían en el orden mostrado > añadir tres pasos, editar uno y quitar otro deja el orden esperado en el payload
An update to RecipeForm inside a test was not wrapped in act(...).

When testing, code that causes React state updates should be wrapped into act(...):

act(() => {
  /* fire events that update state */
});
/* assert on the output */

This ensures that you're testing the behavior the user would see in the browser. Learn more at https://react.dev/link/wrap-tests-with-act

stderr | tests/unit/recetas-ui/recipe-form.test.tsx > R32 — los pasos se añaden, editan y quitan, y se envían en el orden mostrado > añadir tres pasos, editar uno y quitar otro deja el orden esperado en el payload
An update to RecipeForm inside a test was not wrapped in act(...).

When testing, code that causes React state updates should be wrapped into act(...):

act(() => {
  /* fire events that update state */
});
/* assert on the output */

This ensures that you're testing the behavior the user would see in the browser. Learn more at https://react.dev/link/wrap-tests-with-act

stderr | tests/unit/recetas-ui/recipe-form.test.tsx > R32 — los pasos se añaden, editan y quitan, y se envían en el orden mostrado > añadir tres pasos, editar uno y quitar otro deja el orden esperado en el payload
An update to RecipeForm inside a test was not wrapped in act(...).

When testing, code that causes React state updates should be wrapped into act(...):

act(() => {
  /* fire events that update state */
});
/* assert on the output */

This ensures that you're testing the behavior the user would see in the browser. Learn more at https://react.dev/link/wrap-tests-with-act

stderr | tests/unit/recetas-ui/recipe-form.test.tsx > R33 — reordenar por arrastre (ratón) cambia el orden enviado > arrastrar el primer paso hasta la tercera posición reordena el payload
An update to RecipeForm inside a test was not wrapped in act(...).

When testing, code that causes React state updates should be wrapped into act(...):

act(() => {
  /* fire events that update state */
});
/* assert on the output */

This ensures that you're testing the behavior the user would see in the browser. Learn more at https://react.dev/link/wrap-tests-with-act

stderr | tests/unit/recetas-ui/recipe-form.test.tsx > R33 — reordenar por arrastre (ratón) cambia el orden enviado > arrastrar el primer paso hasta la tercera posición reordena el payload
An update to RecipeForm inside a test was not wrapped in act(...).

When testing, code that causes React state updates should be wrapped into act(...):

act(() => {
  /* fire events that update state */
});
/* assert on the output */

This ensures that you're testing the behavior the user would see in the browser. Learn more at https://react.dev/link/wrap-tests-with-act

stderr | tests/unit/recetas-ui/recipe-form.test.tsx > R33 — reordenar por arrastre (ratón) cambia el orden enviado > arrastrar el primer paso hasta la tercera posición reordena el payload
An update to RecipeForm inside a test was not wrapped in act(...).

When testing, code that causes React state updates should be wrapped into act(...):

act(() => {
  /* fire events that update state */
});
/* assert on the output */

This ensures that you're testing the behavior the user would see in the browser. Learn more at https://react.dev/link/wrap-tests-with-act

stderr | tests/unit/recetas-ui/recipe-form.test.tsx > R34 — el equivalente por teclado reordena y el asa anuncia su posición > Tab hasta el asa, Espacio para tomar, flecha para mover y Espacio para soltar cambian el payload
An update to RecipeForm inside a test was not wrapped in act(...).

When testing, code that causes React state updates should be wrapped into act(...):

act(() => {
  /* fire events that update state */
});
/* assert on the output */

This ensures that you're testing the behavior the user would see in the browser. Learn more at https://react.dev/link/wrap-tests-with-act

stderr | tests/unit/recetas-ui/recipe-form.test.tsx > R34 — el equivalente por teclado reordena y el asa anuncia su posición > Tab hasta el asa, Espacio para tomar, flecha para mover y Espacio para soltar cambian el payload
An update to RecipeForm inside a test was not wrapped in act(...).

When testing, code that causes React state updates should be wrapped into act(...):

act(() => {
  /* fire events that update state */
});
/* assert on the output */

This ensures that you're testing the behavior the user would see in the browser. Learn more at https://react.dev/link/wrap-tests-with-act

stderr | tests/unit/recetas-ui/recipe-form.test.tsx > R34 — el equivalente por teclado reordena y el asa anuncia su posición > Tab hasta el asa, Espacio para tomar, flecha para mover y Espacio para soltar cambian el payload
An update to RecipeForm inside a test was not wrapped in act(...).

When testing, code that causes React state updates should be wrapped into act(...):

act(() => {
  /* fire events that update state */
});
/* assert on the output */

This ensures that you're testing the behavior the user would see in the browser. Learn more at https://react.dev/link/wrap-tests-with-act

 ✓ |ui| tests/unit/configuracion-ui/user-form.test.tsx (23 tests) 25331ms
     ✓ los controles con nombre son los nueve, ni uno mas  899ms
     ✓ el `FormData` que sale lleva los nueve nombres y ninguna clave de credencial  2456ms
     ✓ los valores viajan TAL CUAL, sin recortes ni minusculas forzadas en el cliente  1537ms
     ✓ el tipo de documento ofrece exactamente los codigos del conjunto cerrado  503ms
     ✓ el rol ofrece exactamente los del catalogo recibido  697ms
     ✓ sin catalogo lo dice de forma identificable y NO inventa ninguna opcion (R24)  612ms
     ✓ `duplicate_email` se pinta junto a su campo y en ningun otro sitio  1392ms
     ✓ `duplicate_username` se pinta junto a su campo y en ningun otro sitio  1558ms
     ✓ `duplicate_document` se pinta junto a su campo y en ningun otro sitio  1412ms
     ✓ `role_not_found` se pinta junto al SELECTOR de rol  1541ms
     ✓ `invalid_input` va a la region de error del formulario, no junto a un campo  1438ms
     ✓ `self_operation` va a la region de error del formulario, no junto a un campo  1383ms
     ✓ `last_administrator` va a la region de error del formulario, no junto a un campo  1570ms
     ✓ `user_not_found` va a la region de error del formulario, no junto a un campo  1327ms
     ✓ `unauthorized` va a la region de error del formulario, no junto a un campo  1344ms
     ✓ un rechazo NO cierra el panel, NO avisa de exito y NO pierde lo escrito  1270ms
     ✓ el inesperado trae la referencia; el catalogado no trae ninguna  2752ms
     ✓ R11 R12 — sin `endSessions` no se emite NADA: ni el disparador ni un contenedor vacio  340ms
     ✓ R10 — el disparador no anade ningun campo al `FormData`: siguen siendo los nueve  364ms
 ✓ |ui| tests/unit/recetas-ui/recipe-page.test.tsx (46 tests) 28640ms
     ✓ R1: la lista monta la tabla compartida dentro del armazon privado, sin main ni paginacion propios  1133ms
     ✓ QC-26 R5: el item del sidebar comparte RECIPES_LABEL con el encabezado  379ms
     ✓ R2: la lista presenta imagen, nombre, pasos, creado, actualizado y acciones, y nunca la descripcion  566ms
     ✓ R3: la lista no muestra id, createdBy ni updatedBy  660ms
     ✓ R5: la imagen usa la direccion de la consulta tal cual y sin imagen se pinta el marcador  644ms
     ✓ R21: las acciones van en una columna que no se puede fijar, siempre visibles y con area tactil de 44x44  596ms
     ✓ R21: editar navega a la pagina de la receta y crear a la de alta, sin abrir panel ni modal  342ms
     ✓ R6, R7, R8, R10: hay busqueda, solo name, createdAt y updatedAt ordenan por cabecera, y ordenar navega sin reordenar las filas  1311ms
     ✓ R6: el orden elegido en el menu de la cabecera navega, y la cabecera expone el orden vigente  1002ms
     ✓ R7: los menus de imagen y pasos no ofrecen orden  1503ms
     ✓ R8: vaciar la busqueda navega sin termino y escribir uno navega con el, una sola vez tras el rebote  1178ms
     ✓ R9: el atajo de fecha navega con el rango, limpiarlo navega sin el, y ninguna otra columna filtra  2609ms
     ✓ R9: elegir a mano en el calendario un dia de inicio y otro de fin navega con ese rango en YYYY-MM-DD  3814ms
     ✓ R14: mientras un gesto esta en vuelo la tabla se marca ocupada y el campo de busqueda conserva foco y texto  809ms
     ✓ R18: mientras carga presenta el esqueleto propio con tantas filas como el tamano pedido y sin tabla  1087ms
     ✓ R32, R33: con busqueda y cero filas presenta sin resultados dentro de la tabla, sin crear, y limpiar conserva tamano y orden  312ms
     ✓ R14, R33: pasar de filas a sin resultados con el mismo arbol conserva el campo de busqueda, su foco y su texto  854ms
     ✓ R22: el selector de tamano ofrece 10 y 25, usa 10 por defecto y cambiarlo navega a la primera pagina  1195ms
     ✓ R23: permite avanzar y retroceder e indica la pagina actual y el total  521ms
     ✓ R24: el desbordamiento horizontal lo absorbe el envoltorio de la tabla y ningun ancestro  347ms
     ✓ R24: en viewport angosto y ancho la lista, sus acciones, el orden, la busqueda y el filtro estan a la vista y son tactiles  893ms
     ✓ el borrado pide confirmacion nombrando la receta y sin confirmar no invoca la operacion  866ms
     ✓ un borrado con exito cierra el dialogo, avisa por toast y refresca la lista  666ms
     ✓ un borrado rechazado muestra el error en el dialogo y no navega ni refresca  693ms
     ✓ el error inesperado ensena el identificador como texto, con su etiqueta  505ms
     ✓ un error del catalogo no ensena identificador ninguno  527ms
stderr | tests/unit/pedidos-ui/order-table.test.tsx > la tabla estrena el componente compartido y no declara uno propio (R7) > monta `DataTable` con una fila por pedido
An update to OrderForm inside a test was not wrapped in act(...).

When testing, code that causes React state updates should be wrapped into act(...):

act(() => {
  /* fire events that update state */
});
/* assert on the output */

This ensures that you're testing the behavior the user would see in the browser. Learn more at https://react.dev/link/wrap-tests-with-act
An update to OrderForm inside a test was not wrapped in act(...).

When testing, code that causes React state updates should be wrapped into act(...):

act(() => {
  /* fire events that update state */
});
/* assert on the output */

This ensures that you're testing the behavior the user would see in the browser. Learn more at https://react.dev/link/wrap-tests-with-act
An update to OrderForm inside a test was not wrapped in act(...).

When testing, code that causes React state updates should be wrapped into act(...):

act(() => {
  /* fire events that update state */
});
/* assert on the output */

This ensures that you're testing the behavior the user would see in the browser. Learn more at https://react.dev/link/wrap-tests-with-act
An update to OrderForm inside a test was not wrapped in act(...).

When testing, code that causes React state updates should be wrapped into act(...):

act(() => {
  /* fire events that update state */
});
/* assert on the output */

This ensures that you're testing the behavior the user would see in the browser. Learn more at https://react.dev/link/wrap-tests-with-act
An update to OrderForm inside a test was not wrapped in act(...).

When testing, code that causes React state updates should be wrapped into act(...):

act(() => {
  /* fire events that update state */
});
/* assert on the output */

This ensures that you're testing the behavior the user would see in the browser. Learn more at https://react.dev/link/wrap-tests-with-act
An update to OrderForm inside a test was not wrapped in act(...).

When testing, code that causes React state updates should be wrapped into act(...):

act(() => {
  /* fire events that update state */
});
/* assert on the output */

This ensures that you're testing the behavior the user would see in the browser. Learn more at https://react.dev/link/wrap-tests-with-act
An update to OrderForm inside a test was not wrapped in act(...).

When testing, code that causes React state updates should be wrapped into act(...):

act(() => {
  /* fire events that update state */
});
/* assert on the output */

This ensures that you're testing the behavior the user would see in the browser. Learn more at https://react.dev/link/wrap-tests-with-act
An update to OrderForm inside a test was not wrapped in act(...).

When testing, code that causes React state updates should be wrapped into act(...):

act(() => {
  /* fire events that update state */
});
/* assert on the output */

This ensures that you're testing the behavior the user would see in the browser. Learn more at https://react.dev/link/wrap-tests-with-act
An update to OrderForm inside a test was not wrapped in act(...).

When testing, code that causes React state updates should be wrapped into act(...):

act(() => {
  /* fire events that update state */
});
/* assert on the output */

This ensures that you're testing the behavior the user would see in the browser. Learn more at https://react.dev/link/wrap-tests-with-act

stderr | tests/unit/pedidos-ui/order-table.test.tsx > las filas se pintan en el orden en que llegan (R13) > no se reordena, ni se filtra, ni se recorta en el cliente aunque los parametros digan otra cosa
An update to OrderForm inside a test was not wrapped in act(...).

When testing, code that causes React state updates should be wrapped into act(...):

act(() => {
  /* fire events that update state */
});
/* assert on the output */

This ensures that you're testing the behavior the user would see in the browser. Learn more at https://react.dev/link/wrap-tests-with-act
An update to OrderForm inside a test was not wrapped in act(...).

When testing, code that causes React state updates should be wrapped into act(...):

act(() => {
  /* fire events that update state */
});
/* assert on the output */

This ensures that you're testing the behavior the user would see in the browser. Learn more at https://react.dev/link/wrap-tests-with-act
An update to OrderForm inside a test was not wrapped in act(...).

When testing, code that causes React state updates should be wrapped into act(...):

act(() => {
  /* fire events that update state */
});
/* assert on the output */

This ensures that you're testing the behavior the user would see in the browser. Learn more at https://react.dev/link/wrap-tests-with-act
An update to OrderForm inside a test was not wrapped in act(...).

When testing, code that causes React state updates should be wrapped into act(...):

act(() => {
  /* fire events that update state */
});
/* assert on the output */

This ensures that you're testing the behavior the user would see in the browser. Learn more at https://react.dev/link/wrap-tests-with-act
An update to OrderForm inside a test was not wrapped in act(...).

When testing, code that causes React state updates should be wrapped into act(...):

act(() => {
  /* fire events that update state */
});
/* assert on the output */

This ensures that you're testing the behavior the user would see in the browser. Learn more at https://react.dev/link/wrap-tests-with-act
An update to OrderForm inside a test was not wrapped in act(...).

When testing, code that causes React state updates should be wrapped into act(...):

act(() => {
  /* fire events that update state */
});
/* assert on the output */

This ensures that you're testing the behavior the user would see in the browser. Learn more at https://react.dev/link/wrap-tests-with-act
An update to OrderForm inside a test was not wrapped in act(...).

When testing, code that causes React state updates should be wrapped into act(...):

act(() => {
  /* fire events that update state */
});
/* assert on the output */

This ensures that you're testing the behavior the user would see in the browser. Learn more at https://react.dev/link/wrap-tests-with-act
An update to OrderForm inside a test was not wrapped in act(...).

When testing, code that causes React state updates should be wrapped into act(...):

act(() => {
  /* fire events that update state */
});
/* assert on the output */

This ensures that you're testing the behavior the user would see in the browser. Learn more at https://react.dev/link/wrap-tests-with-act
An update to OrderForm inside a test was not wrapped in act(...).

When testing, code that causes React state updates should be wrapped into act(...):

act(() => {
  /* fire events that update state */
});
/* assert on the output */

This ensures that you're testing the behavior the user would see in the browser. Learn more at https://react.dev/link/wrap-tests-with-act

stderr | tests/unit/pedidos-ui/order-table.test.tsx > la caja de busqueda existe y respeta el area tactil minima (R1) > se pinta con al menos 44px de alto y 16px de letra
An update to OrderForm inside a test was not wrapped in act(...).

When testing, code that causes React state updates should be wrapped into act(...):

act(() => {
  /* fire events that update state */
});
/* assert on the output */

This ensures that you're testing the behavior the user would see in the browser. Learn more at https://react.dev/link/wrap-tests-with-act
An update to OrderForm inside a test was not wrapped in act(...).

When testing, code that causes React state updates should be wrapped into act(...):

act(() => {
  /* fire events that update state */
});
/* assert on the output */

This ensures that you're testing the behavior the user would see in the browser. Learn more at https://react.dev/link/wrap-tests-with-act
An update to OrderForm inside a test was not wrapped in act(...).

When testing, code that causes React state updates should be wrapped into act(...):

act(() => {
  /* fire events that update state */
});
/* assert on the output */

This ensures that you're testing the behavior the user would see in the browser. Learn more at https://react.dev/link/wrap-tests-with-act
An update to OrderForm inside a test was not wrapped in act(...).

When testing, code that causes React state updates should be wrapped into act(...):

act(() => {
  /* fire events that update state */
});
/* assert on the output */

This ensures that you're testing the behavior the user would see in the browser. Learn more at https://react.dev/link/wrap-tests-with-act
An update to OrderForm inside a test was not wrapped in act(...).

When testing, code that causes React state updates should be wrapped into act(...):

act(() => {
  /* fire events that update state */
});
/* assert on the output */

This ensures that you're testing the behavior the user would see in the browser. Learn more at https://react.dev/link/wrap-tests-with-act
An update to OrderForm inside a test was not wrapped in act(...).

When testing, code that causes React state updates should be wrapped into act(...):

act(() => {
  /* fire events that update state */
});
/* assert on the output */

This ensures that you're testing the behavior the user would see in the browser. Learn more at https://react.dev/link/wrap-tests-with-act
An update to OrderForm inside a test was not wrapped in act(...).

When testing, code that causes React state updates should be wrapped into act(...):

act(() => {
  /* fire events that update state */
});
/* assert on the output */

This ensures that you're testing the behavior the user would see in the browser. Learn more at https://react.dev/link/wrap-tests-with-act
An update to OrderForm inside a test was not wrapped in act(...).

When testing, code that causes React state updates should be wrapped into act(...):

act(() => {
  /* fire events that update state */
});
/* assert on the output */

This ensures that you're testing the behavior the user would see in the browser. Learn more at https://react.dev/link/wrap-tests-with-act
An update to OrderForm inside a test was not wrapped in act(...).

When testing, code that causes React state updates should be wrapped into act(...):

act(() => {
  /* fire events that update state */
});
/* assert on the output */

This ensures that you're testing the behavior the user would see in the browser. Learn more at https://react.dev/link/wrap-tests-with-act

stderr | tests/unit/pedidos-ui/order-table.test.tsx > escribir en la caja navega desde la primera pagina, conservando lo demas (R2, R8) > un termino nuevo vuelve a la pagina 1 y conserva tamano, orden y filtros
An update to OrderForm inside a test was not wrapped in act(...).

When testing, code that causes React state updates should be wrapped into act(...):

act(() => {
  /* fire events that update state */
});
/* assert on the output */

This ensures that you're testing the behavior the user would see in the browser. Learn more at https://react.dev/link/wrap-tests-with-act
An update to OrderForm inside a test was not wrapped in act(...).

When testing, code that causes React state updates should be wrapped into act(...):

act(() => {
  /* fire events that update state */
});
/* assert on the output */

This ensures that you're testing the behavior the user would see in the browser. Learn more at https://react.dev/link/wrap-tests-with-act
An update to OrderForm inside a test was not wrapped in act(...).

When testing, code that causes React state updates should be wrapped into act(...):

act(() => {
  /* fire events that update state */
});
/* assert on the output */

This ensures that you're testing the behavior the user would see in the browser. Learn more at https://react.dev/link/wrap-tests-with-act
An update to OrderForm inside a test was not wrapped in act(...).

When testing, code that causes React state updates should be wrapped into act(...):

act(() => {
  /* fire events that update state */
});
/* assert on the output */

This ensures that you're testing the behavior the user would see in the browser. Learn more at https://react.dev/link/wrap-tests-with-act
An update to OrderForm inside a test was not wrapped in act(...).

When testing, code that causes React state updates should be wrapped into act(...):

act(() => {
  /* fire events that update state */
});
/* assert on the output */

This ensures that you're testing the behavior the user would see in the browser. Learn more at https://react.dev/link/wrap-tests-with-act
An update to OrderForm inside a test was not wrapped in act(...).

When testing, code that causes React state updates should be wrapped into act(...):

act(() => {
  /* fire events that update state */
});
/* assert on the output */

This ensures that you're testing the behavior the user would see in the browser. Learn more at https://react.dev/link/wrap-tests-with-act
An update to OrderForm inside a test was not wrapped in act(...).

When testing, code that causes React state updates should be wrapped into act(...):

act(() => {
  /* fire events that update state */
});
/* assert on the output */

This ensures that you're testing the behavior the user would see in the browser. Learn more at https://react.dev/link/wrap-tests-with-act
An update to OrderForm inside a test was not wrapped in act(...).

When testing, code that causes React state updates should be wrapped into act(...):

act(() => {
  /* fire events that update state */
});
/* assert on the output */

This ensures that you're testing the behavior the user would see in the browser. Learn more at https://react.dev/link/wrap-tests-with-act
An update to OrderForm inside a test was not wrapped in act(...).

When testing, code that causes React state updates should be wrapped into act(...):

act(() => {
  /* fire events that update state */
});
/* assert on the output */

This ensures that you're testing the behavior the user would see in the browser. Learn more at https://react.dev/link/wrap-tests-with-act

stderr | tests/unit/pedidos-ui/order-table.test.tsx > escribir en la caja navega desde la primera pagina, conservando lo demas (R2, R8) > un termino nuevo vuelve a la pagina 1 y conserva tamano, orden y filtros
An update to OrderTable inside a test was not wrapped in act(...).

When testing, code that causes React state updates should be wrapped into act(...):

act(() => {
  /* fire events that update state */
});
/* assert on the output */

This ensures that you're testing the behavior the user would see in the browser. Learn more at https://react.dev/link/wrap-tests-with-act
An update to OrderTable inside a test was not wrapped in act(...).

When testing, code that causes React state updates should be wrapped into act(...):

act(() => {
  /* fire events that update state */
});
/* assert on the output */

This ensures that you're testing the behavior the user would see in the browser. Learn more at https://react.dev/link/wrap-tests-with-act
An update to OrderTable inside a test was not wrapped in act(...).

When testing, code that causes React state updates should be wrapped into act(...):

act(() => {
  /* fire events that update state */
});
/* assert on the output */

This ensures that you're testing the behavior the user would see in the browser. Learn more at https://react.dev/link/wrap-tests-with-act
An update to SelectValue inside a test was not wrapped in act(...).

When testing, code that causes React state updates should be wrapped into act(...):

act(() => {
  /* fire events that update state */
});
/* assert on the output */

This ensures that you're testing the behavior the user would see in the browser. Learn more at https://react.dev/link/wrap-tests-with-act

stderr | tests/unit/pedidos-ui/order-table.test.tsx > las filas se pintan tal cual llegan aunque ninguna contenga el termino (R3) > la tabla no filtra, ni ordena, ni recorta en el cliente
An update to OrderForm inside a test was not wrapped in act(...).

When testing, code that causes React state updates should be wrapped into act(...):

act(() => {
  /* fire events that update state */
});
/* assert on the output */

This ensures that you're testing the behavior the user would see in the browser. Learn more at https://react.dev/link/wrap-tests-with-act
An update to OrderForm inside a test was not wrapped in act(...).

When testing, code that causes React state updates should be wrapped into act(...):

act(() => {
  /* fire events that update state */
});
/* assert on the output */

This ensures that you're testing the behavior the user would see in the browser. Learn more at https://react.dev/link/wrap-tests-with-act
An update to OrderForm inside a test was not wrapped in act(...).

When testing, code that causes React state updates should be wrapped into act(...):

act(() => {
  /* fire events that update state */
});
/* assert on the output */

This ensures that you're testing the behavior the user would see in the browser. Learn more at https://react.dev/link/wrap-tests-with-act
An update to OrderForm inside a test was not wrapped in act(...).

When testing, code that causes React state updates should be wrapped into act(...):

act(() => {
  /* fire events that update state */
});
/* assert on the output */

This ensures that you're testing the behavior the user would see in the browser. Learn more at https://react.dev/link/wrap-tests-with-act
An update to OrderForm inside a test was not wrapped in act(...).

When testing, code that causes React state updates should be wrapped into act(...):

act(() => {
  /* fire events that update state */
});
/* assert on the output */

This ensures that you're testing the behavior the user would see in the browser. Learn more at https://react.dev/link/wrap-tests-with-act
An update to OrderForm inside a test was not wrapped in act(...).

When testing, code that causes React state updates should be wrapped into act(...):

act(() => {
  /* fire events that update state */
});
/* assert on the output */

This ensures that you're testing the behavior the user would see in the browser. Learn more at https://react.dev/link/wrap-tests-with-act
An update to OrderForm inside a test was not wrapped in act(...).

When testing, code that causes React state updates should be wrapped into act(...):

act(() => {
  /* fire events that update state */
});
/* assert on the output */

This ensures that you're testing the behavior the user would see in the browser. Learn more at https://react.dev/link/wrap-tests-with-act
An update to OrderForm inside a test was not wrapped in act(...).

When testing, code that causes React state updates should be wrapped into act(...):

act(() => {
  /* fire events that update state */
});
/* assert on the output */

This ensures that you're testing the behavior the user would see in the browser. Learn more at https://react.dev/link/wrap-tests-with-act
An update to OrderForm inside a test was not wrapped in act(...).

When testing, code that causes React state updates should be wrapped into act(...):

act(() => {
  /* fire events that update state */
});
/* assert on the output */

This ensures that you're testing the behavior the user would see in the browser. Learn more at https://react.dev/link/wrap-tests-with-act

 ✓ |ui| tests/unit/proveedores-ui/catalog-line-sheet.test.tsx (24 tests) 31885ms
     ✓ el alta se abre en un panel lateral sobre el catalogo, sin navegar ni recargar la lista  1951ms
     ✓ el estado vacio del catalogo ofrece anadir la primera linea y abre el mismo panel  434ms
     ✓ no ofrece ningun campo ni selector de articulo del inventario  906ms
     ✓ no pide ninguna imagen ni ofrece subirla, y no la emite al guardar  2037ms
     ✓ captura los campos de negocio y los envia por la operacion de alta, con el proveedor oculto  2589ms
     ✓ la presentacion es obligatoria y se puede alcanzar y crear desde el propio formulario  2525ms
     ✓ la unidad es opcional: sin elegirla, la linea se guarda sin unidad  1608ms
     ✓ el costo y el minimo viajan como la MISMA cadena que se escribio, y no son controles numericos  1699ms
     ✓ precarga los valores actuales y envia el REEMPLAZO COMPLETO de los siete campos  828ms
     ✓ la precarga NO redondea: cuatro decimales se reenvian intactos  624ms
     ✓ no ofrece cambiar el proveedor de la linea  643ms
     ✓ una linea sin unidad y sin minimo se precarga sin inventar valores  466ms
     ✓ un duplicate_catalog_line se pinta junto al campo nombre, sin cerrar el panel ni perder lo escrito  1700ms
     ✓ un unauthorized se pinta en la region de error del formulario y conserva lo escrito  1509ms
     ✓ un catalog_line_not_found ofrece volver a la lista desde la region de error del formulario  767ms
     ✓ un supplier_not_found del ALTA ofrece la misma vuelta, pero con SU propia frase  1426ms
     ✓ la validacion previa aplica el MISMO esquema del contrato publico y ni llama a la operacion  1506ms
     ✓ el tiempo de entrega se captura como entero y un valor con decimales no llega a la operacion  1350ms
     ✓ un guardado con exito cierra el panel, avisa por toast y refresca el catalogo  1794ms
     ✓ la pantalla no monta ninguna region de avisos propia  496ms
     ✓ los campos y las acciones del panel se usan igual en viewport angosto y en ancho  1023ms
     ✓ el formulario cubre los siete campos de negocio, con la imagen declarada como ausente  592ms
     ✓ el error inesperado ensena el identificador como texto, con su etiqueta  1777ms
     ✓ un error del catalogo no ensena identificador ninguno  1628ms
 ✓ |ui| tests/unit/proveedores-ui/supplier-page.test.tsx (49 tests) 34735ms
     ✓ R1: se renderiza dentro del armazon privado con la tabla compartida, sin tabla ni paginacion propias  906ms
     ✓ R2, R18: presenta exactamente nombre, telefono, correo, creado, actualizado y acciones, y el esqueleto cuenta las mismas  657ms
     ✓ R3: no muestra el id tecnico, el nombre normalizado ni los ids de autoria  328ms
     ✓ R4: cada fila enlaza al detalle de su proveedor con la ruta del helper  335ms
     ✓ R6, R7, R10: ofrece busqueda y orden por cabecera en nombre y fechas, y pinta las filas del simulador en su orden  1448ms
     ✓ R6: el orden de la URL llega a la accion y a aria-sort, y el menu de la cabecera navega con el orden elegido  1613ms
     ✓ R7: telefono, correo y acciones no ofrecen orden ni en la cabecera ni en su menu  1797ms
     ✓ R8:la busqueda navega con el termino al cumplirse SEARCH_DEBOUNCE_MS, y vaciarla navega sin termino  514ms
     ✓ R9: el atajo de fecha navega con el rango de creacion, limpiarlo navega sin rango, y ninguna otra columna filtra  2389ms
     ✓ R9: elegir a mano en el calendario un dia de inicio y otro de fin navega con ese rango en YYYY-MM-DD  3764ms
     ✓ R10: pinta las filas tal cual llegan aunque la URL pida otro orden y un termino que no coincide  540ms
     ✓ R14: con la navegacion en vuelo la tabla se marca aria-busy y la busqueda conserva el foco y el texto  731ms
     ✓ R21: la columna de acciones no se puede fijar y sus controles se ven sin puntero, con area tactil de 44x44  338ms
     ✓ R24: la columna fijada por defecto es el nombre  346ms
     ✓ R21, R24: orden, busqueda, filtro, paginacion y acciones se ven y se alcanzan en viewport angosto y en ancho  877ms
     ✓ R15, R22: pide la lista una sola vez con 10 por defecto, ofrece 10 y 25, y cambiar el tamano navega a la primera pagina  1213ms
     ✓ R23: permite avanzar y retroceder de pagina e indica la pagina actual y el total  507ms
     ✓ R20: vacio, sin resultados, cargando y error son mutuamente excluyentes y se distinguen por data-testid  433ms
     ✓ R33: al pasar de filas a «sin resultados» con el mismo arbol, la busqueda conserva el foco y lo escrito  330ms
     ✓ el alta se abre en un panel lateral sobre la lista, sin navegar ni perder la pagina  641ms
     ✓ el alta captura nombre, telefono y correo y los envia por la operacion de alta  843ms
     ✓ la edicion precarga los valores actuales y envia el reemplazo completo  681ms
     ✓ un supplier_duplicate_name se pinta junto al campo nombre, sin cerrar el panel ni perder lo escrito  1088ms
     ✓ un unauthorized se pinta en la region de error del formulario y conserva lo escrito  953ms
     ✓ un supplier_not_found ofrece volver a la lista desde la region de error del formulario  741ms
     ✓ la validacion previa aplica el MISMO esquema del contrato publico y ni llama a la operacion  823ms
     ✓ un guardado con exito cierra el panel, avisa por toast y refresca la lista  1074ms
     ✓ la zona privada sigue teniendo exactamente una region de avisos  498ms
     ✓ los campos y las acciones del panel se usan igual en viewport angosto y en ancho  776ms
     ✓ sin confirmar no invoca la operacion de baja, y el dialogo nombra al proveedor y avisa del arrastre  598ms
     ✓ al confirmar invoca la baja con el id oculto, cierra, avisa por toast y refresca  638ms
     ✓ una baja rechazada mantiene el dialogo abierto con el mensaje a la vista  778ms
     ✓ el formulario conserva el identificador que devolvio la operacion  1131ms
     ✓ el formulario con un error del catalogo no ensena identificador ninguno  1103ms
     ✓ el dialogo de baja ensena el identificador del error inesperado  640ms
     ✓ el dialogo de baja con un error del catalogo no ensena identificador ninguno  689ms
stderr | tests/unit/pedidos-ui/order-table.test.tsx > mientras la navegacion esta en vuelo, la caja conserva foco y texto, y al soltarla la tabla se actualiza (R10, R11, R12) > aria-busy y atenuacion en vuelo; al soltar la navegacion, filas nuevas sin atenuar ni rotulo
An update to OrderForm inside a test was not wrapped in act(...).

When testing, code that causes React state updates should be wrapped into act(...):

act(() => {
  /* fire events that update state */
});
/* assert on the output */

This ensures that you're testing the behavior the user would see in the browser. Learn more at https://react.dev/link/wrap-tests-with-act
An update to OrderForm inside a test was not wrapped in act(...).

When testing, code that causes React state updates should be wrapped into act(...):

act(() => {
  /* fire events that update state */
});
/* assert on the output */

This ensures that you're testing the behavior the user would see in the browser. Learn more at https://react.dev/link/wrap-tests-with-act
An update to OrderForm inside a test was not wrapped in act(...).

When testing, code that causes React state updates should be wrapped into act(...):

act(() => {
  /* fire events that update state */
});
/* assert on the output */

This ensures that you're testing the behavior the user would see in the browser. Learn more at https://react.dev/link/wrap-tests-with-act

stderr | tests/unit/recetas-ui/recipe-form.test.tsx > QC-64 R24 — el arrastre por teclado sigue funcionando con el editor dentro de la fila > R24: tomar el asa con Espacio, mover con las flechas y soltar cambia el orden del payload aunque cada paso monte un editor
An update to RecipeForm inside a test was not wrapped in act(...).

When testing, code that causes React state updates should be wrapped into act(...):

act(() => {
  /* fire events that update state */
});
/* assert on the output */

This ensures that you're testing the behavior the user would see in the browser. Learn more at https://react.dev/link/wrap-tests-with-act

stderr | tests/unit/recetas-ui/recipe-form.test.tsx > QC-64 R24 — el arrastre por teclado sigue funcionando con el editor dentro de la fila > R24: tomar el asa con Espacio, mover con las flechas y soltar cambia el orden del payload aunque cada paso monte un editor
An update to RecipeForm inside a test was not wrapped in act(...).

When testing, code that causes React state updates should be wrapped into act(...):

act(() => {
  /* fire events that update state */
});
/* assert on the output */

This ensures that you're testing the behavior the user would see in the browser. Learn more at https://react.dev/link/wrap-tests-with-act

stderr | tests/unit/pedidos-ui/order-table.test.tsx > la columna del correlativo esta fijada al montar (R19) > sin ninguna preferencia guardada, su cabecera y sus celdas nacen fijadas a la izquierda
An update to OrderForm inside a test was not wrapped in act(...).

When testing, code that causes React state updates should be wrapped into act(...):

act(() => {
  /* fire events that update state */
});
/* assert on the output */

This ensures that you're testing the behavior the user would see in the browser. Learn more at https://react.dev/link/wrap-tests-with-act
An update to OrderForm inside a test was not wrapped in act(...).

When testing, code that causes React state updates should be wrapped into act(...):

act(() => {
  /* fire events that update state */
});
/* assert on the output */

This ensures that you're testing the behavior the user would see in the browser. Learn more at https://react.dev/link/wrap-tests-with-act
An update to OrderForm inside a test was not wrapped in act(...).

When testing, code that causes React state updates should be wrapped into act(...):

act(() => {
  /* fire events that update state */
});
/* assert on the output */

This ensures that you're testing the behavior the user would see in the browser. Learn more at https://react.dev/link/wrap-tests-with-act
An update to OrderForm inside a test was not wrapped in act(...).

When testing, code that causes React state updates should be wrapped into act(...):

act(() => {
  /* fire events that update state */
});
/* assert on the output */

This ensures that you're testing the behavior the user would see in the browser. Learn more at https://react.dev/link/wrap-tests-with-act
An update to OrderForm inside a test was not wrapped in act(...).

When testing, code that causes React state updates should be wrapped into act(...):

act(() => {
  /* fire events that update state */
});
/* assert on the output */

This ensures that you're testing the behavior the user would see in the browser. Learn more at https://react.dev/link/wrap-tests-with-act
An update to OrderForm inside a test was not wrapped in act(...).

When testing, code that causes React state updates should be wrapped into act(...):

act(() => {
  /* fire events that update state */
});
/* assert on the output */

This ensures that you're testing the behavior the user would see in the browser. Learn more at https://react.dev/link/wrap-tests-with-act
An update to OrderForm inside a test was not wrapped in act(...).

When testing, code that causes React state updates should be wrapped into act(...):

act(() => {
  /* fire events that update state */
});
/* assert on the output */

This ensures that you're testing the behavior the user would see in the browser. Learn more at https://react.dev/link/wrap-tests-with-act
An update to OrderForm inside a test was not wrapped in act(...).

When testing, code that causes React state updates should be wrapped into act(...):

act(() => {
  /* fire events that update state */
});
/* assert on the output */

This ensures that you're testing the behavior the user would see in the browser. Learn more at https://react.dev/link/wrap-tests-with-act
An update to OrderForm inside a test was not wrapped in act(...).

When testing, code that causes React state updates should be wrapped into act(...):

act(() => {
  /* fire events that update state */
});
/* assert on the output */

This ensures that you're testing the behavior the user would see in the browser. Learn more at https://react.dev/link/wrap-tests-with-act

stderr | tests/unit/recetas-ui/recipe-form.test.tsx > QC-64 R24 — el arrastre por teclado sigue funcionando con el editor dentro de la fila > R24: tomar el asa con Espacio, mover con las flechas y soltar cambia el orden del payload aunque cada paso monte un editor
An update to RecipeForm inside a test was not wrapped in act(...).

When testing, code that causes React state updates should be wrapped into act(...):

act(() => {
  /* fire events that update state */
});
/* assert on the output */

This ensures that you're testing the behavior the user would see in the browser. Learn more at https://react.dev/link/wrap-tests-with-act

stderr | tests/unit/pedidos-ui/order-table.test.tsx > la columna del correlativo esta fijada al montar (R19) > la columna de acciones NO nace fijada: no puede tapar a la del correlativo
An update to OrderForm inside a test was not wrapped in act(...).

When testing, code that causes React state updates should be wrapped into act(...):

act(() => {
  /* fire events that update state */
});
/* assert on the output */

This ensures that you're testing the behavior the user would see in the browser. Learn more at https://react.dev/link/wrap-tests-with-act
An update to OrderForm inside a test was not wrapped in act(...).

When testing, code that causes React state updates should be wrapped into act(...):

act(() => {
  /* fire events that update state */
});
/* assert on the output */

This ensures that you're testing the behavior the user would see in the browser. Learn more at https://react.dev/link/wrap-tests-with-act
An update to OrderForm inside a test was not wrapped in act(...).

When testing, code that causes React state updates should be wrapped into act(...):

act(() => {
  /* fire events that update state */
});
/* assert on the output */

This ensures that you're testing the behavior the user would see in the browser. Learn more at https://react.dev/link/wrap-tests-with-act
An update to OrderForm inside a test was not wrapped in act(...).

When testing, code that causes React state updates should be wrapped into act(...):

act(() => {
  /* fire events that update state */
});
/* assert on the output */

This ensures that you're testing the behavior the user would see in the browser. Learn more at https://react.dev/link/wrap-tests-with-act
An update to OrderForm inside a test was not wrapped in act(...).

When testing, code that causes React state updates should be wrapped into act(...):

act(() => {
  /* fire events that update state */
});
/* assert on the output */

This ensures that you're testing the behavior the user would see in the browser. Learn more at https://react.dev/link/wrap-tests-with-act
An update to OrderForm inside a test was not wrapped in act(...).

When testing, code that causes React state updates should be wrapped into act(...):

act(() => {
  /* fire events that update state */
});
/* assert on the output */

This ensures that you're testing the behavior the user would see in the browser. Learn more at https://react.dev/link/wrap-tests-with-act
An update to OrderForm inside a test was not wrapped in act(...).

When testing, code that causes React state updates should be wrapped into act(...):

act(() => {
  /* fire events that update state */
});
/* assert on the output */

This ensures that you're testing the behavior the user would see in the browser. Learn more at https://react.dev/link/wrap-tests-with-act
An update to OrderForm inside a test was not wrapped in act(...).

When testing, code that causes React state updates should be wrapped into act(...):

act(() => {
  /* fire events that update state */
});
/* assert on the output */

This ensures that you're testing the behavior the user would see in the browser. Learn more at https://react.dev/link/wrap-tests-with-act
An update to OrderForm inside a test was not wrapped in act(...).

When testing, code that causes React state updates should be wrapped into act(...):

act(() => {
  /* fire events that update state */
});
/* assert on the output */

This ensures that you're testing the behavior the user would see in the browser. Learn more at https://react.dev/link/wrap-tests-with-act

 ✓ |ui| tests/unit/configuracion-ui/user-sheet.test.tsx (28 tests) 13555ms
     ✓ el alta abre un panel lateral, sin navegar y sin dialogo modal centrado  838ms
     ✓ la edicion abre el MISMO panel lateral, tambien sin navegar  344ms
     ✓ cerrar el panel no navega: los parametros de lista de la URL siguen intactos  332ms
     ✓ MIENTRAS la ficha se obtiene, el panel presenta un indicador de carga y ningun formulario  366ms
     ✓ envia el REEMPLAZO COMPLETO de los nueve, con el id atado a la operacion  473ms
     ✓ un rechazo de la EDICION tampoco cierra el panel  393ms
     ✓ el alta cierra el panel, avisa una vez y refresca sin tocar la URL  1986ms
     ✓ el aviso del alta es NEUTRO: ni credencial, ni enlace, ni via de acceso (R28)  1823ms
     ✓ la edicion cierra el panel, avisa una vez y refresca  448ms
     ✓ el panel no monta ninguna region de avisos propia (R29)  506ms
     ✓ R7 — sobre otra persona activa se ofrece dentro del panel, con su nombre en el nombre accesible  398ms
     ✓ R11 — con la cuenta `pending` el control NO existe en el DOM  397ms
     ✓ R11 — con la cuenta `blocked` el control NO existe en el DOM  345ms
     ✓ R12 — si la persona del panel es el propio actor, el control NO existe en el DOM  319ms
     ✓ R9 — pulsar el disparador abre la confirmacion con el nombre y NO invoca la action  447ms
     ✓ R9 — volver cierra la confirmacion sin invocar nada y el panel sigue abierto  586ms
     ✓ R10 — confirmar invoca la action EXACTAMENTE una vez con el id, y NINGUNA escritura de edicion  544ms
     ✓ R13 — con exito se cierra la confirmacion, se avisa una vez y se refresca sin navegar  674ms
     ✓ R14 — un rechazo se pinta dentro de la confirmacion, que sigue abierta, sin aviso de exito  532ms
     ✓ R16 — el control lo gobiernan SOLO las props: cambiar `currentUserId` lo quita y lo devuelve  524ms
stderr | tests/unit/pedidos-ui/order-table.test.tsx > cambiar orden, filtro o pagina navega con la consulta esperada (R15, R17) > ordenar por una cabecera pide la lista de nuevo con ese orden
An update to OrderForm inside a test was not wrapped in act(...).

When testing, code that causes React state updates should be wrapped into act(...):

act(() => {
  /* fire events that update state */
});
/* assert on the output */

This ensures that you're testing the behavior the user would see in the browser. Learn more at https://react.dev/link/wrap-tests-with-act
An update to OrderForm inside a test was not wrapped in act(...).

When testing, code that causes React state updates should be wrapped into act(...):

act(() => {
  /* fire events that update state */
});
/* assert on the output */

This ensures that you're testing the behavior the user would see in the browser. Learn more at https://react.dev/link/wrap-tests-with-act
An update to OrderForm inside a test was not wrapped in act(...).

When testing, code that causes React state updates should be wrapped into act(...):

act(() => {
  /* fire events that update state */
});
/* assert on the output */

This ensures that you're testing the behavior the user would see in the browser. Learn more at https://react.dev/link/wrap-tests-with-act
An update to OrderForm inside a test was not wrapped in act(...).

When testing, code that causes React state updates should be wrapped into act(...):

act(() => {
  /* fire events that update state */
});
/* assert on the output */

This ensures that you're testing the behavior the user would see in the browser. Learn more at https://react.dev/link/wrap-tests-with-act
An update to OrderForm inside a test was not wrapped in act(...).

When testing, code that causes React state updates should be wrapped into act(...):

act(() => {
  /* fire events that update state */
});
/* assert on the output */

This ensures that you're testing the behavior the user would see in the browser. Learn more at https://react.dev/link/wrap-tests-with-act
An update to OrderForm inside a test was not wrapped in act(...).

When testing, code that causes React state updates should be wrapped into act(...):

act(() => {
  /* fire events that update state */
});
/* assert on the output */

This ensures that you're testing the behavior the user would see in the browser. Learn more at https://react.dev/link/wrap-tests-with-act
An update to OrderForm inside a test was not wrapped in act(...).

When testing, code that causes React state updates should be wrapped into act(...):

act(() => {
  /* fire events that update state */
});
/* assert on the output */

This ensures that you're testing the behavior the user would see in the browser. Learn more at https://react.dev/link/wrap-tests-with-act
An update to OrderForm inside a test was not wrapped in act(...).

When testing, code that causes React state updates should be wrapped into act(...):

act(() => {
  /* fire events that update state */
});
/* assert on the output */

This ensures that you're testing the behavior the user would see in the browser. Learn more at https://react.dev/link/wrap-tests-with-act
An update to OrderForm inside a test was not wrapped in act(...).

When testing, code that causes React state updates should be wrapped into act(...):

act(() => {
  /* fire events that update state */
});
/* assert on the output */

This ensures that you're testing the behavior the user would see in the browser. Learn more at https://react.dev/link/wrap-tests-with-act

 ✓ |ui| tests/unit/inventario/adjust-batch-dialog.test.tsx (14 tests) 11749ms
     ✓ un delta positivo viaja tal cual, junto al batchId y un motivo del conjunto cerrado  2173ms
     ✓ un delta negativo conserva su signo: NUNCA el total nuevo del lote  1507ms
     ✓ R6 — un delta decimal viaja tal cual, sin pasar por coma flotante  1208ms
     ✓ R6 — la coma se convierte en punto mientras se teclea  317ms
     ✓ con exito cierra, avisa por toast y refresca (R21)  1099ms
     ✓ R33 — con el lote sobre-reservado, muestra un aviso de texto y no cierra solo  1210ms
     ✓ sin sobre-reserva, el aviso no aparece  915ms
     ✓ con error el dialogo sigue abierto con el mensaje a la vista  1009ms
     ✓ muestra el mensaje y NO invoca la action  817ms
     ✓ el aria-describedby del campo resuelve a un elemento existente con el texto del error  889ms
     ✓ sin motivo, muestra el mensaje y NO invoca la action  336ms
stderr | tests/unit/recetas-ui/recipe-form.test.tsx > QC-64 R11, R13 y R22 — la vista previa lee lo que hay escrito y no guarda nada > R3, R11: abrir la vista previa no invoca ninguna operacion, monta el asistente SIN espera y sobre los pasos escritos EN ESE INSTANTE
An update to RecipeForm inside a test was not wrapped in act(...).

When testing, code that causes React state updates should be wrapped into act(...):

act(() => {
  /* fire events that update state */
});
/* assert on the output */

This ensures that you're testing the behavior the user would see in the browser. Learn more at https://react.dev/link/wrap-tests-with-act

stderr | tests/unit/recetas-ui/recipe-form.test.tsx > QC-64 R11, R13 y R22 — la vista previa lee lo que hay escrito y no guarda nada > R3, R11: abrir la vista previa no invoca ninguna operacion, monta el asistente SIN espera y sobre los pasos escritos EN ESE INSTANTE
An update to RecipeForm inside a test was not wrapped in act(...).

When testing, code that causes React state updates should be wrapped into act(...):

act(() => {
  /* fire events that update state */
});
/* assert on the output */

This ensures that you're testing the behavior the user would see in the browser. Learn more at https://react.dev/link/wrap-tests-with-act

stderr | tests/unit/pedidos-ui/order-table.test.tsx > la caja sigue a la URL cuando el termino cambia por fuera (R27) > un `params.search` externo, ajeno a la caja, se muestra tras el rerender
An update to OrderForm inside a test was not wrapped in act(...).

When testing, code that causes React state updates should be wrapped into act(...):

act(() => {
  /* fire events that update state */
});
/* assert on the output */

This ensures that you're testing the behavior the user would see in the browser. Learn more at https://react.dev/link/wrap-tests-with-act
An update to OrderForm inside a test was not wrapped in act(...).

When testing, code that causes React state updates should be wrapped into act(...):

act(() => {
  /* fire events that update state */
});
/* assert on the output */

This ensures that you're testing the behavior the user would see in the browser. Learn more at https://react.dev/link/wrap-tests-with-act
An update to OrderForm inside a test was not wrapped in act(...).

When testing, code that causes React state updates should be wrapped into act(...):

act(() => {
  /* fire events that update state */
});
/* assert on the output */

This ensures that you're testing the behavior the user would see in the browser. Learn more at https://react.dev/link/wrap-tests-with-act
An update to OrderForm inside a test was not wrapped in act(...).

When testing, code that causes React state updates should be wrapped into act(...):

act(() => {
  /* fire events that update state */
});
/* assert on the output */

This ensures that you're testing the behavior the user would see in the browser. Learn more at https://react.dev/link/wrap-tests-with-act
An update to OrderForm inside a test was not wrapped in act(...).

When testing, code that causes React state updates should be wrapped into act(...):

act(() => {
  /* fire events that update state */
});
/* assert on the output */

This ensures that you're testing the behavior the user would see in the browser. Learn more at https://react.dev/link/wrap-tests-with-act
An update to OrderForm inside a test was not wrapped in act(...).

When testing, code that causes React state updates should be wrapped into act(...):

act(() => {
  /* fire events that update state */
});
/* assert on the output */

This ensures that you're testing the behavior the user would see in the browser. Learn more at https://react.dev/link/wrap-tests-with-act
An update to OrderForm inside a test was not wrapped in act(...).

When testing, code that causes React state updates should be wrapped into act(...):

act(() => {
  /* fire events that update state */
});
/* assert on the output */

This ensures that you're testing the behavior the user would see in the browser. Learn more at https://react.dev/link/wrap-tests-with-act
An update to OrderForm inside a test was not wrapped in act(...).

When testing, code that causes React state updates should be wrapped into act(...):

act(() => {
  /* fire events that update state */
});
/* assert on the output */

This ensures that you're testing the behavior the user would see in the browser. Learn more at https://react.dev/link/wrap-tests-with-act
An update to OrderForm inside a test was not wrapped in act(...).

When testing, code that causes React state updates should be wrapped into act(...):

act(() => {
  /* fire events that update state */
});
/* assert on the output */

This ensures that you're testing the behavior the user would see in the browser. Learn more at https://react.dev/link/wrap-tests-with-act

stderr | tests/unit/pedidos-ui/order-table.test.tsx > la caja sigue a la URL cuando el termino cambia por fuera (R27) > el termino que la propia caja emitio no la remonta: mismo nodo, foco y texto (R27, R11)
An update to OrderForm inside a test was not wrapped in act(...).

When testing, code that causes React state updates should be wrapped into act(...):

act(() => {
  /* fire events that update state */
});
/* assert on the output */

This ensures that you're testing the behavior the user would see in the browser. Learn more at https://react.dev/link/wrap-tests-with-act
An update to OrderForm inside a test was not wrapped in act(...).

When testing, code that causes React state updates should be wrapped into act(...):

act(() => {
  /* fire events that update state */
});
/* assert on the output */

This ensures that you're testing the behavior the user would see in the browser. Learn more at https://react.dev/link/wrap-tests-with-act
An update to OrderForm inside a test was not wrapped in act(...).

When testing, code that causes React state updates should be wrapped into act(...):

act(() => {
  /* fire events that update state */
});
/* assert on the output */

This ensures that you're testing the behavior the user would see in the browser. Learn more at https://react.dev/link/wrap-tests-with-act
An update to OrderForm inside a test was not wrapped in act(...).

When testing, code that causes React state updates should be wrapped into act(...):

act(() => {
  /* fire events that update state */
});
/* assert on the output */

This ensures that you're testing the behavior the user would see in the browser. Learn more at https://react.dev/link/wrap-tests-with-act
An update to OrderForm inside a test was not wrapped in act(...).

When testing, code that causes React state updates should be wrapped into act(...):

act(() => {
  /* fire events that update state */
});
/* assert on the output */

This ensures that you're testing the behavior the user would see in the browser. Learn more at https://react.dev/link/wrap-tests-with-act
An update to OrderForm inside a test was not wrapped in act(...).

When testing, code that causes React state updates should be wrapped into act(...):

act(() => {
  /* fire events that update state */
});
/* assert on the output */

This ensures that you're testing the behavior the user would see in the browser. Learn more at https://react.dev/link/wrap-tests-with-act
An update to OrderForm inside a test was not wrapped in act(...).

When testing, code that causes React state updates should be wrapped into act(...):

act(() => {
  /* fire events that update state */
});
/* assert on the output */

This ensures that you're testing the behavior the user would see in the browser. Learn more at https://react.dev/link/wrap-tests-with-act
An update to OrderForm inside a test was not wrapped in act(...).

When testing, code that causes React state updates should be wrapped into act(...):

act(() => {
  /* fire events that update state */
});
/* assert on the output */

This ensures that you're testing the behavior the user would see in the browser. Learn more at https://react.dev/link/wrap-tests-with-act
An update to OrderForm inside a test was not wrapped in act(...).

When testing, code that causes React state updates should be wrapped into act(...):

act(() => {
  /* fire events that update state */
});
/* assert on the output */

This ensures that you're testing the behavior the user would see in the browser. Learn more at https://react.dev/link/wrap-tests-with-act

Not implemented: navigation to another Document
stderr | tests/unit/pedidos-ui/order-table.test.tsx > la caja sigue a la URL cuando el termino cambia por fuera (R27) > el termino que la propia caja emitio no la remonta: mismo nodo, foco y texto (R27, R11)
An update to OrderTable inside a test was not wrapped in act(...).

When testing, code that causes React state updates should be wrapped into act(...):

act(() => {
  /* fire events that update state */
});
/* assert on the output */

This ensures that you're testing the behavior the user would see in the browser. Learn more at https://react.dev/link/wrap-tests-with-act
An update to OrderTable inside a test was not wrapped in act(...).

When testing, code that causes React state updates should be wrapped into act(...):

act(() => {
  /* fire events that update state */
});
/* assert on the output */

This ensures that you're testing the behavior the user would see in the browser. Learn more at https://react.dev/link/wrap-tests-with-act
An update to OrderTable inside a test was not wrapped in act(...).

When testing, code that causes React state updates should be wrapped into act(...):

act(() => {
  /* fire events that update state */
});
/* assert on the output */

This ensures that you're testing the behavior the user would see in the browser. Learn more at https://react.dev/link/wrap-tests-with-act
An update to SelectValue inside a test was not wrapped in act(...).

When testing, code that causes React state updates should be wrapped into act(...):

act(() => {
  /* fire events that update state */
});
/* assert on the output */

This ensures that you're testing the behavior the user would see in the browser. Learn more at https://react.dev/link/wrap-tests-with-act

stderr | tests/unit/pedidos-ui/order-table.test.tsx > la caja sigue a la URL cuando el termino cambia por fuera (R27) > tras «Limpiar», el eco y despues un cambio externo de `params` no dejan la caja atras (R27, R15)
An update to OrderForm inside a test was not wrapped in act(...).

When testing, code that causes React state updates should be wrapped into act(...):

act(() => {
  /* fire events that update state */
});
/* assert on the output */

This ensures that you're testing the behavior the user would see in the browser. Learn more at https://react.dev/link/wrap-tests-with-act
An update to OrderForm inside a test was not wrapped in act(...).

When testing, code that causes React state updates should be wrapped into act(...):

act(() => {
  /* fire events that update state */
});
/* assert on the output */

This ensures that you're testing the behavior the user would see in the browser. Learn more at https://react.dev/link/wrap-tests-with-act
An update to OrderForm inside a test was not wrapped in act(...).

When testing, code that causes React state updates should be wrapped into act(...):

act(() => {
  /* fire events that update state */
});
/* assert on the output */

This ensures that you're testing the behavior the user would see in the browser. Learn more at https://react.dev/link/wrap-tests-with-act
An update to OrderForm inside a test was not wrapped in act(...).

When testing, code that causes React state updates should be wrapped into act(...):

act(() => {
  /* fire events that update state */
});
/* assert on the output */

This ensures that you're testing the behavior the user would see in the browser. Learn more at https://react.dev/link/wrap-tests-with-act
An update to OrderForm inside a test was not wrapped in act(...).

When testing, code that causes React state updates should be wrapped into act(...):

act(() => {
  /* fire events that update state */
});
/* assert on the output */

This ensures that you're testing the behavior the user would see in the browser. Learn more at https://react.dev/link/wrap-tests-with-act
An update to OrderForm inside a test was not wrapped in act(...).

When testing, code that causes React state updates should be wrapped into act(...):

act(() => {
  /* fire events that update state */
});
/* assert on the output */

This ensures that you're testing the behavior the user would see in the browser. Learn more at https://react.dev/link/wrap-tests-with-act
An update to OrderForm inside a test was not wrapped in act(...).

When testing, code that causes React state updates should be wrapped into act(...):

act(() => {
  /* fire events that update state */
});
/* assert on the output */

This ensures that you're testing the behavior the user would see in the browser. Learn more at https://react.dev/link/wrap-tests-with-act
An update to OrderForm inside a test was not wrapped in act(...).

When testing, code that causes React state updates should be wrapped into act(...):

act(() => {
  /* fire events that update state */
});
/* assert on the output */

This ensures that you're testing the behavior the user would see in the browser. Learn more at https://react.dev/link/wrap-tests-with-act
An update to OrderForm inside a test was not wrapped in act(...).

When testing, code that causes React state updates should be wrapped into act(...):

act(() => {
  /* fire events that update state */
});
/* assert on the output */

This ensures that you're testing the behavior the user would see in the browser. Learn more at https://react.dev/link/wrap-tests-with-act

stderr | tests/unit/pedidos-ui/order-table.test.tsx > la caja sigue a la URL cuando el termino cambia por fuera (R27) > la carrera del rebote: seguir tecleando tras emitir no se pierde cuando llega la respuesta vieja (R27, R11)
An update to OrderForm inside a test was not wrapped in act(...).

When testing, code that causes React state updates should be wrapped into act(...):

act(() => {
  /* fire events that update state */
});
/* assert on the output */

This ensures that you're testing the behavior the user would see in the browser. Learn more at https://react.dev/link/wrap-tests-with-act
An update to OrderForm inside a test was not wrapped in act(...).

When testing, code that causes React state updates should be wrapped into act(...):

act(() => {
  /* fire events that update state */
});
/* assert on the output */

This ensures that you're testing the behavior the user would see in the browser. Learn more at https://react.dev/link/wrap-tests-with-act
An update to OrderForm inside a test was not wrapped in act(...).

When testing, code that causes React state updates should be wrapped into act(...):

act(() => {
  /* fire events that update state */
});
/* assert on the output */

This ensures that you're testing the behavior the user would see in the browser. Learn more at https://react.dev/link/wrap-tests-with-act
An update to OrderForm inside a test was not wrapped in act(...).

When testing, code that causes React state updates should be wrapped into act(...):

act(() => {
  /* fire events that update state */
});
/* assert on the output */

This ensures that you're testing the behavior the user would see in the browser. Learn more at https://react.dev/link/wrap-tests-with-act
An update to OrderForm inside a test was not wrapped in act(...).

When testing, code that causes React state updates should be wrapped into act(...):

act(() => {
  /* fire events that update state */
});
/* assert on the output */

This ensures that you're testing the behavior the user would see in the browser. Learn more at https://react.dev/link/wrap-tests-with-act
An update to OrderForm inside a test was not wrapped in act(...).

When testing, code that causes React state updates should be wrapped into act(...):

act(() => {
  /* fire events that update state */
});
/* assert on the output */

This ensures that you're testing the behavior the user would see in the browser. Learn more at https://react.dev/link/wrap-tests-with-act
An update to OrderForm inside a test was not wrapped in act(...).

When testing, code that causes React state updates should be wrapped into act(...):

act(() => {
  /* fire events that update state */
});
/* assert on the output */

This ensures that you're testing the behavior the user would see in the browser. Learn more at https://react.dev/link/wrap-tests-with-act
An update to OrderForm inside a test was not wrapped in act(...).

When testing, code that causes React state updates should be wrapped into act(...):

act(() => {
  /* fire events that update state */
});
/* assert on the output */

This ensures that you're testing the behavior the user would see in the browser. Learn more at https://react.dev/link/wrap-tests-with-act
An update to OrderForm inside a test was not wrapped in act(...).

When testing, code that causes React state updates should be wrapped into act(...):

act(() => {
  /* fire events that update state */
});
/* assert on the output */

This ensures that you're testing the behavior the user would see in the browser. Learn more at https://react.dev/link/wrap-tests-with-act

stderr | tests/unit/pedidos-ui/order-table.test.tsx > la caja sigue a la URL cuando el termino cambia por fuera (R27) > la carrera del rebote: seguir tecleando tras emitir no se pierde cuando llega la respuesta vieja (R27, R11)
An update to OrderTable inside a test was not wrapped in act(...).

When testing, code that causes React state updates should be wrapped into act(...):

act(() => {
  /* fire events that update state */
});
/* assert on the output */

This ensures that you're testing the behavior the user would see in the browser. Learn more at https://react.dev/link/wrap-tests-with-act
An update to OrderTable inside a test was not wrapped in act(...).

When testing, code that causes React state updates should be wrapped into act(...):

act(() => {
  /* fire events that update state */
});
/* assert on the output */

This ensures that you're testing the behavior the user would see in the browser. Learn more at https://react.dev/link/wrap-tests-with-act
An update to OrderTable inside a test was not wrapped in act(...).

When testing, code that causes React state updates should be wrapped into act(...):

act(() => {
  /* fire events that update state */
});
/* assert on the output */

This ensures that you're testing the behavior the user would see in the browser. Learn more at https://react.dev/link/wrap-tests-with-act
An update to SelectValue inside a test was not wrapped in act(...).

When testing, code that causes React state updates should be wrapped into act(...):

act(() => {
  /* fire events that update state */
});
/* assert on the output */

This ensures that you're testing the behavior the user would see in the browser. Learn more at https://react.dev/link/wrap-tests-with-act

 ✓ |ui| tests/unit/pedidos-ui/order-table.test.tsx (19 tests) 10530ms
     ✓ monta `DataTable` con una fila por pedido  671ms
     ✓ no se reordena, ni se filtra, ni se recorta en el cliente aunque los parametros digan otra cosa  891ms
     ✓ un termino nuevo vuelve a la pagina 1 y conserva tamano, orden y filtros  528ms
     ✓ avanzar de pagina con un termino vigente conserva ese termino (R8)  603ms
     ✓ la tabla no filtra, ni ordena, ni recorta en el cliente  358ms
     ✓ aria-busy y atenuacion en vuelo; al soltar la navegacion, filas nuevas sin atenuar ni rotulo  1187ms
     ✓ sin ninguna preferencia guardada, su cabecera y sus celdas nacen fijadas a la izquierda  310ms
     ✓ ordenar por una cabecera pide la lista de nuevo con ese orden  607ms
     ✓ marcar un valor del filtro de estado pide la lista de nuevo con ese filtro  938ms
     ✓ avanzar de pagina pide la lista de nuevo con la pagina siguiente  583ms
     ✓ el destino sale SIEMPRE de la constante de ruta (R2)  599ms
     ✓ un `params.search` externo, ajeno a la caja, se muestra tras el rerender  612ms
     ✓ el termino que la propia caja emitio no la remonta: mismo nodo, foco y texto (R27, R11)  624ms
     ✓ tras «Limpiar», el eco y despues un cambio externo de `params` no dejan la caja atras (R27, R15)  529ms
     ✓ la carrera del rebote: seguir tecleando tras emitir no se pierde cuando llega la respuesta vieja (R27, R11)  665ms
stderr | tests/unit/recetas-ui/recipe-form.test.tsx > QC-64 R11, R13 y R22 — la vista previa lee lo que hay escrito y no guarda nada > R13: cerrar la vista previa con Esc devuelve el formulario intacto y el foco al boton que la abrio, y el payload es el mismo que sin haberla abierto
An update to RecipeForm inside a test was not wrapped in act(...).

When testing, code that causes React state updates should be wrapped into act(...):

act(() => {
  /* fire events that update state */
});
/* assert on the output */

This ensures that you're testing the behavior the user would see in the browser. Learn more at https://react.dev/link/wrap-tests-with-act

stderr | tests/unit/recetas-ui/recipe-form.test.tsx > QC-64 R11, R13 y R22 — la vista previa lee lo que hay escrito y no guarda nada > R13: cerrar la vista previa con Esc devuelve el formulario intacto y el foco al boton que la abrio, y el payload es el mismo que sin haberla abierto
An update to RecipeForm inside a test was not wrapped in act(...).

When testing, code that causes React state updates should be wrapped into act(...):

act(() => {
  /* fire events that update state */
});
/* assert on the output */

This ensures that you're testing the behavior the user would see in the browser. Learn more at https://react.dev/link/wrap-tests-with-act

stderr | tests/unit/pedidos-ui/order-form.test.tsx > formulario de alta de pedido (R26, R27, R30, R33, R39) > ningun formulario ofrece campo de fecha de solicitud, ni motivo, ni correlativo, ni autoria
An update to OrderForm inside a test was not wrapped in act(...).

When testing, code that causes React state updates should be wrapped into act(...):

act(() => {
  /* fire events that update state */
});
/* assert on the output */

This ensures that you're testing the behavior the user would see in the browser. Learn more at https://react.dev/link/wrap-tests-with-act
An update to OrderForm inside a test was not wrapped in act(...).

When testing, code that causes React state updates should be wrapped into act(...):

act(() => {
  /* fire events that update state */
});
/* assert on the output */

This ensures that you're testing the behavior the user would see in the browser. Learn more at https://react.dev/link/wrap-tests-with-act
An update to OrderForm inside a test was not wrapped in act(...).

When testing, code that causes React state updates should be wrapped into act(...):

act(() => {
  /* fire events that update state */
});
/* assert on the output */

This ensures that you're testing the behavior the user would see in the browser. Learn more at https://react.dev/link/wrap-tests-with-act

stderr | tests/unit/pedidos-ui/pedidos-viewport.test.tsx > pantalla de pedidos en viewport angosto (375 px) > el desbordamiento se resuelve DENTRO de la tabla, no en el documento (R22)
An update to OrderForm inside a test was not wrapped in act(...).

When testing, code that causes React state updates should be wrapped into act(...):

act(() => {
  /* fire events that update state */
});
/* assert on the output */

This ensures that you're testing the behavior the user would see in the browser. Learn more at https://react.dev/link/wrap-tests-with-act
An update to OrderForm inside a test was not wrapped in act(...).

When testing, code that causes React state updates should be wrapped into act(...):

act(() => {
  /* fire events that update state */
});
/* assert on the output */

This ensures that you're testing the behavior the user would see in the browser. Learn more at https://react.dev/link/wrap-tests-with-act
An update to OrderForm inside a test was not wrapped in act(...).

When testing, code that causes React state updates should be wrapped into act(...):

act(() => {
  /* fire events that update state */
});
/* assert on the output */

This ensures that you're testing the behavior the user would see in the browser. Learn more at https://react.dev/link/wrap-tests-with-act
An update to OrderForm inside a test was not wrapped in act(...).

When testing, code that causes React state updates should be wrapped into act(...):

act(() => {
  /* fire events that update state */
});
/* assert on the output */

This ensures that you're testing the behavior the user would see in the browser. Learn more at https://react.dev/link/wrap-tests-with-act
An update to OrderForm inside a test was not wrapped in act(...).

When testing, code that causes React state updates should be wrapped into act(...):

act(() => {
  /* fire events that update state */
});
/* assert on the output */

This ensures that you're testing the behavior the user would see in the browser. Learn more at https://react.dev/link/wrap-tests-with-act
An update to OrderForm inside a test was not wrapped in act(...).

When testing, code that causes React state updates should be wrapped into act(...):

act(() => {
  /* fire events that update state */
});
/* assert on the output */

This ensures that you're testing the behavior the user would see in the browser. Learn more at https://react.dev/link/wrap-tests-with-act

stderr | tests/unit/recetas-ui/recipe-form.test.tsx > QC-64 R11, R13 y R22 — la vista previa lee lo que hay escrito y no guarda nada > R22: Finalizar cierra el modal y no guarda ni navega
An update to RecipeForm inside a test was not wrapped in act(...).

When testing, code that causes React state updates should be wrapped into act(...):

act(() => {
  /* fire events that update state */
});
/* assert on the output */

This ensures that you're testing the behavior the user would see in the browser. Learn more at https://react.dev/link/wrap-tests-with-act

stderr | tests/unit/pedidos-ui/pedidos-viewport.test.tsx > pantalla de pedidos en viewport angosto (375 px) > las acciones de fila siguen siendo alcanzables dentro de la tabla (R22)
An update to OrderForm inside a test was not wrapped in act(...).

When testing, code that causes React state updates should be wrapped into act(...):

act(() => {
  /* fire events that update state */
});
/* assert on the output */

This ensures that you're testing the behavior the user would see in the browser. Learn more at https://react.dev/link/wrap-tests-with-act
An update to OrderForm inside a test was not wrapped in act(...).

When testing, code that causes React state updates should be wrapped into act(...):

act(() => {
  /* fire events that update state */
});
/* assert on the output */

This ensures that you're testing the behavior the user would see in the browser. Learn more at https://react.dev/link/wrap-tests-with-act
An update to OrderForm inside a test was not wrapped in act(...).

When testing, code that causes React state updates should be wrapped into act(...):

act(() => {
  /* fire events that update state */
});
/* assert on the output */

This ensures that you're testing the behavior the user would see in the browser. Learn more at https://react.dev/link/wrap-tests-with-act
An update to OrderForm inside a test was not wrapped in act(...).

When testing, code that causes React state updates should be wrapped into act(...):

act(() => {
  /* fire events that update state */
});
/* assert on the output */

This ensures that you're testing the behavior the user would see in the browser. Learn more at https://react.dev/link/wrap-tests-with-act
An update to OrderForm inside a test was not wrapped in act(...).

When testing, code that causes React state updates should be wrapped into act(...):

act(() => {
  /* fire events that update state */
});
/* assert on the output */

This ensures that you're testing the behavior the user would see in the browser. Learn more at https://react.dev/link/wrap-tests-with-act
An update to OrderForm inside a test was not wrapped in act(...).

When testing, code that causes React state updates should be wrapped into act(...):

act(() => {
  /* fire events that update state */
});
/* assert on the output */

This ensures that you're testing the behavior the user would see in the browser. Learn more at https://react.dev/link/wrap-tests-with-act

 ✓ |ui| tests/unit/recetas-ui/recipe-form.test.tsx (35 tests) 46021ms
     ✓ el botón de cancelar es un enlace real a la lista, no un panel ni un diálogo  361ms
     ✓ terminar con éxito también devuelve a la lista (mismo camino que R24)  2893ms
     ✓ precarga el detalle y conserva la línea cuyo productName es null, reenviándola intacta  398ms
     ✓ R25 — la precarga muestra cada porcentaje con formatPercentage, y así se reenvía tras sustituir la coma  304ms
     ✓ quitar una línea la saca de la lista enviada; cero llamadas por línea ni por paso  382ms
     ✓ el error se presenta en la región del formulario y el nombre editado sigue en el DOM  1035ms
     ✓ createRecipeAction con éxito navega a la lista, avisa y refresca  1254ms
     ✓ un nombre vacío -que el esquema rechaza- no invoca la operación  981ms
     ✓ añadir y luego quitar la única línea deja la receta sin líneas, y Guardar queda deshabilitado sin invocar la acción  1509ms
     ✓ anexa la página 2 al llegar al final del desplegable y permite elegir un producto que no estaba descargado  896ms
     ✓ escribir en el selector BUSCA EN EL BACKEND, no sobre la página ya descargada  802ms
     ✓ el formulario no monta ningún selector de unidad en las líneas  767ms
     ✓ el ingrediente elegido se ve solo con su nombre aunque el insumo tenga unidad  528ms
     ✓ un ingrediente sin unidad se puede elegir y la receta se envía sin unidad en la línea  2076ms
     ✓ un ingrediente ya usado NO se ofrece en las demás líneas: no se puede repetir  1947ms
     ✓ un porcentaje que el esquema rechaza presenta el error junto a la línea afectada  2617ms
     ✓ añadir tres pasos, editar uno y quitar otro deja el orden esperado en el payload  1929ms
     ✓ arrastrar el primer paso hasta la tercera posición reordena el payload  2560ms
     ✓ Tab hasta el asa, Espacio para tomar, flecha para mover y Espacio para soltar cambian el payload  3623ms
     ✓ elegir un archivo válido muestra su vista previa, y el envío en curso impide un segundo envío  1702ms
     ✓ un archivo demasiado grande se rechaza sin invocar la operación  1497ms
     ✓ un archivo con formato no aceptado se rechaza sin invocar la operación  1015ms
     ✓ R1: el campo de un paso es el área editable del editor, no un <input type="text">  340ms
     ✓ R10: no hay selector de tipo de paso en el alta ni en la edición: ni select, ni radios, ni control equivalente  614ms
     ✓ R24: tomar el asa con Espacio, mover con las flechas y soltar cambia el orden del payload aunque cada paso monte un editor  3198ms
     ✓ R3, R11: abrir la vista previa no invoca ninguna operacion, monta el asistente SIN espera y sobre los pasos escritos EN ESE INSTANTE  2209ms
     ✓ R13: cerrar la vista previa con Esc devuelve el formulario intacto y el foco al boton que la abrio, y el payload es el mismo que sin haberla abierto  4671ms
     ✓ R22: Finalizar cierra el modal y no guarda ni navega  2584ms
stderr | tests/unit/pedidos-ui/pedidos-viewport.test.tsx > pantalla de pedidos en viewport angosto (375 px) > ningun control se descubre ni se activa solo con :hover (R45)
An update to OrderForm inside a test was not wrapped in act(...).

When testing, code that causes React state updates should be wrapped into act(...):

act(() => {
  /* fire events that update state */
});
/* assert on the output */

This ensures that you're testing the behavior the user would see in the browser. Learn more at https://react.dev/link/wrap-tests-with-act
An update to OrderForm inside a test was not wrapped in act(...).

When testing, code that causes React state updates should be wrapped into act(...):

act(() => {
  /* fire events that update state */
});
/* assert on the output */

This ensures that you're testing the behavior the user would see in the browser. Learn more at https://react.dev/link/wrap-tests-with-act
An update to OrderForm inside a test was not wrapped in act(...).

When testing, code that causes React state updates should be wrapped into act(...):

act(() => {
  /* fire events that update state */
});
/* assert on the output */

This ensures that you're testing the behavior the user would see in the browser. Learn more at https://react.dev/link/wrap-tests-with-act
An update to OrderForm inside a test was not wrapped in act(...).

When testing, code that causes React state updates should be wrapped into act(...):

act(() => {
  /* fire events that update state */
});
/* assert on the output */

This ensures that you're testing the behavior the user would see in the browser. Learn more at https://react.dev/link/wrap-tests-with-act
An update to OrderForm inside a test was not wrapped in act(...).

When testing, code that causes React state updates should be wrapped into act(...):

act(() => {
  /* fire events that update state */
});
/* assert on the output */

This ensures that you're testing the behavior the user would see in the browser. Learn more at https://react.dev/link/wrap-tests-with-act
An update to OrderForm inside a test was not wrapped in act(...).

When testing, code that causes React state updates should be wrapped into act(...):

act(() => {
  /* fire events that update state */
});
/* assert on the output */

This ensures that you're testing the behavior the user would see in the browser. Learn more at https://react.dev/link/wrap-tests-with-act

stderr | tests/unit/pedidos-ui/pedidos-viewport.test.tsx > pantalla de pedidos en viewport angosto (375 px) > los controles tactiles de la lista miden al menos 44x44 px (R45)
An update to OrderForm inside a test was not wrapped in act(...).

When testing, code that causes React state updates should be wrapped into act(...):

act(() => {
  /* fire events that update state */
});
/* assert on the output */

This ensures that you're testing the behavior the user would see in the browser. Learn more at https://react.dev/link/wrap-tests-with-act
An update to OrderForm inside a test was not wrapped in act(...).

When testing, code that causes React state updates should be wrapped into act(...):

act(() => {
  /* fire events that update state */
});
/* assert on the output */

This ensures that you're testing the behavior the user would see in the browser. Learn more at https://react.dev/link/wrap-tests-with-act
An update to OrderForm inside a test was not wrapped in act(...).

When testing, code that causes React state updates should be wrapped into act(...):

act(() => {
  /* fire events that update state */
});
/* assert on the output */

This ensures that you're testing the behavior the user would see in the browser. Learn more at https://react.dev/link/wrap-tests-with-act
An update to OrderForm inside a test was not wrapped in act(...).

When testing, code that causes React state updates should be wrapped into act(...):

act(() => {
  /* fire events that update state */
});
/* assert on the output */

This ensures that you're testing the behavior the user would see in the browser. Learn more at https://react.dev/link/wrap-tests-with-act
An update to OrderForm inside a test was not wrapped in act(...).

When testing, code that causes React state updates should be wrapped into act(...):

act(() => {
  /* fire events that update state */
});
/* assert on the output */

This ensures that you're testing the behavior the user would see in the browser. Learn more at https://react.dev/link/wrap-tests-with-act
An update to OrderForm inside a test was not wrapped in act(...).

When testing, code that causes React state updates should be wrapped into act(...):

act(() => {
  /* fire events that update state */
});
/* assert on the output */

This ensures that you're testing the behavior the user would see in the browser. Learn more at https://react.dev/link/wrap-tests-with-act

 ✓ |ui| tests/unit/pedidos-ui/order-sheet-responsibles.test.tsx (10 tests) 10405ms
     ✓ la entrada «Responsables» de la fila abre UN solo panel, el de siempre, y no navega  1901ms
     ✓ el `+N` de la columna abre ESE MISMO panel, tambien uno solo (R35, H5)  1452ms
     ✓ editar abre el MISMO panel, pero en la seccion del formulario (R24)  880ms
     ✓ abierto por «Responsables», el panel sigue siendo el de siempre: no se duplica nada  804ms
     ✓ los contadores de las dos lecturas siguen a CERO tras abrir por la fila  870ms
     ✓ tambien a cero abriendo por el `+N`, y lo que se pinta es lo que la fila ya trajo  1275ms
     ✓ con un pedido ENTREGADO: ningun control de asignar ni de quitar, y NINGUNA frase que lo explique  785ms
     ✓ con un pedido CANCELADO: ningun control de asignar ni de quitar, y NINGUNA frase que lo explique  851ms
     ✓ con un pedido PENDIENTE los controles SI se montan: el corte es por estado y por nada mas  730ms
     ✓ con un pedido EN_CURSO los controles SI se montan: el corte es por estado y por nada mas  849ms
stderr | tests/unit/pedidos-ui/pedidos-viewport.test.tsx > pantalla de pedidos en viewport angosto (375 px) > los campos y las acciones del formulario cumplen 44x44 px y 16 px de fuente (R45)
An update to OrderForm inside a test was not wrapped in act(...).

When testing, code that causes React state updates should be wrapped into act(...):

act(() => {
  /* fire events that update state */
});
/* assert on the output */

This ensures that you're testing the behavior the user would see in the browser. Learn more at https://react.dev/link/wrap-tests-with-act
An update to OrderForm inside a test was not wrapped in act(...).

When testing, code that causes React state updates should be wrapped into act(...):

act(() => {
  /* fire events that update state */
});
/* assert on the output */

This ensures that you're testing the behavior the user would see in the browser. Learn more at https://react.dev/link/wrap-tests-with-act
An update to OrderForm inside a test was not wrapped in act(...).

When testing, code that causes React state updates should be wrapped into act(...):

act(() => {
  /* fire events that update state */
});
/* assert on the output */

This ensures that you're testing the behavior the user would see in the browser. Learn more at https://react.dev/link/wrap-tests-with-act
An update to OrderForm inside a test was not wrapped in act(...).

When testing, code that causes React state updates should be wrapped into act(...):

act(() => {
  /* fire events that update state */
});
/* assert on the output */

This ensures that you're testing the behavior the user would see in the browser. Learn more at https://react.dev/link/wrap-tests-with-act
An update to OrderForm inside a test was not wrapped in act(...).

When testing, code that causes React state updates should be wrapped into act(...):

act(() => {
  /* fire events that update state */
});
/* assert on the output */

This ensures that you're testing the behavior the user would see in the browser. Learn more at https://react.dev/link/wrap-tests-with-act
An update to OrderForm inside a test was not wrapped in act(...).

When testing, code that causes React state updates should be wrapped into act(...):

act(() => {
  /* fire events that update state */
});
/* assert on the output */

This ensures that you're testing the behavior the user would see in the browser. Learn more at https://react.dev/link/wrap-tests-with-act

stderr | tests/unit/pedidos-ui/pedidos-viewport.test.tsx > pantalla de pedidos en viewport angosto (375 px) > la pantalla no usa 100vh como alto (R45)
An update to OrderForm inside a test was not wrapped in act(...).

When testing, code that causes React state updates should be wrapped into act(...):

act(() => {
  /* fire events that update state */
});
/* assert on the output */

This ensures that you're testing the behavior the user would see in the browser. Learn more at https://react.dev/link/wrap-tests-with-act
An update to OrderForm inside a test was not wrapped in act(...).

When testing, code that causes React state updates should be wrapped into act(...):

act(() => {
  /* fire events that update state */
});
/* assert on the output */

This ensures that you're testing the behavior the user would see in the browser. Learn more at https://react.dev/link/wrap-tests-with-act
An update to OrderForm inside a test was not wrapped in act(...).

When testing, code that causes React state updates should be wrapped into act(...):

act(() => {
  /* fire events that update state */
});
/* assert on the output */

This ensures that you're testing the behavior the user would see in the browser. Learn more at https://react.dev/link/wrap-tests-with-act
An update to OrderForm inside a test was not wrapped in act(...).

When testing, code that causes React state updates should be wrapped into act(...):

act(() => {
  /* fire events that update state */
});
/* assert on the output */

This ensures that you're testing the behavior the user would see in the browser. Learn more at https://react.dev/link/wrap-tests-with-act
An update to OrderForm inside a test was not wrapped in act(...).

When testing, code that causes React state updates should be wrapped into act(...):

act(() => {
  /* fire events that update state */
});
/* assert on the output */

This ensures that you're testing the behavior the user would see in the browser. Learn more at https://react.dev/link/wrap-tests-with-act
An update to OrderForm inside a test was not wrapped in act(...).

When testing, code that causes React state updates should be wrapped into act(...):

act(() => {
  /* fire events that update state */
});
/* assert on the output */

This ensures that you're testing the behavior the user would see in the browser. Learn more at https://react.dev/link/wrap-tests-with-act

stderr | tests/unit/proveedores-ui/supplier-detail-page.test.tsx > catalogo — los tres estados (R23, R24, R25) > mientras el catalogo esta en vuelo se presenta el esqueleto, no la tabla
<CatalogListSection> is an async Client Component. Only Server Components can be async at the moment. This error is often caused by accidentally adding `'use client'` to a module that was originally written for the server.

stderr | tests/unit/proveedores-ui/supplier-detail-page.test.tsx > catalogo — los tres estados (R23, R24, R25) > mientras el catalogo esta en vuelo se presenta el esqueleto, no la tabla
A component suspended inside an `act` scope, but the `act` call was not awaited. When testing React components that depend on asynchronous data, you must await the result:

await act(() => ...)

stderr | tests/unit/proveedores-ui/supplier-detail-page.test.tsx > catalogo — los tres estados (R23, R24, R25) > mientras el catalogo esta en vuelo se presenta el esqueleto, no la tabla
A suspended resource finished loading inside a test, but the event was not wrapped in act(...).

When testing, code that resolves suspended data should be wrapped into act(...):

act(() => {
  /* finish loading suspended data */
});
/* assert on the output */

This ensures that you're testing the behavior the user would see in the browser. Learn more at https://react.dev/link/wrap-tests-with-act

stderr | tests/unit/pedidos-ui/pedidos-viewport.test.tsx > pantalla de pedidos en viewport angosto (375 px) > P2 — ninguna columna declara ancho y ninguna celda recibe uno en linea
An update to OrderForm inside a test was not wrapped in act(...).

When testing, code that causes React state updates should be wrapped into act(...):

act(() => {
  /* fire events that update state */
});
/* assert on the output */

This ensures that you're testing the behavior the user would see in the browser. Learn more at https://react.dev/link/wrap-tests-with-act
An update to OrderForm inside a test was not wrapped in act(...).

When testing, code that causes React state updates should be wrapped into act(...):

act(() => {
  /* fire events that update state */
});
/* assert on the output */

This ensures that you're testing the behavior the user would see in the browser. Learn more at https://react.dev/link/wrap-tests-with-act
An update to OrderForm inside a test was not wrapped in act(...).

When testing, code that causes React state updates should be wrapped into act(...):

act(() => {
  /* fire events that update state */
});
/* assert on the output */

This ensures that you're testing the behavior the user would see in the browser. Learn more at https://react.dev/link/wrap-tests-with-act
An update to OrderForm inside a test was not wrapped in act(...).

When testing, code that causes React state updates should be wrapped into act(...):

act(() => {
  /* fire events that update state */
});
/* assert on the output */

This ensures that you're testing the behavior the user would see in the browser. Learn more at https://react.dev/link/wrap-tests-with-act
An update to OrderForm inside a test was not wrapped in act(...).

When testing, code that causes React state updates should be wrapped into act(...):

act(() => {
  /* fire events that update state */
});
/* assert on the output */

This ensures that you're testing the behavior the user would see in the browser. Learn more at https://react.dev/link/wrap-tests-with-act
An update to OrderForm inside a test was not wrapped in act(...).

When testing, code that causes React state updates should be wrapped into act(...):

act(() => {
  /* fire events that update state */
});
/* assert on the output */

This ensures that you're testing the behavior the user would see in the browser. Learn more at https://react.dev/link/wrap-tests-with-act

stderr | tests/unit/pedidos-ui/pedidos-viewport.test.tsx > pantalla de pedidos en viewport angosto (375 px) > P2 — la tabla dimensiona por contenido y el unico fijado tiene offset 0
An update to OrderForm inside a test was not wrapped in act(...).

When testing, code that causes React state updates should be wrapped into act(...):

act(() => {
  /* fire events that update state */
});
/* assert on the output */

This ensures that you're testing the behavior the user would see in the browser. Learn more at https://react.dev/link/wrap-tests-with-act
An update to OrderForm inside a test was not wrapped in act(...).

When testing, code that causes React state updates should be wrapped into act(...):

act(() => {
  /* fire events that update state */
});
/* assert on the output */

This ensures that you're testing the behavior the user would see in the browser. Learn more at https://react.dev/link/wrap-tests-with-act
An update to OrderForm inside a test was not wrapped in act(...).

When testing, code that causes React state updates should be wrapped into act(...):

act(() => {
  /* fire events that update state */
});
/* assert on the output */

This ensures that you're testing the behavior the user would see in the browser. Learn more at https://react.dev/link/wrap-tests-with-act
An update to OrderForm inside a test was not wrapped in act(...).

When testing, code that causes React state updates should be wrapped into act(...):

act(() => {
  /* fire events that update state */
});
/* assert on the output */

This ensures that you're testing the behavior the user would see in the browser. Learn more at https://react.dev/link/wrap-tests-with-act
An update to OrderForm inside a test was not wrapped in act(...).

When testing, code that causes React state updates should be wrapped into act(...):

act(() => {
  /* fire events that update state */
});
/* assert on the output */

This ensures that you're testing the behavior the user would see in the browser. Learn more at https://react.dev/link/wrap-tests-with-act
An update to OrderForm inside a test was not wrapped in act(...).

When testing, code that causes React state updates should be wrapped into act(...):

act(() => {
  /* fire events that update state */
});
/* assert on the output */

This ensures that you're testing the behavior the user would see in the browser. Learn more at https://react.dev/link/wrap-tests-with-act

stderr | tests/unit/pedidos-ui/pedidos-viewport.test.tsx > pantalla de pedidos en viewport ancho (1280 px) > el desbordamiento se resuelve DENTRO de la tabla, no en el documento (R22)
An update to OrderForm inside a test was not wrapped in act(...).

When testing, code that causes React state updates should be wrapped into act(...):

act(() => {
  /* fire events that update state */
});
/* assert on the output */

This ensures that you're testing the behavior the user would see in the browser. Learn more at https://react.dev/link/wrap-tests-with-act
An update to OrderForm inside a test was not wrapped in act(...).

When testing, code that causes React state updates should be wrapped into act(...):

act(() => {
  /* fire events that update state */
});
/* assert on the output */

This ensures that you're testing the behavior the user would see in the browser. Learn more at https://react.dev/link/wrap-tests-with-act
An update to OrderForm inside a test was not wrapped in act(...).

When testing, code that causes React state updates should be wrapped into act(...):

act(() => {
  /* fire events that update state */
});
/* assert on the output */

This ensures that you're testing the behavior the user would see in the browser. Learn more at https://react.dev/link/wrap-tests-with-act
An update to OrderForm inside a test was not wrapped in act(...).

When testing, code that causes React state updates should be wrapped into act(...):

act(() => {
  /* fire events that update state */
});
/* assert on the output */

This ensures that you're testing the behavior the user would see in the browser. Learn more at https://react.dev/link/wrap-tests-with-act
An update to OrderForm inside a test was not wrapped in act(...).

When testing, code that causes React state updates should be wrapped into act(...):

act(() => {
  /* fire events that update state */
});
/* assert on the output */

This ensures that you're testing the behavior the user would see in the browser. Learn more at https://react.dev/link/wrap-tests-with-act
An update to OrderForm inside a test was not wrapped in act(...).

When testing, code that causes React state updates should be wrapped into act(...):

act(() => {
  /* fire events that update state */
});
/* assert on the output */

This ensures that you're testing the behavior the user would see in the browser. Learn more at https://react.dev/link/wrap-tests-with-act

stderr | tests/unit/pedidos-ui/order-list-section.test.tsx > los tres estados son mutuamente excluyentes y se distinguen por data-testid (R21, R44) > lista: con pedidos se pinta la lista y ninguno de los otros dos estados
An update to OrderForm inside a test was not wrapped in act(...).

When testing, code that causes React state updates should be wrapped into act(...):

act(() => {
  /* fire events that update state */
});
/* assert on the output */

This ensures that you're testing the behavior the user would see in the browser. Learn more at https://react.dev/link/wrap-tests-with-act
An update to OrderForm inside a test was not wrapped in act(...).

When testing, code that causes React state updates should be wrapped into act(...):

act(() => {
  /* fire events that update state */
});
/* assert on the output */

This ensures that you're testing the behavior the user would see in the browser. Learn more at https://react.dev/link/wrap-tests-with-act
An update to OrderForm inside a test was not wrapped in act(...).

When testing, code that causes React state updates should be wrapped into act(...):

act(() => {
  /* fire events that update state */
});
/* assert on the output */

This ensures that you're testing the behavior the user would see in the browser. Learn more at https://react.dev/link/wrap-tests-with-act

stderr | tests/unit/pedidos-ui/pedidos-viewport.test.tsx > pantalla de pedidos en viewport ancho (1280 px) > las acciones de fila siguen siendo alcanzables dentro de la tabla (R22)
An update to OrderForm inside a test was not wrapped in act(...).

When testing, code that causes React state updates should be wrapped into act(...):

act(() => {
  /* fire events that update state */
});
/* assert on the output */

This ensures that you're testing the behavior the user would see in the browser. Learn more at https://react.dev/link/wrap-tests-with-act
An update to OrderForm inside a test was not wrapped in act(...).

When testing, code that causes React state updates should be wrapped into act(...):

act(() => {
  /* fire events that update state */
});
/* assert on the output */

This ensures that you're testing the behavior the user would see in the browser. Learn more at https://react.dev/link/wrap-tests-with-act
An update to OrderForm inside a test was not wrapped in act(...).

When testing, code that causes React state updates should be wrapped into act(...):

act(() => {
  /* fire events that update state */
});
/* assert on the output */

This ensures that you're testing the behavior the user would see in the browser. Learn more at https://react.dev/link/wrap-tests-with-act
An update to OrderForm inside a test was not wrapped in act(...).

When testing, code that causes React state updates should be wrapped into act(...):

act(() => {
  /* fire events that update state */
});
/* assert on the output */

This ensures that you're testing the behavior the user would see in the browser. Learn more at https://react.dev/link/wrap-tests-with-act
An update to OrderForm inside a test was not wrapped in act(...).

When testing, code that causes React state updates should be wrapped into act(...):

act(() => {
  /* fire events that update state */
});
/* assert on the output */

This ensures that you're testing the behavior the user would see in the browser. Learn more at https://react.dev/link/wrap-tests-with-act
An update to OrderForm inside a test was not wrapped in act(...).

When testing, code that causes React state updates should be wrapped into act(...):

act(() => {
  /* fire events that update state */
});
/* assert on the output */

This ensures that you're testing the behavior the user would see in the browser. Learn more at https://react.dev/link/wrap-tests-with-act

stderr | tests/unit/pedidos-ui/order-list-section.test.tsx > una sola llamada de lectura por pantalla (R7, R41) > se invoca listOrdersAction UNA vez, con los parametros enteros y sin traducir
An update to OrderForm inside a test was not wrapped in act(...).

When testing, code that causes React state updates should be wrapped into act(...):

act(() => {
  /* fire events that update state */
});
/* assert on the output */

This ensures that you're testing the behavior the user would see in the browser. Learn more at https://react.dev/link/wrap-tests-with-act
An update to OrderForm inside a test was not wrapped in act(...).

When testing, code that causes React state updates should be wrapped into act(...):

act(() => {
  /* fire events that update state */
});
/* assert on the output */

This ensures that you're testing the behavior the user would see in the browser. Learn more at https://react.dev/link/wrap-tests-with-act
An update to OrderForm inside a test was not wrapped in act(...).

When testing, code that causes React state updates should be wrapped into act(...):

act(() => {
  /* fire events that update state */
});
/* assert on the output */

This ensures that you're testing the behavior the user would see in the browser. Learn more at https://react.dev/link/wrap-tests-with-act

stderr | tests/unit/pedidos-ui/pedidos-viewport.test.tsx > pantalla de pedidos en viewport ancho (1280 px) > ningun control se descubre ni se activa solo con :hover (R45)
An update to OrderForm inside a test was not wrapped in act(...).

When testing, code that causes React state updates should be wrapped into act(...):

act(() => {
  /* fire events that update state */
});
/* assert on the output */

This ensures that you're testing the behavior the user would see in the browser. Learn more at https://react.dev/link/wrap-tests-with-act
An update to OrderForm inside a test was not wrapped in act(...).

When testing, code that causes React state updates should be wrapped into act(...):

act(() => {
  /* fire events that update state */
});
/* assert on the output */

This ensures that you're testing the behavior the user would see in the browser. Learn more at https://react.dev/link/wrap-tests-with-act
An update to OrderForm inside a test was not wrapped in act(...).

When testing, code that causes React state updates should be wrapped into act(...):

act(() => {
  /* fire events that update state */
});
/* assert on the output */

This ensures that you're testing the behavior the user would see in the browser. Learn more at https://react.dev/link/wrap-tests-with-act
An update to OrderForm inside a test was not wrapped in act(...).

When testing, code that causes React state updates should be wrapped into act(...):

act(() => {
  /* fire events that update state */
});
/* assert on the output */

This ensures that you're testing the behavior the user would see in the browser. Learn more at https://react.dev/link/wrap-tests-with-act
An update to OrderForm inside a test was not wrapped in act(...).

When testing, code that causes React state updates should be wrapped into act(...):

act(() => {
  /* fire events that update state */
});
/* assert on the output */

This ensures that you're testing the behavior the user would see in the browser. Learn more at https://react.dev/link/wrap-tests-with-act
An update to OrderForm inside a test was not wrapped in act(...).

When testing, code that causes React state updates should be wrapped into act(...):

act(() => {
  /* fire events that update state */
});
/* assert on the output */

This ensures that you're testing the behavior the user would see in the browser. Learn more at https://react.dev/link/wrap-tests-with-act

stderr | tests/unit/pedidos-ui/order-list-section.test.tsx > QC-102 — el listado trae los responsables de su pagina (R16) > pide el lote UNA sola vez por render, con los ids de la pagina y en una sola llamada
An update to OrderForm inside a test was not wrapped in act(...).

When testing, code that causes React state updates should be wrapped into act(...):

act(() => {
  /* fire events that update state */
});
/* assert on the output */

This ensures that you're testing the behavior the user would see in the browser. Learn more at https://react.dev/link/wrap-tests-with-act
An update to OrderForm inside a test was not wrapped in act(...).

When testing, code that causes React state updates should be wrapped into act(...):

act(() => {
  /* fire events that update state */
});
/* assert on the output */

This ensures that you're testing the behavior the user would see in the browser. Learn more at https://react.dev/link/wrap-tests-with-act
An update to OrderForm inside a test was not wrapped in act(...).

When testing, code that causes React state updates should be wrapped into act(...):

act(() => {
  /* fire events that update state */
});
/* assert on the output */

This ensures that you're testing the behavior the user would see in the browser. Learn more at https://react.dev/link/wrap-tests-with-act
An update to OrderForm inside a test was not wrapped in act(...).

When testing, code that causes React state updates should be wrapped into act(...):

act(() => {
  /* fire events that update state */
});
/* assert on the output */

This ensures that you're testing the behavior the user would see in the browser. Learn more at https://react.dev/link/wrap-tests-with-act
An update to OrderForm inside a test was not wrapped in act(...).

When testing, code that causes React state updates should be wrapped into act(...):

act(() => {
  /* fire events that update state */
});
/* assert on the output */

This ensures that you're testing the behavior the user would see in the browser. Learn more at https://react.dev/link/wrap-tests-with-act
An update to OrderForm inside a test was not wrapped in act(...).

When testing, code that causes React state updates should be wrapped into act(...):

act(() => {
  /* fire events that update state */
});
/* assert on the output */

This ensures that you're testing the behavior the user would see in the browser. Learn more at https://react.dev/link/wrap-tests-with-act

stderr | tests/unit/pedidos-ui/pedidos-viewport.test.tsx > pantalla de pedidos en viewport ancho (1280 px) > los controles tactiles de la lista miden al menos 44x44 px (R45)
An update to OrderForm inside a test was not wrapped in act(...).

When testing, code that causes React state updates should be wrapped into act(...):

act(() => {
  /* fire events that update state */
});
/* assert on the output */

This ensures that you're testing the behavior the user would see in the browser. Learn more at https://react.dev/link/wrap-tests-with-act
An update to OrderForm inside a test was not wrapped in act(...).

When testing, code that causes React state updates should be wrapped into act(...):

act(() => {
  /* fire events that update state */
});
/* assert on the output */

This ensures that you're testing the behavior the user would see in the browser. Learn more at https://react.dev/link/wrap-tests-with-act
An update to OrderForm inside a test was not wrapped in act(...).

When testing, code that causes React state updates should be wrapped into act(...):

act(() => {
  /* fire events that update state */
});
/* assert on the output */

This ensures that you're testing the behavior the user would see in the browser. Learn more at https://react.dev/link/wrap-tests-with-act
An update to OrderForm inside a test was not wrapped in act(...).

When testing, code that causes React state updates should be wrapped into act(...):

act(() => {
  /* fire events that update state */
});
/* assert on the output */

This ensures that you're testing the behavior the user would see in the browser. Learn more at https://react.dev/link/wrap-tests-with-act
An update to OrderForm inside a test was not wrapped in act(...).

When testing, code that causes React state updates should be wrapped into act(...):

act(() => {
  /* fire events that update state */
});
/* assert on the output */

This ensures that you're testing the behavior the user would see in the browser. Learn more at https://react.dev/link/wrap-tests-with-act
An update to OrderForm inside a test was not wrapped in act(...).

When testing, code that causes React state updates should be wrapped into act(...):

act(() => {
  /* fire events that update state */
});
/* assert on the output */

This ensures that you're testing the behavior the user would see in the browser. Learn more at https://react.dev/link/wrap-tests-with-act

stderr | tests/unit/pedidos-ui/order-list-section.test.tsx > QC-102 — el listado trae los responsables de su pagina (R16) > la llamada del lote va DESPUES de la de la lista: sus ids salen de ella
An update to OrderForm inside a test was not wrapped in act(...).

When testing, code that causes React state updates should be wrapped into act(...):

act(() => {
  /* fire events that update state */
});
/* assert on the output */

This ensures that you're testing the behavior the user would see in the browser. Learn more at https://react.dev/link/wrap-tests-with-act
An update to OrderForm inside a test was not wrapped in act(...).

When testing, code that causes React state updates should be wrapped into act(...):

act(() => {
  /* fire events that update state */
});
/* assert on the output */

This ensures that you're testing the behavior the user would see in the browser. Learn more at https://react.dev/link/wrap-tests-with-act
An update to OrderForm inside a test was not wrapped in act(...).

When testing, code that causes React state updates should be wrapped into act(...):

act(() => {
  /* fire events that update state */
});
/* assert on the output */

This ensures that you're testing the behavior the user would see in the browser. Learn more at https://react.dev/link/wrap-tests-with-act

stderr | tests/unit/pedidos-ui/pedidos-viewport.test.tsx > pantalla de pedidos en viewport ancho (1280 px) > los campos y las acciones del formulario cumplen 44x44 px y 16 px de fuente (R45)
An update to OrderForm inside a test was not wrapped in act(...).

When testing, code that causes React state updates should be wrapped into act(...):

act(() => {
  /* fire events that update state */
});
/* assert on the output */

This ensures that you're testing the behavior the user would see in the browser. Learn more at https://react.dev/link/wrap-tests-with-act
An update to OrderForm inside a test was not wrapped in act(...).

When testing, code that causes React state updates should be wrapped into act(...):

act(() => {
  /* fire events that update state */
});
/* assert on the output */

This ensures that you're testing the behavior the user would see in the browser. Learn more at https://react.dev/link/wrap-tests-with-act
An update to OrderForm inside a test was not wrapped in act(...).

When testing, code that causes React state updates should be wrapped into act(...):

act(() => {
  /* fire events that update state */
});
/* assert on the output */

This ensures that you're testing the behavior the user would see in the browser. Learn more at https://react.dev/link/wrap-tests-with-act
An update to OrderForm inside a test was not wrapped in act(...).

When testing, code that causes React state updates should be wrapped into act(...):

act(() => {
  /* fire events that update state */
});
/* assert on the output */

This ensures that you're testing the behavior the user would see in the browser. Learn more at https://react.dev/link/wrap-tests-with-act
An update to OrderForm inside a test was not wrapped in act(...).

When testing, code that causes React state updates should be wrapped into act(...):

act(() => {
  /* fire events that update state */
});
/* assert on the output */

This ensures that you're testing the behavior the user would see in the browser. Learn more at https://react.dev/link/wrap-tests-with-act
An update to OrderForm inside a test was not wrapped in act(...).

When testing, code that causes React state updates should be wrapped into act(...):

act(() => {
  /* fire events that update state */
});
/* assert on the output */

This ensures that you're testing the behavior the user would see in the browser. Learn more at https://react.dev/link/wrap-tests-with-act

stderr | tests/unit/pedidos-ui/order-list-section.test.tsx > QC-102 — el listado trae los responsables de su pagina (R16) > cada fila recibe los suyos: el reparto se hace en el SERVIDOR y baja ya repartido
An update to OrderForm inside a test was not wrapped in act(...).

When testing, code that causes React state updates should be wrapped into act(...):

act(() => {
  /* fire events that update state */
});
/* assert on the output */

This ensures that you're testing the behavior the user would see in the browser. Learn more at https://react.dev/link/wrap-tests-with-act
An update to OrderForm inside a test was not wrapped in act(...).

When testing, code that causes React state updates should be wrapped into act(...):

act(() => {
  /* fire events that update state */
});
/* assert on the output */

This ensures that you're testing the behavior the user would see in the browser. Learn more at https://react.dev/link/wrap-tests-with-act
An update to OrderForm inside a test was not wrapped in act(...).

When testing, code that causes React state updates should be wrapped into act(...):

act(() => {
  /* fire events that update state */
});
/* assert on the output */

This ensures that you're testing the behavior the user would see in the browser. Learn more at https://react.dev/link/wrap-tests-with-act
An update to OrderForm inside a test was not wrapped in act(...).

When testing, code that causes React state updates should be wrapped into act(...):

act(() => {
  /* fire events that update state */
});
/* assert on the output */

This ensures that you're testing the behavior the user would see in the browser. Learn more at https://react.dev/link/wrap-tests-with-act
An update to OrderForm inside a test was not wrapped in act(...).

When testing, code that causes React state updates should be wrapped into act(...):

act(() => {
  /* fire events that update state */
});
/* assert on the output */

This ensures that you're testing the behavior the user would see in the browser. Learn more at https://react.dev/link/wrap-tests-with-act
An update to OrderForm inside a test was not wrapped in act(...).

When testing, code that causes React state updates should be wrapped into act(...):

act(() => {
  /* fire events that update state */
});
/* assert on the output */

This ensures that you're testing the behavior the user would see in the browser. Learn more at https://react.dev/link/wrap-tests-with-act

stderr | tests/unit/pedidos-ui/order-list-section.test.tsx > QC-102 — si el lote falla, la lista NO se cae (R20) > con el lote en `unauthorized` se siguen pintando los pedidos y la columna queda sin resolver
An update to OrderForm inside a test was not wrapped in act(...).

When testing, code that causes React state updates should be wrapped into act(...):

act(() => {
  /* fire events that update state */
});
/* assert on the output */

This ensures that you're testing the behavior the user would see in the browser. Learn more at https://react.dev/link/wrap-tests-with-act
An update to OrderForm inside a test was not wrapped in act(...).

When testing, code that causes React state updates should be wrapped into act(...):

act(() => {
  /* fire events that update state */
});
/* assert on the output */

This ensures that you're testing the behavior the user would see in the browser. Learn more at https://react.dev/link/wrap-tests-with-act
An update to OrderForm inside a test was not wrapped in act(...).

When testing, code that causes React state updates should be wrapped into act(...):

act(() => {
  /* fire events that update state */
});
/* assert on the output */

This ensures that you're testing the behavior the user would see in the browser. Learn more at https://react.dev/link/wrap-tests-with-act

 ✓ |ui| tests/unit/configuracion-ui/user-table.test.tsx (27 tests) 9896ms
     ✓ monta `DataTable` con una fila por usuario  421ms
     ✓ las filas se pintan en el orden en que llegan: aqui no se ordena ni se recorta (R12, R14)  528ms
     ✓ avanzar de pagina pide la lista de nuevo con la pagina siguiente  367ms
     ✓ retroceder de pagina pide la lista de nuevo con la pagina anterior  328ms
     ✓ las opciones son exactamente las del componente compartido  942ms
     ✓ elegir otro tamano navega con ese tamano y vuelve a la primera pagina  789ms
     ✓ ordenar por displayName NO SE OFRECE: no esta en la lista blanca (R14, R15)  584ms
     ✓ ordenar por roleName NO SE OFRECE: no esta en la lista blanca (R14, R15)  545ms
     ✓ marcar un valor del filtro de estado pide la lista de nuevo con ese filtro  536ms
     ✓ el filtro ofrece los CUATRO estados del contrato y ningun otro  443ms
     ✓ la accion de editar de una fila abre el panel SOBRE ESE usuario (R26)  714ms
     ✓ la accion de borrar de una fila abre el dialogo SOBRE ESE usuario (R30)  450ms
     ✓ la accion de estado de una fila abre su dialogo SOBRE ESE usuario (R32)  579ms
stderr | tests/unit/pedidos-ui/pedidos-viewport.test.tsx > pantalla de pedidos en viewport ancho (1280 px) > la pantalla no usa 100vh como alto (R45)
An update to OrderForm inside a test was not wrapped in act(...).

When testing, code that causes React state updates should be wrapped into act(...):

act(() => {
  /* fire events that update state */
});
/* assert on the output */

This ensures that you're testing the behavior the user would see in the browser. Learn more at https://react.dev/link/wrap-tests-with-act
An update to OrderForm inside a test was not wrapped in act(...).

When testing, code that causes React state updates should be wrapped into act(...):

act(() => {
  /* fire events that update state */
});
/* assert on the output */

This ensures that you're testing the behavior the user would see in the browser. Learn more at https://react.dev/link/wrap-tests-with-act
An update to OrderForm inside a test was not wrapped in act(...).

When testing, code that causes React state updates should be wrapped into act(...):

act(() => {
  /* fire events that update state */
});
/* assert on the output */

This ensures that you're testing the behavior the user would see in the browser. Learn more at https://react.dev/link/wrap-tests-with-act
An update to OrderForm inside a test was not wrapped in act(...).

When testing, code that causes React state updates should be wrapped into act(...):

act(() => {
  /* fire events that update state */
});
/* assert on the output */

This ensures that you're testing the behavior the user would see in the browser. Learn more at https://react.dev/link/wrap-tests-with-act
An update to OrderForm inside a test was not wrapped in act(...).

When testing, code that causes React state updates should be wrapped into act(...):

act(() => {
  /* fire events that update state */
});
/* assert on the output */

This ensures that you're testing the behavior the user would see in the browser. Learn more at https://react.dev/link/wrap-tests-with-act
An update to OrderForm inside a test was not wrapped in act(...).

When testing, code that causes React state updates should be wrapped into act(...):

act(() => {
  /* fire events that update state */
});
/* assert on the output */

This ensures that you're testing the behavior the user would see in the browser. Learn more at https://react.dev/link/wrap-tests-with-act

stderr | tests/unit/pedidos-ui/order-list-section.test.tsx > QC-102 — si el lote falla, la lista NO se cae (R20) > con el lote en `invalid_input` se siguen pintando los pedidos y la columna queda sin resolver
An update to OrderForm inside a test was not wrapped in act(...).

When testing, code that causes React state updates should be wrapped into act(...):

act(() => {
  /* fire events that update state */
});
/* assert on the output */

This ensures that you're testing the behavior the user would see in the browser. Learn more at https://react.dev/link/wrap-tests-with-act
An update to OrderForm inside a test was not wrapped in act(...).

When testing, code that causes React state updates should be wrapped into act(...):

act(() => {
  /* fire events that update state */
});
/* assert on the output */

This ensures that you're testing the behavior the user would see in the browser. Learn more at https://react.dev/link/wrap-tests-with-act
An update to OrderForm inside a test was not wrapped in act(...).

When testing, code that causes React state updates should be wrapped into act(...):

act(() => {
  /* fire events that update state */
});
/* assert on the output */

This ensures that you're testing the behavior the user would see in the browser. Learn more at https://react.dev/link/wrap-tests-with-act

stderr | tests/unit/pedidos-ui/pedidos-viewport.test.tsx > pantalla de pedidos en viewport ancho (1280 px) > P2 — ninguna columna declara ancho y ninguna celda recibe uno en linea
An update to OrderForm inside a test was not wrapped in act(...).

When testing, code that causes React state updates should be wrapped into act(...):

act(() => {
  /* fire events that update state */
});
/* assert on the output */

This ensures that you're testing the behavior the user would see in the browser. Learn more at https://react.dev/link/wrap-tests-with-act
An update to OrderForm inside a test was not wrapped in act(...).

When testing, code that causes React state updates should be wrapped into act(...):

act(() => {
  /* fire events that update state */
});
/* assert on the output */

This ensures that you're testing the behavior the user would see in the browser. Learn more at https://react.dev/link/wrap-tests-with-act
An update to OrderForm inside a test was not wrapped in act(...).

When testing, code that causes React state updates should be wrapped into act(...):

act(() => {
  /* fire events that update state */
});
/* assert on the output */

This ensures that you're testing the behavior the user would see in the browser. Learn more at https://react.dev/link/wrap-tests-with-act
An update to OrderForm inside a test was not wrapped in act(...).

When testing, code that causes React state updates should be wrapped into act(...):

act(() => {
  /* fire events that update state */
});
/* assert on the output */

This ensures that you're testing the behavior the user would see in the browser. Learn more at https://react.dev/link/wrap-tests-with-act
An update to OrderForm inside a test was not wrapped in act(...).

When testing, code that causes React state updates should be wrapped into act(...):

act(() => {
  /* fire events that update state */
});
/* assert on the output */

This ensures that you're testing the behavior the user would see in the browser. Learn more at https://react.dev/link/wrap-tests-with-act
An update to OrderForm inside a test was not wrapped in act(...).

When testing, code that causes React state updates should be wrapped into act(...):

act(() => {
  /* fire events that update state */
});
/* assert on the output */

This ensures that you're testing the behavior the user would see in the browser. Learn more at https://react.dev/link/wrap-tests-with-act

stderr | tests/unit/pedidos-ui/order-list-section.test.tsx > QC-102 — si el lote falla, la lista NO se cae (R20) > con el lote en `unexpected` se siguen pintando los pedidos y la columna queda sin resolver
An update to OrderForm inside a test was not wrapped in act(...).

When testing, code that causes React state updates should be wrapped into act(...):

act(() => {
  /* fire events that update state */
});
/* assert on the output */

This ensures that you're testing the behavior the user would see in the browser. Learn more at https://react.dev/link/wrap-tests-with-act
An update to OrderForm inside a test was not wrapped in act(...).

When testing, code that causes React state updates should be wrapped into act(...):

act(() => {
  /* fire events that update state */
});
/* assert on the output */

This ensures that you're testing the behavior the user would see in the browser. Learn more at https://react.dev/link/wrap-tests-with-act
An update to OrderForm inside a test was not wrapped in act(...).

When testing, code that causes React state updates should be wrapped into act(...):

act(() => {
  /* fire events that update state */
});
/* assert on the output */

This ensures that you're testing the behavior the user would see in the browser. Learn more at https://react.dev/link/wrap-tests-with-act

stderr | tests/unit/pedidos-ui/pedidos-viewport.test.tsx > pantalla de pedidos en viewport ancho (1280 px) > P2 — la tabla dimensiona por contenido y el unico fijado tiene offset 0
An update to OrderForm inside a test was not wrapped in act(...).

When testing, code that causes React state updates should be wrapped into act(...):

act(() => {
  /* fire events that update state */
});
/* assert on the output */

This ensures that you're testing the behavior the user would see in the browser. Learn more at https://react.dev/link/wrap-tests-with-act
An update to OrderForm inside a test was not wrapped in act(...).

When testing, code that causes React state updates should be wrapped into act(...):

act(() => {
  /* fire events that update state */
});
/* assert on the output */

This ensures that you're testing the behavior the user would see in the browser. Learn more at https://react.dev/link/wrap-tests-with-act
An update to OrderForm inside a test was not wrapped in act(...).

When testing, code that causes React state updates should be wrapped into act(...):

act(() => {
  /* fire events that update state */
});
/* assert on the output */

This ensures that you're testing the behavior the user would see in the browser. Learn more at https://react.dev/link/wrap-tests-with-act
An update to OrderForm inside a test was not wrapped in act(...).

When testing, code that causes React state updates should be wrapped into act(...):

act(() => {
  /* fire events that update state */
});
/* assert on the output */

This ensures that you're testing the behavior the user would see in the browser. Learn more at https://react.dev/link/wrap-tests-with-act
An update to OrderForm inside a test was not wrapped in act(...).

When testing, code that causes React state updates should be wrapped into act(...):

act(() => {
  /* fire events that update state */
});
/* assert on the output */

This ensures that you're testing the behavior the user would see in the browser. Learn more at https://react.dev/link/wrap-tests-with-act
An update to OrderForm inside a test was not wrapped in act(...).

When testing, code that causes React state updates should be wrapped into act(...):

act(() => {
  /* fire events that update state */
});
/* assert on the output */

This ensures that you're testing the behavior the user would see in the browser. Learn more at https://react.dev/link/wrap-tests-with-act

 ✓ |ui| tests/unit/pedidos-ui/pedidos-viewport.test.tsx (16 tests) 10410ms
     ✓ el desbordamiento se resuelve DENTRO de la tabla, no en el documento (R22)  1214ms
     ✓ las acciones de fila siguen siendo alcanzables dentro de la tabla (R22)  793ms
     ✓ ningun control se descubre ni se activa solo con :hover (R45)  882ms
     ✓ los controles tactiles de la lista miden al menos 44x44 px (R45)  440ms
     ✓ los campos y las acciones del formulario cumplen 44x44 px y 16 px de fuente (R45)  1061ms
     ✓ la pantalla no usa 100vh como alto (R45)  562ms
     ✓ P2 — ninguna columna declara ancho y ninguna celda recibe uno en linea  476ms
     ✓ P2 — la tabla dimensiona por contenido y el unico fijado tiene offset 0  536ms
     ✓ el desbordamiento se resuelve DENTRO de la tabla, no en el documento (R22)  550ms
     ✓ las acciones de fila siguen siendo alcanzables dentro de la tabla (R22)  452ms
     ✓ ningun control se descubre ni se activa solo con :hover (R45)  696ms
     ✓ los controles tactiles de la lista miden al menos 44x44 px (R45)  355ms
     ✓ los campos y las acciones del formulario cumplen 44x44 px y 16 px de fuente (R45)  855ms
     ✓ la pantalla no usa 100vh como alto (R45)  582ms
     ✓ P2 — ninguna columna declara ancho y ninguna celda recibe uno en linea  483ms
     ✓ P2 — la tabla dimensiona por contenido y el unico fijado tiene offset 0  464ms
stderr | tests/unit/pedidos-ui/order-list-section.test.tsx > QC-141 — el listado trae la cobertura de su pagina (R35) > pide el lote UNA sola vez por pagina, con los ids de la pagina y en una sola llamada
An update to OrderForm inside a test was not wrapped in act(...).

When testing, code that causes React state updates should be wrapped into act(...):

act(() => {
  /* fire events that update state */
});
/* assert on the output */

This ensures that you're testing the behavior the user would see in the browser. Learn more at https://react.dev/link/wrap-tests-with-act
An update to OrderForm inside a test was not wrapped in act(...).

When testing, code that causes React state updates should be wrapped into act(...):

act(() => {
  /* fire events that update state */
});
/* assert on the output */

This ensures that you're testing the behavior the user would see in the browser. Learn more at https://react.dev/link/wrap-tests-with-act
An update to OrderForm inside a test was not wrapped in act(...).

When testing, code that causes React state updates should be wrapped into act(...):

act(() => {
  /* fire events that update state */
});
/* assert on the output */

This ensures that you're testing the behavior the user would see in the browser. Learn more at https://react.dev/link/wrap-tests-with-act
An update to OrderForm inside a test was not wrapped in act(...).

When testing, code that causes React state updates should be wrapped into act(...):

act(() => {
  /* fire events that update state */
});
/* assert on the output */

This ensures that you're testing the behavior the user would see in the browser. Learn more at https://react.dev/link/wrap-tests-with-act
An update to OrderForm inside a test was not wrapped in act(...).

When testing, code that causes React state updates should be wrapped into act(...):

act(() => {
  /* fire events that update state */
});
/* assert on the output */

This ensures that you're testing the behavior the user would see in the browser. Learn more at https://react.dev/link/wrap-tests-with-act
An update to OrderForm inside a test was not wrapped in act(...).

When testing, code that causes React state updates should be wrapped into act(...):

act(() => {
  /* fire events that update state */
});
/* assert on the output */

This ensures that you're testing the behavior the user would see in the browser. Learn more at https://react.dev/link/wrap-tests-with-act

stderr | tests/unit/pedidos-ui/order-list-section.test.tsx > QC-141 — el listado trae la cobertura de su pagina (R35) > sigue siendo UNA por render aunque cambie la pagina (R35)
An update to OrderForm inside a test was not wrapped in act(...).

When testing, code that causes React state updates should be wrapped into act(...):

act(() => {
  /* fire events that update state */
});
/* assert on the output */

This ensures that you're testing the behavior the user would see in the browser. Learn more at https://react.dev/link/wrap-tests-with-act
An update to OrderForm inside a test was not wrapped in act(...).

When testing, code that causes React state updates should be wrapped into act(...):

act(() => {
  /* fire events that update state */
});
/* assert on the output */

This ensures that you're testing the behavior the user would see in the browser. Learn more at https://react.dev/link/wrap-tests-with-act
An update to OrderForm inside a test was not wrapped in act(...).

When testing, code that causes React state updates should be wrapped into act(...):

act(() => {
  /* fire events that update state */
});
/* assert on the output */

This ensures that you're testing the behavior the user would see in the browser. Learn more at https://react.dev/link/wrap-tests-with-act

stderr | tests/unit/pedidos-ui/order-list-section.test.tsx > QC-141 — el listado trae la cobertura de su pagina (R35) > la llamada del lote va DESPUES de la de la lista: sus ids salen de ella
An update to OrderForm inside a test was not wrapped in act(...).

When testing, code that causes React state updates should be wrapped into act(...):

act(() => {
  /* fire events that update state */
});
/* assert on the output */

This ensures that you're testing the behavior the user would see in the browser. Learn more at https://react.dev/link/wrap-tests-with-act
An update to OrderForm inside a test was not wrapped in act(...).

When testing, code that causes React state updates should be wrapped into act(...):

act(() => {
  /* fire events that update state */
});
/* assert on the output */

This ensures that you're testing the behavior the user would see in the browser. Learn more at https://react.dev/link/wrap-tests-with-act
An update to OrderForm inside a test was not wrapped in act(...).

When testing, code that causes React state updates should be wrapped into act(...):

act(() => {
  /* fire events that update state */
});
/* assert on the output */

This ensures that you're testing the behavior the user would see in the browser. Learn more at https://react.dev/link/wrap-tests-with-act

stderr | tests/unit/pedidos-ui/order-list-section.test.tsx > QC-141 — el listado trae la cobertura de su pagina (R35) > cada fila recibe la suya, ya repartida en el SERVIDOR: «Apartado», «Sin apartar» y «Sin cobertura completa» (R35)
An update to OrderForm inside a test was not wrapped in act(...).

When testing, code that causes React state updates should be wrapped into act(...):

act(() => {
  /* fire events that update state */
});
/* assert on the output */

This ensures that you're testing the behavior the user would see in the browser. Learn more at https://react.dev/link/wrap-tests-with-act
An update to OrderForm inside a test was not wrapped in act(...).

When testing, code that causes React state updates should be wrapped into act(...):

act(() => {
  /* fire events that update state */
});
/* assert on the output */

This ensures that you're testing the behavior the user would see in the browser. Learn more at https://react.dev/link/wrap-tests-with-act
An update to OrderForm inside a test was not wrapped in act(...).

When testing, code that causes React state updates should be wrapped into act(...):

act(() => {
  /* fire events that update state */
});
/* assert on the output */

This ensures that you're testing the behavior the user would see in the browser. Learn more at https://react.dev/link/wrap-tests-with-act
An update to OrderForm inside a test was not wrapped in act(...).

When testing, code that causes React state updates should be wrapped into act(...):

act(() => {
  /* fire events that update state */
});
/* assert on the output */

This ensures that you're testing the behavior the user would see in the browser. Learn more at https://react.dev/link/wrap-tests-with-act
An update to OrderForm inside a test was not wrapped in act(...).

When testing, code that causes React state updates should be wrapped into act(...):

act(() => {
  /* fire events that update state */
});
/* assert on the output */

This ensures that you're testing the behavior the user would see in the browser. Learn more at https://react.dev/link/wrap-tests-with-act
An update to OrderForm inside a test was not wrapped in act(...).

When testing, code that causes React state updates should be wrapped into act(...):

act(() => {
  /* fire events that update state */
});
/* assert on the output */

This ensures that you're testing the behavior the user would see in the browser. Learn more at https://react.dev/link/wrap-tests-with-act
An update to OrderForm inside a test was not wrapped in act(...).

When testing, code that causes React state updates should be wrapped into act(...):

act(() => {
  /* fire events that update state */
});
/* assert on the output */

This ensures that you're testing the behavior the user would see in the browser. Learn more at https://react.dev/link/wrap-tests-with-act
An update to OrderForm inside a test was not wrapped in act(...).

When testing, code that causes React state updates should be wrapped into act(...):

act(() => {
  /* fire events that update state */
});
/* assert on the output */

This ensures that you're testing the behavior the user would see in the browser. Learn more at https://react.dev/link/wrap-tests-with-act
An update to OrderForm inside a test was not wrapped in act(...).

When testing, code that causes React state updates should be wrapped into act(...):

act(() => {
  /* fire events that update state */
});
/* assert on the output */

This ensures that you're testing the behavior the user would see in the browser. Learn more at https://react.dev/link/wrap-tests-with-act

stderr | tests/unit/pedidos-ui/order-list-section.test.tsx > QC-141 — si el lote de cobertura falla, la lista NO se cae (R20, R35) > con el lote en `unauthorized` se siguen pintando los pedidos y la columna de cobertura queda sin resolver
An update to OrderForm inside a test was not wrapped in act(...).

When testing, code that causes React state updates should be wrapped into act(...):

act(() => {
  /* fire events that update state */
});
/* assert on the output */

This ensures that you're testing the behavior the user would see in the browser. Learn more at https://react.dev/link/wrap-tests-with-act
An update to OrderForm inside a test was not wrapped in act(...).

When testing, code that causes React state updates should be wrapped into act(...):

act(() => {
  /* fire events that update state */
});
/* assert on the output */

This ensures that you're testing the behavior the user would see in the browser. Learn more at https://react.dev/link/wrap-tests-with-act
An update to OrderForm inside a test was not wrapped in act(...).

When testing, code that causes React state updates should be wrapped into act(...):

act(() => {
  /* fire events that update state */
});
/* assert on the output */

This ensures that you're testing the behavior the user would see in the browser. Learn more at https://react.dev/link/wrap-tests-with-act

stderr | tests/unit/pedidos-ui/order-list-section.test.tsx > QC-141 — si el lote de cobertura falla, la lista NO se cae (R20, R35) > con el lote en `invalid_input` se siguen pintando los pedidos y la columna de cobertura queda sin resolver
An update to OrderForm inside a test was not wrapped in act(...).

When testing, code that causes React state updates should be wrapped into act(...):

act(() => {
  /* fire events that update state */
});
/* assert on the output */

This ensures that you're testing the behavior the user would see in the browser. Learn more at https://react.dev/link/wrap-tests-with-act
An update to OrderForm inside a test was not wrapped in act(...).

When testing, code that causes React state updates should be wrapped into act(...):

act(() => {
  /* fire events that update state */
});
/* assert on the output */

This ensures that you're testing the behavior the user would see in the browser. Learn more at https://react.dev/link/wrap-tests-with-act
An update to OrderForm inside a test was not wrapped in act(...).

When testing, code that causes React state updates should be wrapped into act(...):

act(() => {
  /* fire events that update state */
});
/* assert on the output */

This ensures that you're testing the behavior the user would see in the browser. Learn more at https://react.dev/link/wrap-tests-with-act

stderr | tests/unit/pedidos-ui/order-list-section.test.tsx > QC-141 — si el lote de cobertura falla, la lista NO se cae (R20, R35) > con el lote en `unexpected` se siguen pintando los pedidos y la columna de cobertura queda sin resolver
An update to OrderForm inside a test was not wrapped in act(...).

When testing, code that causes React state updates should be wrapped into act(...):

act(() => {
  /* fire events that update state */
});
/* assert on the output */

This ensures that you're testing the behavior the user would see in the browser. Learn more at https://react.dev/link/wrap-tests-with-act
An update to OrderForm inside a test was not wrapped in act(...).

When testing, code that causes React state updates should be wrapped into act(...):

act(() => {
  /* fire events that update state */
});
/* assert on the output */

This ensures that you're testing the behavior the user would see in the browser. Learn more at https://react.dev/link/wrap-tests-with-act
An update to OrderForm inside a test was not wrapped in act(...).

When testing, code that causes React state updates should be wrapped into act(...):

act(() => {
  /* fire events that update state */
});
/* assert on the output */

This ensures that you're testing the behavior the user would see in the browser. Learn more at https://react.dev/link/wrap-tests-with-act

stderr | tests/unit/pedidos-ui/order-list-section.test.tsx > QC-102 — los catalogos del panel solo se piden si el actor puede escribir (R27, R28) > con `asignaciones.modificar` se piden los dos, una vez cada uno
An update to OrderForm inside a test was not wrapped in act(...).

When testing, code that causes React state updates should be wrapped into act(...):

act(() => {
  /* fire events that update state */
});
/* assert on the output */

This ensures that you're testing the behavior the user would see in the browser. Learn more at https://react.dev/link/wrap-tests-with-act
An update to OrderForm inside a test was not wrapped in act(...).

When testing, code that causes React state updates should be wrapped into act(...):

act(() => {
  /* fire events that update state */
});
/* assert on the output */

This ensures that you're testing the behavior the user would see in the browser. Learn more at https://react.dev/link/wrap-tests-with-act
An update to OrderForm inside a test was not wrapped in act(...).

When testing, code that causes React state updates should be wrapped into act(...):

act(() => {
  /* fire events that update state */
});
/* assert on the output */

This ensures that you're testing the behavior the user would see in the browser. Learn more at https://react.dev/link/wrap-tests-with-act

stderr | tests/unit/pedidos-ui/order-list-section.test.tsx > QC-102 — los catalogos del panel solo se piden si el actor puede escribir (R27, R28) > sin el permiso no se pide ningun catalogo: no hay control de escritura que alimentar
An update to OrderForm inside a test was not wrapped in act(...).

When testing, code that causes React state updates should be wrapped into act(...):

act(() => {
  /* fire events that update state */
});
/* assert on the output */

This ensures that you're testing the behavior the user would see in the browser. Learn more at https://react.dev/link/wrap-tests-with-act
An update to OrderForm inside a test was not wrapped in act(...).

When testing, code that causes React state updates should be wrapped into act(...):

act(() => {
  /* fire events that update state */
});
/* assert on the output */

This ensures that you're testing the behavior the user would see in the browser. Learn more at https://react.dev/link/wrap-tests-with-act
An update to OrderForm inside a test was not wrapped in act(...).

When testing, code that causes React state updates should be wrapped into act(...):

act(() => {
  /* fire events that update state */
});
/* assert on the output */

This ensures that you're testing the behavior the user would see in the browser. Learn more at https://react.dev/link/wrap-tests-with-act

stderr | tests/unit/pedidos-ui/order-list-section.test.tsx > QC-102 — los catalogos del panel solo se piden si el actor puede escribir (R27, R28) > si un catalogo falla, el panel se degrada y la lista NO se tumba (H1)
An update to OrderForm inside a test was not wrapped in act(...).

When testing, code that causes React state updates should be wrapped into act(...):

act(() => {
  /* fire events that update state */
});
/* assert on the output */

This ensures that you're testing the behavior the user would see in the browser. Learn more at https://react.dev/link/wrap-tests-with-act
An update to OrderForm inside a test was not wrapped in act(...).

When testing, code that causes React state updates should be wrapped into act(...):

act(() => {
  /* fire events that update state */
});
/* assert on the output */

This ensures that you're testing the behavior the user would see in the browser. Learn more at https://react.dev/link/wrap-tests-with-act
An update to OrderForm inside a test was not wrapped in act(...).

When testing, code that causes React state updates should be wrapped into act(...):

act(() => {
  /* fire events that update state */
});
/* assert on the output */

This ensures that you're testing the behavior the user would see in the browser. Learn more at https://react.dev/link/wrap-tests-with-act

stderr | tests/unit/pedidos-ui/order-list-section.test.tsx > QC-145 — el catalogo de personas sale de listResponsibleCandidatesAction (R32) > las personas del panel llegan de la accion nueva, no de listUsersAction
An update to OrderForm inside a test was not wrapped in act(...).

When testing, code that causes React state updates should be wrapped into act(...):

act(() => {
  /* fire events that update state */
});
/* assert on the output */

This ensures that you're testing the behavior the user would see in the browser. Learn more at https://react.dev/link/wrap-tests-with-act
An update to OrderForm inside a test was not wrapped in act(...).

When testing, code that causes React state updates should be wrapped into act(...):

act(() => {
  /* fire events that update state */
});
/* assert on the output */

This ensures that you're testing the behavior the user would see in the browser. Learn more at https://react.dev/link/wrap-tests-with-act
An update to OrderForm inside a test was not wrapped in act(...).

When testing, code that causes React state updates should be wrapped into act(...):

act(() => {
  /* fire events that update state */
});
/* assert on the output */

This ensures that you're testing the behavior the user would see in the browser. Learn more at https://react.dev/link/wrap-tests-with-act

stderr | tests/unit/pedidos-ui/order-list-section.test.tsx > QC-145 — el catalogo de personas sale de listResponsibleCandidatesAction (R32) > si la accion nueva falla, el panel degrada personas a vacio y la lista sigue en pie
An update to OrderForm inside a test was not wrapped in act(...).

When testing, code that causes React state updates should be wrapped into act(...):

act(() => {
  /* fire events that update state */
});
/* assert on the output */

This ensures that you're testing the behavior the user would see in the browser. Learn more at https://react.dev/link/wrap-tests-with-act
An update to OrderForm inside a test was not wrapped in act(...).

When testing, code that causes React state updates should be wrapped into act(...):

act(() => {
  /* fire events that update state */
});
/* assert on the output */

This ensures that you're testing the behavior the user would see in the browser. Learn more at https://react.dev/link/wrap-tests-with-act
An update to OrderForm inside a test was not wrapped in act(...).

When testing, code that causes React state updates should be wrapped into act(...):

act(() => {
  /* fire events that update state */
});
/* assert on the output */

This ensures that you're testing the behavior the user would see in the browser. Learn more at https://react.dev/link/wrap-tests-with-act

 ✓ |ui| tests/unit/pedidos-ui/order-list-section.test.tsx (33 tests) 7706ms
     ✓ cargando: el esqueleto pinta tantas filas como el tamano de pagina pedido  459ms
     ✓ lista: con pedidos se pinta la lista y ninguno de los otros dos estados  503ms
     ✓ pide el lote UNA sola vez por render, con los ids de la pagina y en una sola llamada  323ms
     ✓ cada fila recibe los suyos: el reparto se hace en el SERVIDOR y baja ya repartido  745ms
     ✓ con el lote en `unauthorized` se siguen pintando los pedidos y la columna queda sin resolver  455ms
     ✓ con el lote en `invalid_input` se siguen pintando los pedidos y la columna queda sin resolver  326ms
     ✓ con el lote en `unexpected` se siguen pintando los pedidos y la columna queda sin resolver  407ms
     ✓ pide el lote UNA sola vez por pagina, con los ids de la pagina y en una sola llamada  325ms
     ✓ cada fila recibe la suya, ya repartida en el SERVIDOR: «Apartado», «Sin apartar» y «Sin cobertura completa» (R35)  323ms
     ✓ con el lote en `unauthorized` se siguen pintando los pedidos y la columna de cobertura queda sin resolver  376ms
 ✓ |ui| tests/unit/configuracion-ui/usuarios-viewport.test.tsx (27 tests) 10104ms
     ✓ la lista es utilizable: las SEIS columnas, sus filas y la paginacion (R21)  1066ms
     ✓ el desbordamiento se resuelve DENTRO de la tabla, no en el documento (R21)  464ms
     ✓ la columna de correo va DENTRO del desplazador y no mueve el documento (R21)  413ms
     ✓ las acciones de fila siguen siendo alcanzables dentro de la tabla (R21)  359ms
     ✓ las TRES acciones estan en el DOM y visibles desde el primer render, sin :hover (R40)  623ms
     ✓ el panel es utilizable: los NUEVE campos a 16 px y acciones de 44x44 px (R40)  1142ms
     ✓ el dialogo de borrado es utilizable y sus dos acciones miden 44x44 px (R40)  593ms
     ✓ el dialogo de estado es utilizable: selector a 16 px y acciones de 44x44 px (R40)  1103ms
     ✓ la pantalla no usa 100vh como alto (R40)  414ms
     ✓ la lista es utilizable: las SEIS columnas, sus filas y la paginacion (R21)  311ms
     ✓ las TRES acciones estan en el DOM y visibles desde el primer render, sin :hover (R40)  565ms
     ✓ el panel es utilizable: los NUEVE campos a 16 px y acciones de 44x44 px (R40)  675ms
     ✓ el dialogo de borrado es utilizable y sus dos acciones miden 44x44 px (R40)  586ms
     ✓ el dialogo de estado es utilizable: selector a 16 px y acciones de 44x44 px (R40)  509ms
     ✓ la pantalla no usa 100vh como alto (R40)  302ms
 ✓ |ui| tests/unit/proveedores-ui/supplier-detail-page.test.tsx (29 tests) 10013ms
     ✓ presenta nombre, telefono y correo del proveedor y, debajo, su catalogo  577ms
     ✓ mientras el catalogo esta en vuelo se presenta el esqueleto, no la tabla  302ms
     ✓ si el catalogo falla se presenta el error con reintento, no una tabla vacia  318ms
     ✓ presenta las ocho columnas de negocio de la linea, mas imagen y acciones  349ms
     ✓ los diccionarios se construyen UNA vez por render, nunca por fila  377ms
     ✓ la primera columna es la imagen de la linea, y la RUTA no se pinta como texto  602ms
     ✓ ofrece exactamente dos tamanos de pagina y cambiarlos navega a la primera  1432ms
     ✓ permite avanzar y retroceder de pagina e indica la pagina actual y el total  667ms
     ✓ el catalogo SI ofrece busqueda y orden, y ninguno se resuelve en el cliente  1750ms
     ✓ el desbordamiento lo absorbe la tabla, no el documento, en angosto y en ancho  639ms
 ✓ |ui| tests/unit/proveedores-ui/delete-catalog-line-dialog.test.tsx (9 tests) 6774ms
     ✓ cada fila ofrece la baja y abrir el dialogo NO invoca la operacion  1261ms
     ✓ cancelar cierra el dialogo sin invocar la operacion ni refrescar  665ms
     ✓ cerrar con Escape tampoco invoca la operacion  667ms
     ✓ invoca la baja con el id en campo oculto, cierra, avisa por toast y refresca la lista  855ms
     ✓ una baja rechazada mantiene el dialogo abierto con el mensaje a la vista  754ms
     ✓ la baja de una linea nombra SOLO esa linea y no promete arrastrar nada  437ms
     ✓ los controles se identifican por rol y cumplen el area tactil en angosto y en ancho  923ms
     ✓ el error inesperado ensena el identificador como texto, con su etiqueta  558ms
     ✓ un error del catalogo no ensena identificador ninguno  646ms
 ✓ |ui| tests/unit/configuracion-ui/unidades-viewport.test.tsx (18 tests) 5900ms
     ✓ la lista es utilizable: las CUATRO columnas, sus filas y la paginacion (R27)  1120ms
     ✓ editar y borrar estan en el DOM y visibles desde el primer render, sin :hover (R48)  454ms
     ✓ el panel lateral es utilizable: los CUATRO campos a 16 px y acciones de 44x44 px (R48)  656ms
     ✓ el dialogo de borrado es utilizable y sus dos acciones miden 44x44 px (R48)  461ms
     ✓ el panel lateral es utilizable: los CUATRO campos a 16 px y acciones de 44x44 px (R48)  493ms
     ✓ el dialogo de borrado es utilizable y sus dos acciones miden 44x44 px (R48)  326ms
 ✓ |ui| tests/unit/pedidos-ui/order-form.test.tsx (37 tests) 29458ms
     ✓ captura los TRES campos de negocio y los envia a la operacion de alta  2626ms
     ✓ al salir del campo, la cantidad se coloca a DOS decimales y sin ceros finales  3280ms
     ✓ el enviar colocado a dos decimales: «0.1005» viaja como «0.1» en el FormData  1400ms
     ✓ presenta la prioridad por defecto del contrato PRESELECCIONADA y visible  1512ms
     ✓ ofrece las CUATRO prioridades que publica el contrato  753ms
     ✓ el alta NO ofrece selector de estado  1645ms
     ✓ ningun formulario ofrece campo de fecha de solicitud, ni motivo, ni correlativo, ni autoria  324ms
     ✓ R18: la edición precarga la presentación; sin presentación el campo arranca vacío y no guarda  425ms
     ✓ R19: presentation_not_found se pinta junto al campo y conserva lo escrito  319ms
     ✓ precarga los valores actuales y envia el REEMPLAZO COMPLETO del conjunto de negocio  342ms
     ✓ «recipe_not_found» se pinta junto al SELECTOR DE RECETA, no en la region del formulario  459ms
     ✓ R7: «invalid_transition» va a la region general del formulario, sin campo de estado que senalar  384ms
     ✓ un codigo que no senala campo va a la region de aviso del formulario y no pierde lo escrito  720ms
     ✓ una cantidad que el ESQUEMA del contrato rechaza no llega a la operacion  447ms
     ✓ el titulo pasa a nombrar la receta elegida y la cantidad tecleada  1615ms
     ✓ elegir una receta con imagen sustituye el marcador por ella  682ms
     ✓ y elegir una receta SIN imagen (ruta nula) deja el marcador donde estaba  665ms
     ✓ en el alta, Guardar esta deshabilitado hasta elegir una receta  1509ms
     ✓ editar el campo tras elegir retira la receta y vuelve a bloquear Guardar  1855ms
     ✓ elegir una receta pide su detalle y pinta la tabla con los datos de los productos  838ms
     ✓ una receta sin ingredientes se dice, no se pinta una tabla vacia  705ms
     ✓ la «cantidad requerida» parte de 0 y el «restante» la descuenta del stock  1059ms
     ✓ un restante negativo se resalta en rojo  841ms
     ✓ R12 — con existencia en la unidad de la linea, el restante resta normal  701ms
     ✓ R13 — con lotes pero ninguno en la unidad de la linea, existencia y restante muestran el marcador  668ms
     ✓ R14 — sin ningun lote, la existencia es 0 y el restante negativo se destaca como faltante  756ms
     ✓ si el detalle falla, la tabla se sustituye por el estado de error de los ingredientes  594ms
     ✓ el error inesperado ensena el identificador como texto, con su etiqueta  358ms
     ✓ un error del catalogo no ensena identificador ninguno  307ms
 ✓ |ui| tests/unit/documentos-ui/document-upload-errors.test.tsx (5 tests) 6104ms
     ✓ un error de la consulta detiene el sondeo y se muestra por su code (R12)  3117ms
     ✓ una tanda desconocida detiene el sondeo (R23)  2574ms
 ✓ |ui| tests/unit/configuracion-ui/user-status-dialog.test.tsx (9 tests) 5692ms
     ✓ nombra a la persona y ofrece los cuatro estados, ni uno mas ni uno menos  1462ms
     ✓ NINGUN valor se excluye por el estado actual: ni el suyo, ni los demas  2099ms
     ✓ MIENTRAS no se confirme, la operacion NO se invoca  536ms
     ✓ la cuenta bloqueada puede pasar a activa, y se envia el id y el destino  754ms
 ✓ |ui| tests/unit/recetas-ui/step-reader.test.tsx (51 tests) 4371ms
     ✓ renderiza solo el paso actual y el resto NO esta en el DOM  484ms
     ✓ avanza y retrocede entre pasos con Siguiente y Anterior  341ms
     ✓ en el ultimo paso ofrece Finalizar y ya NO ofrece Siguiente  325ms
 ✓ |ui| tests/unit/async-autocomplete.test.tsx (10 tests) 4799ms
     ✓ no consulta nada mientras el desplegable esta cerrado  301ms
     ✓ al abrir pide la pagina 1 con pageSize 10 y muestra sus diez opciones  686ms
     ✓ llegar al final del scroll anexa la pagina siguiente sin perder la anterior  419ms
     ✓ escribir reinicia la consulta a la pagina 1 con el texto nuevo  960ms
     ✓ elegir una opcion la entrega al llamante y la deja en el campo  440ms
     ✓ teclear una palabra entera dispara UNA sola consulta, no una por letra  1054ms
 ✓ |ui| tests/unit/configuracion-ui/unit-table.test.tsx (18 tests) 5283ms
     ✓ monta `DataTable` con una fila por unidad  341ms
     ✓ no se reordena, ni se filtra, ni se recorta en el cliente aunque los parametros digan otra cosa  505ms
     ✓ las opciones son exactamente las del componente compartido  743ms
     ✓ elegir otro tamano navega con ese tamano y vuelve a la primera pagina  767ms
     ✓ ordenar por equivalencia NO SE OFRECE: no esta en la lista blanca (R19)  512ms
     ✓ ni barra de filtros por columna, ni chips de filtro, ni entrada de filtro en los menus  415ms
 ✓ |ui| tests/unit/esperar-interactiva.test.tsx (2 tests) 5386ms
     ✓ espera de verdad: resuelve solo DESPUES de que el elemento suelte pointer-events  356ms
     ✓ comprueba de verdad: si el elemento NO se libera nunca, la espera falla  5024ms
Not implemented: navigation to another Document
 ✓ |ui| tests/unit/shared/data-table-viewport.test.tsx (15 tests) 5866ms
     ✓ el menu de cabecera se abre y ofrece sus acciones  1158ms
       ✓ se abre y un atajo emite su rango  934ms
     ✓ una columna fijada conserva su position sticky y su desplazamiento  426ms
     ✓ el menu de cabecera se abre y ofrece sus acciones  311ms
       ✓ se abre y un atajo emite su rango  934ms
     ✓ una columna fijada conserva su position sticky y su desplazamiento  396ms
     ✓ el calendario del filtro de fechas ADAPTA el numero de meses por ancho, no lo hace desaparecer  790ms
Not implemented: navigation to another Document
 ✓ |ui| tests/unit/sidebar-mobile.test.tsx (7 tests) 5421ms
     ✓ en viewport angosto la barra arranca oculta y ofrece el control de apertura  636ms
     ✓ al abrir en viewport angosto muestra un dialogo modal y mueve el foco dentro  904ms
     ✓ el control refleja el estado con aria-expanded y referencia el panel con aria-controls  522ms
     ✓ Escape cierra el panel superpuesto y devuelve el foco al control de apertura  656ms
     ✓ activar un enlace, simple o de submenu, cierra el panel superpuesto  1881ms
     ✓ en viewport angosto no se aplica el modo icono  809ms
 ✓ |ui| tests/unit/configuracion-ui/grupos/work-group-table.test.tsx (28 tests) 6220ms
     ✓ monta `DataTable` con una fila por grupo  303ms
     ✓ las filas se pintan en el orden en que llegan: aqui no se ordena ni se recorta (R14, R15)  448ms
     ✓ las opciones son exactamente dos, las del componente compartido  890ms
     ✓ elegir otro tamano navega con ese tamano y vuelve a la primera pagina  697ms
     ✓ la accion de abrir de una fila abre el panel SOBRE ESE grupo  404ms
     ✓ cerrar suelta el estado, y la lista de detras conserva sus parametros (R20)  576ms
     ✓ y cerrar el dialogo de borrado tampoco retira ninguna fila (R34)  443ms
 ✓ |ui| tests/unit/configuracion-ui/configuracion-viewport.test.tsx (16 tests) 4767ms
     ✓ la lista es utilizable: tabla, filas, celdas y paginacion estan montadas (R18)  754ms
     ✓ editar y borrar estan en el DOM y visibles desde el primer render, sin :hover (R34)  349ms
     ✓ el panel lateral es utilizable: campo de 16 px y acciones de 44x44 px (R34)  682ms
     ✓ el dialogo de borrado es utilizable y sus dos acciones miden 44x44 px (R34)  384ms
     ✓ el panel lateral es utilizable: campo de 16 px y acciones de 44x44 px (R34)  394ms
     ✓ el dialogo de borrado es utilizable y sus dos acciones miden 44x44 px (R34)  398ms
 ✓ |ui| tests/unit/recetas-ui/recipe-lines-tabs.test.tsx (8 tests) 5077ms
     ✓ al 100 % se puede pedir otra línea sin porcentaje: los `+` siguen habilitados  712ms
     ✓ las máquinas se agregan múltiples: elegir habilita el `+` y añade otra fila  883ms
     ✓ lo elegido en máquinas no toca la suma de ingredientes  672ms
     ✓ buscar en ingredientes pide type=PRODUCT  1093ms
     ✓ buscar en máquinas pide type=MACHINE  990ms
stderr | tests/unit/configuracion-ui/grupos/work-group-members.test.tsx > el buscador saca sus candidatos de la consulta de personas (R28) > busca en el servidor sobre el conjunto entero, con rebote
An update to WorkGroupMembers inside a test was not wrapped in act(...).

When testing, code that causes React state updates should be wrapped into act(...):

act(() => {
  /* fire events that update state */
});
/* assert on the output */

This ensures that you're testing the behavior the user would see in the browser. Learn more at https://react.dev/link/wrap-tests-with-act

stderr | tests/unit/configuracion-ui/grupos/work-group-members.test.tsx > el buscador saca sus candidatos de la consulta de personas (R28) > busca en el servidor sobre el conjunto entero, con rebote
An update to WorkGroupMembers inside a test was not wrapped in act(...).

When testing, code that causes React state updates should be wrapped into act(...):

act(() => {
  /* fire events that update state */
});
/* assert on the output */

This ensures that you're testing the behavior the user would see in the browser. Learn more at https://react.dev/link/wrap-tests-with-act

 ✓ |ui| tests/unit/login-form.test.tsx (26 tests) 4339ms
     ✓ muestra campo de usuario, campo de contrasena enmascarado y boton dentro de un form  378ms
     ✓ rehabilita el boton cuando el envio termina con error  314ms
     ✓ emite un toast de error cuando las credenciales no son aceptadas  305ms
     ✓ envia el formulario al pulsar Enter dentro de un campo  317ms
     ✓ no reemite el toast en un re-render del mismo intento  340ms
     ✓ emite un toast nuevo por cada intento rechazado, aunque la entrada sea identica  615ms
 ✓ |ui| tests/unit/shared/data-table-filter-date.test.tsx (19 tests) 4198ms
     ✓ activar el atajo "lastWeek" emite el rango con from/to en YYYY-MM-DD  1302ms
     ✓ activar el atajo "lastMonth" emite el rango con from/to en YYYY-MM-DD  704ms
     ✓ activar el atajo "lastYear" emite el rango con from/to en YYYY-MM-DD  502ms
     ✓ el rango del atajo activado queda seleccionado y visible en el calendario (R18)  656ms
     ✓ elegir dos dias en el calendario (controlado) emite el rango completo  982ms
 ✓ |ui| tests/unit/app-sidebar.test.tsx (16 tests) 2744ms
     ✓ la barra lateral expone sus tres regiones: marca, navegacion y pie de usuario  331ms
     ✓ la navegacion es un landmark de navegacion con nombre accesible  461ms
     ✓ un item con hijos se renderiza como control de expansion, no como enlace, y es activable por teclado  624ms
     ✓ activar el control del submenu alterna entre expandido y colapsado  335ms
 ✓ |ui| tests/unit/configuracion-ui/grupos/work-group-members.test.tsx (18 tests) 4464ms
     ✓ avanzar y retroceder vuelven a pedir la lista con esa pagina  438ms
     ✓ elegir a una persona la mete DE A UNA, con los dos campos y ninguno mas  423ms
     ✓ cada codigo produce una presentacion propia, y las cuatro son distintas  1748ms
     ✓ el rechazo se queda DENTRO del panel y la lista no se toca  439ms
     ✓ meter a alguien vuelve a pedir la lista y pinta lo que devuelva  436ms
stderr | tests/unit/pedidos-ui/order-row-wiring.test.tsx > desde una fila viva, cada accion abre lo suyo (R23, R25, R37, R38) > la fila trae los tres controles y, cerrada, no monta ningun panel ni dialogo
An update to OrderForm inside a test was not wrapped in act(...).

When testing, code that causes React state updates should be wrapped into act(...):

act(() => {
  /* fire events that update state */
});
/* assert on the output */

This ensures that you're testing the behavior the user would see in the browser. Learn more at https://react.dev/link/wrap-tests-with-act
An update to OrderForm inside a test was not wrapped in act(...).

When testing, code that causes React state updates should be wrapped into act(...):

act(() => {
  /* fire events that update state */
});
/* assert on the output */

This ensures that you're testing the behavior the user would see in the browser. Learn more at https://react.dev/link/wrap-tests-with-act
An update to OrderForm inside a test was not wrapped in act(...).

When testing, code that causes React state updates should be wrapped into act(...):

act(() => {
  /* fire events that update state */
});
/* assert on the output */

This ensures that you're testing the behavior the user would see in the browser. Learn more at https://react.dev/link/wrap-tests-with-act

 ✓ |ui| tests/unit/configuracion-ui/grupos/work-group-a11y.test.tsx (16 tests) 3658ms
     ✓ la lista se pinta entera: ninguna excepcion de escritorio  335ms
     ✓ el desbordamiento lo resuelve la TABLA, sin scroll horizontal del documento  367ms
     ✓ las acciones de fila estan SIEMPRE en el DOM: nada depende de `:hover`  351ms
     ✓ y son alcanzables con el dedo: pulsarlas abre la escritura sin pasar por `:hover`  545ms
     ✓ y son alcanzables con el dedo: pulsarlas abre la escritura sin pasar por `:hover`  312ms
 ✓ |ui| tests/unit/pedidos-ui/order-row-wiring.test.tsx (6 tests) 3673ms
     ✓ la fila trae los tres controles y, cerrada, no monta ningun panel ni dialogo  608ms
     ✓ pulsar editar abre el panel lateral con el pedido precargado  1207ms
     ✓ pulsar cancelar abre el dialogo de motivo, y solo ese  508ms
     ✓ pulsar borrar abre la confirmacion, y solo esa  512ms
     ✓ estado ENTREGADO: los tres controles deshabilitados y ningun panel ni dialogo montado  422ms
     ✓ estado CANCELADO: los tres controles deshabilitados y ningun panel ni dialogo montado  410ms
 ✓ |ui| tests/unit/inventario/product-batches-sheet.test.tsx (7 tests) 4072ms
     ✓ pide los lotes de ese producto y pinta lote, cantidad con unidad y fecha  1043ms
     ✓ pinta el mensaje con role="alert" y no el panel de lotes  474ms
     ✓ sin canAdjust el panel se ve pero el control de ajuste NO existe  396ms
     ✓ con canAdjust el control de ajuste SI existe  396ms
     ✓ con catalogo y unidad, el titulo y el aria-label del disparador llevan el simbolo  600ms
     ✓ sin catalogo de unidades, el titulo y el aria-label solo llevan el nombre  487ms
     ✓ con catalogo pero sin unidad en el producto, el titulo y el aria-label solo llevan el nombre  667ms
 ✓ |ui| tests/unit/shared/data-table.test.tsx (19 tests) 2580ms
     ✓ pinta las filas exactamente como llegan, en el mismo orden, aunque sort/filtros/pagina digan otra cosa  697ms
     ✓ fijar una columna le aplica position sticky y un desplazamiento calculado por getStart/getAfter, no un numero magico propio  857ms
 ✓ |ui| tests/unit/asignaciones-ui/order-execution-lines.test.tsx (17 tests) 3378ms
     ✓ sin producto resuelto presenta el marcador, nunca un hueco  398ms
     ✓ con unidades hermanas, el testid de unidad esta en el selector y sigue el valor elegido  498ms
     ✓ elegir mL muestra 20000 y el "10,00 %" no cambia  471ms
     ✓ remontar la lista devuelve la cantidad y la unidad original  511ms
     ✓ elegir una unidad de otra base efectiva propaga `IncompatibleUnitsError` sin capturarla  314ms
     ✓ QC-132 R12: title con el valor convertido tal cual, sin acotar  329ms
     ✓ QC-132 R12: sin title cuando el valor convertido ya sale exacto  346ms
 ✓ |ui| tests/unit/pedidos-ui/order-sheet-coverage.test.tsx (5 tests) 3894ms
     ✓ editar abre el panel con la etiqueta de cobertura `full` (R35)  1516ms
     ✓ editar abre el panel con la etiqueta de cobertura `none` (R35)  591ms
     ✓ editar abre el panel con la etiqueta de cobertura `partial` (R35)  629ms
     ✓ sin entrada en el lote —fallo del lote— la hoja no pinta ninguna etiqueta (R20, R35)  560ms
     ✓ el mismo panel abierto por «Responsables» tambien pinta la cobertura (R23, R35)  587ms
 ✓ |ui| tests/unit/inventario/product-page.test.tsx (70 tests) 99050ms
     ✓ la pantalla de productos se renderiza dentro del armazon privado y no declara main propio  847ms
     ✓ la tabla presenta todas las columnas de negocio declaradas  657ms
     ✓ la unidad no es su propia columna: se lee junto al nombre y junto a la existencia  321ms
     ✓ la primera columna es la imagen del producto, y la RUTA no se pinta como texto  620ms
     ✓ sin ruta de imagen, la miniatura cae al marcador de `public/`  318ms
     ✓ el costo, la compra minima y el tiempo de entrega no aparecen en la lista por ninguna via  1037ms
     ✓ R17 — la existencia se pinta en rojo cuando la alerta de cantidad supera la existencia guardada  355ms
     ✓ R17 — sin cantidad de alerta configurada, la existencia no se marca, tenga o no lotes  372ms
     ✓ R18 — el nombre del producto se pinta junto a la unidad guardada  441ms
     ✓ R18 — sin unidad guardada o sin catalogo de unidades, el nombre se pinta solo  536ms
     ✓ R16 — la celda muestra la existencia guardada junto a la unidad del producto  302ms
     ✓ R6 — la existencia se pinta a dos decimales, con la cifra exacta en el title y el aria-label  339ms
     ✓ el desbordamiento horizontal lo absorbe el envoltorio de la tabla y ningun ancestro  345ms
     ✓ el selector de tamano de pagina ofrece 10 y 25 y usa 10 por defecto  1587ms
     ✓ permite avanzar y retroceder de pagina e indica la pagina actual y el total  552ms
     ✓ la pantalla SI ofrece busqueda y orden, y ninguno de los dos se resuelve en el cliente  1739ms
     ✓ presenta lista y acciones en viewport angosto y en ancho  596ms
     ✓ crear abre un panel lateral sobre la lista, sin navegar ni perder la pagina  996ms
     ✓ la edicion precarga los valores actuales y envia el reemplazo completo, sin la existencia (R9)  964ms
     ✓ un guardado rechazado por un campo muestra el error en linea y no cierra el panel  7029ms
     ✓ un guardado rechazado por la operacion muestra el error del formulario y conserva lo escrito  3228ms
     ✓ un guardado con exito cierra el panel, avisa por toast y refresca la lista  3005ms
     ✓ tras un alta con éxito, ProductForm llama a onSaved con el lote devuelto por el servidor (R12)  2969ms
     ✓ el aviso de alta nombra el lote asignado por el sistema (R14)  2892ms
     ✓ el aviso de alta nombra el lote tecleado a mano sin decir que lo asignó el sistema (R15)  2680ms
     ✓ el aviso de edición no cambia y no nombra ningún lote (R9)  676ms
     ✓ elegir un producto existente autocompleta la alerta de cantidad, no la existencia  1267ms
     ✓ el alta pide el primer lote: presentacion obligatoria y uno de los dos costos  3568ms
     ✓ la edicion no pide nada del lote: ni presentacion, ni costos, ni caducidad  514ms
     ✓ el alta rechaza un costo de 0 en SU campo y no llama a la operacion  4040ms
     ✓ los dos importes no dejan escribir texto, ni un tercer decimal, ni una coma suelta  3371ms
     ✓ escribir el costo unitario rellena el total, y escribir el total rellena el unitario  1231ms
     ✓ sin existencia utilizable el importe derivado se queda vacio, no obsoleto  1398ms
     ✓ con solo costo total y existencia 0 el rechazo se pinta en el campo de la EXISTENCIA  4128ms
     ✓ el alta hace viajar los CINCO campos del primer lote en el FormData  2546ms
     ✓ la edicion no envia ningun campo del lote  607ms
     ✓ un rechazo del servidor deja el panel abierto y conserva los cinco campos del lote  3192ms
     ✓ el panel de alta nunca permite enviar sin fecha de compra escrita (R3)  3137ms
     ✓ el alta de producto envía la fecha de compra elegida como YYYY-MM-DD (R4)  2538ms
     ✓ la edición no muestra el campo de fecha de compra (R9)  498ms
     ✓ al elegir Instrumento se muestra solo existencia y fecha de compra del lote  1759ms
     ✓ al elegir Envase se oculta la fecha de expiracion y se mantiene el resto del lote  1742ms
     ✓ cambiar de tipo en el alta alterna los campos sin cerrar el panel  3554ms
     ✓ cerrar y reabrir el panel vuelve a Producto: el selector no recuerda el ultimo tipo  2269ms
     ✓ los campos con ayuda la ofrecen en la etiqueta y la muestran al pasar por encima  1596ms
     ✓ el campo lote explica que un valor vacío lo asigna el sistema (R6)  1463ms
     ✓ el campo lote sigue siendo un input de texto opcional (R7)  643ms
     ✓ el formulario no captura la unidad, y el alta viaja sin ella (QC-80, R21)  2591ms
     ✓ el borrado pide confirmacion nombrando el producto y sin confirmar no invoca la operacion  909ms
     ✓ un borrado con exito cierra el dialogo, avisa por toast y refresca la lista  620ms
     ✓ el alta rapida manda la unidad y sin elegirla no llega a la operacion  1801ms
     ✓ sin catalogo de unidades no se ofrece el alta rapida, pero elegir una presentacion existente sigue funcionando  2505ms
     ✓ el formulario conserva el identificador que devolvio la operacion  3063ms
     ✓ el formulario con un error del catalogo no ensena identificador ninguno  3118ms
     ✓ el dialogo de borrado ensena el identificador del error inesperado  626ms
     ✓ el dialogo de borrado con un error del catalogo no ensena identificador ninguno  740ms
 ✓ |ui| tests/unit/configuracion-ui/presentation-table.test.tsx (13 tests) 3625ms
     ✓ no se reordena, ni se filtra, ni se recorta en el cliente aunque los parametros digan otra cosa  549ms
     ✓ las opciones son exactamente las del componente compartido  761ms
     ✓ elegir otro tamano navega con ese tamano y vuelve a la primera pagina  688ms
 ✓ |ui| tests/unit/sidebar-desktop.test.tsx (8 tests) 3399ms
     ✓ en viewport ancho la barra es persistente y el control declara aria-expanded y aria-controls  557ms
     ✓ activar el control alterna a modo icono y muestra la marca corta  534ms
     ✓ en modo icono cada entrada conserva su nombre accesible  525ms
     ✓ en modo icono los hijos de un submenu siguen siendo alcanzables desde su control  844ms
     ✓ en modo icono el cierre de sesion sigue alcanzable, ahora desde el encabezado  311ms
     ✓ el modo colapsado se conserva al volver a montar el layout  305ms
     ✓ el modo expandido se conserva al volver a montar el layout  300ms
stderr | tests/unit/configuracion-ui/grupos/work-group-form.test.tsx > la validacion es EN VIVO y se deriva del contrato (R21, R22) > y con ese nombre el boton NO invoca ninguna operacion
An update to form inside a test was not wrapped in act(...).

When testing, code that causes React state updates should be wrapped into act(...):

act(() => {
  /* fire events that update state */
});
/* assert on the output */

This ensures that you're testing the behavior the user would see in the browser. Learn more at https://react.dev/link/wrap-tests-with-act
An update to form inside a test was not wrapped in act(...).

When testing, code that causes React state updates should be wrapped into act(...):

act(() => {
  /* fire events that update state */
});
/* assert on the output */

This ensures that you're testing the behavior the user would see in the browser. Learn more at https://react.dev/link/wrap-tests-with-act
An update to WorkGroupForm inside a test was not wrapped in act(...).

When testing, code that causes React state updates should be wrapped into act(...):

act(() => {
  /* fire events that update state */
});
/* assert on the output */

This ensures that you're testing the behavior the user would see in the browser. Learn more at https://react.dev/link/wrap-tests-with-act
An update to WorkGroupForm inside a test was not wrapped in act(...).

When testing, code that causes React state updates should be wrapped into act(...):

act(() => {
  /* fire events that update state */
});
/* assert on the output */

This ensures that you're testing the behavior the user would see in the browser. Learn more at https://react.dev/link/wrap-tests-with-act
An update to form inside a test was not wrapped in act(...).

When testing, code that causes React state updates should be wrapped into act(...):

act(() => {
  /* fire events that update state */
});
/* assert on the output */

This ensures that you're testing the behavior the user would see in the browser. Learn more at https://react.dev/link/wrap-tests-with-act

 ✓ |ui| tests/unit/proveedores-ui/unit-select.test.tsx (9 tests) 3461ms
     ✓ ofrece unicamente las unidades existentes mas la opcion explicita «sin unidad»  1388ms
     ✓ al elegir una unidad, el formulario envia SU identificador  652ms
     ✓ elegir «sin unidad» despues de haber elegido una vuelve a enviar cadena vacia  652ms
     ✓ no ofrece ninguna forma de crear una unidad ni de escribir uno libre  390ms
 ✓ |ui| tests/unit/configuracion-ui/presentation-unit-select.test.tsx (8 tests) 3349ms
     ✓ ofrece TODAS las unidades que recibe, sin filtrar por empresa  1259ms
     ✓ muestra el simbolo cuando existe y el nombre cuando no  410ms
     ✓ no ofrece NINGUNA opcion vacia ni «sin unidad»  502ms
     ✓ al elegir una unidad, el formulario envia SU identificador  674ms
     ✓ no ofrece crear una unidad ni escribir texto libre  415ms
 ✓ |ui| tests/unit/shared/data-table-filters.test.tsx (15 tests) 2433ms
     ✓ forma "text": escribir en el campo emite { kind: "text", value }  404ms
     ✓ forma "select": marcar una opcion emite { kind: "select", values }  442ms
     ✓ forma "dateRange": un atajo del filtro de fecha emite { kind: "dateRange", from, to }  887ms
 ✓ |ui| tests/unit/configuracion-ui/grupos/work-group-form.test.tsx (13 tests) 3236ms
     ✓ un nombre sin ninguna letra ni numero avisa MIENTRAS se escribe  815ms
     ✓ la edicion invoca el renombrado, con el identificador del grupo  391ms
     ✓ con exito avisa al panel, que es quien cierra y refresca (R35)  329ms
stderr | tests/unit/pedidos-ui/cancel-order-dialog.test.tsx > mientras el motivo este vacio no se invoca la cancelacion (R37) > enviar el formulario sin motivo lo rechaza la validacion previa, sin llamar a la operacion
An update to form inside a test was not wrapped in act(...).

When testing, code that causes React state updates should be wrapped into act(...):

act(() => {
  /* fire events that update state */
});
/* assert on the output */

This ensures that you're testing the behavior the user would see in the browser. Learn more at https://react.dev/link/wrap-tests-with-act
An update to form inside a test was not wrapped in act(...).

When testing, code that causes React state updates should be wrapped into act(...):

act(() => {
  /* fire events that update state */
});
/* assert on the output */

This ensures that you're testing the behavior the user would see in the browser. Learn more at https://react.dev/link/wrap-tests-with-act
An update to CancelOrderDialog inside a test was not wrapped in act(...).

When testing, code that causes React state updates should be wrapped into act(...):

act(() => {
  /* fire events that update state */
});
/* assert on the output */

This ensures that you're testing the behavior the user would see in the browser. Learn more at https://react.dev/link/wrap-tests-with-act
An update to CancelOrderDialog inside a test was not wrapped in act(...).

When testing, code that causes React state updates should be wrapped into act(...):

act(() => {
  /* fire events that update state */
});
/* assert on the output */

This ensures that you're testing the behavior the user would see in the browser. Learn more at https://react.dev/link/wrap-tests-with-act
An update to form inside a test was not wrapped in act(...).

When testing, code that causes React state updates should be wrapped into act(...):

act(() => {
  /* fire events that update state */
});
/* assert on the output */

This ensures that you're testing the behavior the user would see in the browser. Learn more at https://react.dev/link/wrap-tests-with-act

 ✓ |ui| tests/unit/shared/data-table-pagination.test.tsx (8 tests) 1672ms
     ✓ el selector de tamano ofrece exactamente las opciones de PAGE_SIZE_OPTIONS  594ms
     ✓ cambiar el tamano de pagina emite page: 1 con el nuevo tamano  377ms
 ✓ |ui| tests/unit/pedidos-ui/cancel-order-dialog.test.tsx (8 tests) 3685ms
     ✓ el boton de confirmar esta deshabilitado y pulsarlo no llama a `cancelOrderAction`  645ms
     ✓ llama a `cancelOrderAction` con el `id` del pedido y el motivo escrito  497ms
     ✓ el dialogo sigue abierto, con su region de error y el codigo estable  509ms
     ✓ cierra el dialogo, avisa por toast y refresca la lista sin navegar  591ms
     ✓ el error inesperado ensena el identificador como texto, con su etiqueta  629ms
     ✓ un error del catalogo no ensena identificador ninguno  433ms
 ✓ |ui| tests/unit/shared/data-table-header-menu.test.tsx (10 tests) 2661ms
     ✓ activar la cabecera con teclado emite el orden ascendente cuando no habia orden previo  564ms
     ✓ el disparador cumple el objetivo tactil minimo y se abre por teclado  473ms
     ✓ ordenar ascendente y descendente emiten el orden esperado y solo aparecen si la columna es sortable  370ms
     ✓ fijar emite onTogglePin y una columna pinnable:false no ofrece la accion de fijar  393ms
     ✓ abrir el filtro emite onOpenFilter y una columna sin filter no ofrece la accion  343ms
 ✓ |ui| tests/unit/pedidos-ui/recipe-picker.test.tsx (6 tests) 3169ms
     ✓ escribir dispara la operacion de listado de recetas CON el termino de busqueda  1548ms
     ✓ NO recorta por texto la coleccion ya descargada: pinta lo que devuelve el servidor  788ms
     ✓ alcanza una receta que NO esta en la primera pagina y la envia en el campo del formulario  524ms
 ✓ |ui| tests/unit/inventario/shared-select.test.tsx (6 tests) 2199ms
     ✓ renderiza el select con las opciones  740ms
     ✓ llama onChange al seleccionar una opcion  578ms
     ✓ muestra el helper con tooltip  775ms
stderr | tests/unit/configuracion-ui/user-list-section.test.tsx > los tres estados son mutuamente excluyentes y se distinguen por data-testid (R41) > cargando: mientras la lista esta en vuelo, la pagina pinta el esqueleto (R19)
<UserListSection> is an async Client Component. Only Server Components can be async at the moment. This error is often caused by accidentally adding `'use client'` to a module that was originally written for the server.

stderr | tests/unit/configuracion-ui/user-list-section.test.tsx > los tres estados son mutuamente excluyentes y se distinguen por data-testid (R41) > cargando: mientras la lista esta en vuelo, la pagina pinta el esqueleto (R19)
A component suspended inside an `act` scope, but the `act` call was not awaited. When testing React components that depend on asynchronous data, you must await the result:

await act(() => ...)
A suspended resource finished loading inside a test, but the event was not wrapped in act(...).

When testing, code that resolves suspended data should be wrapped into act(...):

act(() => {
  /* finish loading suspended data */
});
/* assert on the output */

This ensures that you're testing the behavior the user would see in the browser. Learn more at https://react.dev/link/wrap-tests-with-act

stderr | tests/unit/asignaciones-ui/order-execution-screen.test.tsx > pantalla de ejecucion — sin factor de escala, con la cantidad de la linea ya calculada > muestra la cantidad del pedido y la cantidad de la linea CARACTER A CARACTER
Encountered two children with the same key, `0`. Keys should be unique so that components maintain their identity across updates. Non-unique keys may cause children to be duplicated and/or omitted — the behavior is unsupported and could change in a future version.

stderr | tests/unit/asignaciones-ui/order-execution-screen.test.tsx > pantalla de ejecucion — QC-147 R19: sin ningun factor de escala > no monta ningun banner ni factor de escala: `order-scale-banner` se borro
Encountered two children with the same key, `0`. Keys should be unique so that components maintain their identity across updates. Non-unique keys may cause children to be duplicated and/or omitted — the behavior is unsupported and could change in a future version.

stderr | tests/unit/asignaciones-ui/order-execution-screen.test.tsx > pantalla de ejecucion — QC-147 R26: la cantidad del pedido en su propia linea > pinta "Pedido 250" en un elemento propio con su testid, fuera de la lista de lineas
Encountered two children with the same key, `0`. Keys should be unique so that components maintain their identity across updates. Non-unique keys may cause children to be duplicated and/or omitted — the behavior is unsupported and could change in a future version.

stderr | tests/unit/asignaciones-ui/order-execution-screen.test.tsx > pantalla de ejecucion — QC-147 R26: la cantidad del pedido en su propia linea > pinta "Pedido 200" cuando la cantidad del pedido llega con ceros de relleno
Encountered two children with the same key, `0`. Keys should be unique so that components maintain their identity across updates. Non-unique keys may cause children to be duplicated and/or omitted — the behavior is unsupported and could change in a future version.

stderr | tests/unit/asignaciones-ui/order-execution-screen.test.tsx > pantalla de ejecucion — QC-147 R26: la cantidad del pedido en su propia linea > QC-132 R3: expone el valor exacto en el title cuando difiere del pintado
Encountered two children with the same key, `0`. Keys should be unique so that components maintain their identity across updates. Non-unique keys may cause children to be duplicated and/or omitted — the behavior is unsupported and could change in a future version.

stderr | tests/unit/asignaciones-ui/order-execution-screen.test.tsx > pantalla de ejecucion — QC-147 R26: la cantidad del pedido en su propia linea > QC-132 R4: sin title cuando el valor pintado coincide con el exacto
Encountered two children with the same key, `0`. Keys should be unique so that components maintain their identity across updates. Non-unique keys may cause children to be duplicated and/or omitted — the behavior is unsupported and could change in a future version.

stderr | tests/unit/asignaciones-ui/order-execution-screen.test.tsx > pantalla de ejecucion — R19: bloqueo sin escape con el motivo visible > no permite finalizar mientras queden items sin marcar, y no invoca la operacion
Encountered two children with the same key, `0`. Keys should be unique so that components maintain their identity across updates. Non-unique keys may cause children to be duplicated and/or omitted — the behavior is unsupported and could change in a future version.

stderr | tests/unit/asignaciones-ui/order-execution-screen.test.tsx > pantalla de ejecucion — R4: la espera minima de 5 segundos por paso > a los 4999 ms el avance sigue impedido y a los 5000 ms deja de estarlo
Encountered two children with the same key, `0`. Keys should be unique so that components maintain their identity across updates. Non-unique keys may cause children to be duplicated and/or omitted — the behavior is unsupported and could change in a future version.

stderr | tests/unit/asignaciones-ui/order-execution-screen.test.tsx > pantalla de ejecucion — R5: la cuenta del primer paso arranca sola > muestra la cuenta completa al montar sin ninguna accion del usuario y no ofrece ningun control "Comenzar"
Encountered two children with the same key, `0`. Keys should be unique so that components maintain their identity across updates. Non-unique keys may cause children to be duplicated and/or omitted — the behavior is unsupported and could change in a future version.

stderr | tests/unit/asignaciones-ui/order-execution-screen.test.tsx > pantalla de ejecucion — el error de la operacion se muestra sin bloquear la pantalla > si la operacion falla, muestra el error
Encountered two children with the same key, `0`. Keys should be unique so that components maintain their identity across updates. Non-unique keys may cause children to be duplicated and/or omitted — the behavior is unsupported and could change in a future version.
Encountered two children with the same key, `0`. Keys should be unique so that components maintain their identity across updates. Non-unique keys may cause children to be duplicated and/or omitted — the behavior is unsupported and could change in a future version.

 ✓ |ui| tests/unit/configuracion-ui/user-list-section.test.tsx (23 tests) 2253ms
     ✓ lista: con usuarios se pinta la tabla compartida y ninguno de los otros dos  385ms
     ✓ se pintan exactamente las filas que devolvio la consulta, ni una mas  494ms
stderr | tests/unit/asignaciones-ui/order-execution-screen.test.tsx > pantalla de ejecucion — R13: el ultimo paso tambien espera > pulsar Finalizar antes de los 5 s no invoca finishAssignedOrderAction
Encountered two children with the same key, `0`. Keys should be unique so that components maintain their identity across updates. Non-unique keys may cause children to be duplicated and/or omitted — the behavior is unsupported and could change in a future version.

stderr | tests/unit/asignaciones-ui/order-execution-screen.test.tsx > pantalla de ejecucion — R18: el envio no lleva la espera y remontar la reinicia > el FormData enviado tras cumplir la espera y finalizar solo lleva orderId; remontar reinicia la cuenta en el paso 1
Encountered two children with the same key, `0`. Keys should be unique so that components maintain their identity across updates. Non-unique keys may cause children to be duplicated and/or omitted — the behavior is unsupported and could change in a future version.

stderr | tests/unit/asignaciones-ui/order-execution-screen.test.tsx > pantalla de ejecucion — R18: el envio no lleva la espera y remontar la reinicia > el FormData enviado tras cumplir la espera y finalizar solo lleva orderId; remontar reinicia la cuenta en el paso 1
Encountered two children with the same key, `1`. Keys should be unique so that components maintain their identity across updates. Non-unique keys may cause children to be duplicated and/or omitted — the behavior is unsupported and could change in a future version.

stderr | tests/unit/asignaciones-ui/order-execution-screen.test.tsx > pantalla de ejecucion — R18: el envio no lleva la espera y remontar la reinicia > el FormData enviado tras cumplir la espera y finalizar solo lleva orderId; remontar reinicia la cuenta en el paso 1
Encountered two children with the same key, `0`. Keys should be unique so that components maintain their identity across updates. Non-unique keys may cause children to be duplicated and/or omitted — the behavior is unsupported and could change in a future version.

stderr | tests/unit/asignaciones-ui/order-execution-screen.test.tsx > pantalla de ejecucion — R25: muestra la presentación o Sin presentación > con presentationName pinta el nombre en su propia linea
Encountered two children with the same key, `0`. Keys should be unique so that components maintain their identity across updates. Non-unique keys may cause children to be duplicated and/or omitted — the behavior is unsupported and could change in a future version.

stderr | tests/unit/asignaciones-ui/order-execution-screen.test.tsx > pantalla de ejecucion — R25: muestra la presentación o Sin presentación > con presentationName null pinta «Sin presentación»
Encountered two children with the same key, `0`. Keys should be unique so that components maintain their identity across updates. Non-unique keys may cause children to be duplicated and/or omitted — the behavior is unsupported and could change in a future version.

stderr | tests/unit/asignaciones-ui/order-execution-screen.test.tsx > pantalla de ejecucion — R26: no hay ningún control de presentación > la linea de presentación no ofrece ningun boton, enlace ni campo de edicion
Encountered two children with the same key, `0`. Keys should be unique so that components maintain their identity across updates. Non-unique keys may cause children to be duplicated and/or omitted — the behavior is unsupported and could change in a future version.

stderr | tests/unit/asignaciones-ui/order-execution-screen.test.tsx > pantalla de ejecucion — R20: ningun control de edicion > no ofrece ningun campo de texto ni area de edicion
Encountered two children with the same key, `0`. Keys should be unique so that components maintain their identity across updates. Non-unique keys may cause children to be duplicated and/or omitted — the behavior is unsupported and could change in a future version.

stderr | tests/unit/asignaciones-ui/order-execution-screen.test.tsx > pantalla de ejecucion — R26: objetivos tactiles de 44x44 en todo control nuevo > todo boton y todo selector de la pantalla cumple el objetivo tactil minimo
Encountered two children with the same key, `0`. Keys should be unique so that components maintain their identity across updates. Non-unique keys may cause children to be duplicated and/or omitted — the behavior is unsupported and could change in a future version.

stderr | tests/unit/asignaciones-ui/order-execution-screen.test.tsx > pantalla de ejecucion — R26: objetivos tactiles de 44x44 en todo control nuevo > no usa `100vh` en su contenedor: usa `min-h-dvh`
Encountered two children with the same key, `0`. Keys should be unique so that components maintain their identity across updates. Non-unique keys may cause children to be duplicated and/or omitted — the behavior is unsupported and could change in a future version.

 ✓ |ui| tests/unit/asignaciones-ui/order-execution-screen.test.tsx (20 tests) 2275ms
     ✓ muestra la cantidad del pedido y la cantidad de la linea CARACTER A CARACTER  554ms
     ✓ si la operacion falla, muestra el error  318ms
 ✓ |ui| tests/unit/pedidos-ui/assign.test.tsx (11 tests) 2751ms
     ✓ dos personas y dos grupos viajan en la MISMA invocacion  952ms
     ✓ lo ya marcado SIGUE marcado y se puede reintentar sin volver a marcar  324ms
 ✓ |ui| tests/unit/configuracion-ui/user-create-action.test.tsx (5 tests) 1773ms
     ✓ abre el panel SIN sujeto: no precarga ninguna ficha ni navega (R22)  890ms
     ✓ cerrar desmonta el panel, de modo que la siguiente apertura arranca limpia  762ms
 ✓ |ui| tests/unit/configuracion-ui/end-user-sessions-dialog.test.tsx (12 tests) 2148ms
     ✓ R9 — el titulo y la descripcion nombran a la persona y advierten con los textos de user-labels  619ms
 ✓ |ui| tests/unit/configuracion-ui/grupos/work-group-sheet.test.tsx (9 tests) 1958ms
     ✓ lo que se monta es el primitivo del panel, anclado a un lado  603ms
     ✓ el alta cierra el panel, avisa por toast y reejecuta la lista con la MISMA URL  344ms
 ✓ |ui| tests/unit/credential-field.test.tsx (8 tests) 2072ms
     ✓ mientras falte alguna de las seis el control de envio esta deshabilitado  667ms
     ✓ avisa al montar y solo cuando cambia si las seis se cumplen  348ms
 ✓ |ui| tests/unit/inventario/product-batch-date-field.test.tsx (2 tests) 2252ms
     ✓ el campo de fecha de compra abre con la fecha de hoy seleccionada (R2)  1254ms
     ✓ el campo de fecha de compra no permite elegir un día futuro (R5)  991ms
 ✓ |ui| tests/unit/configuracion-ui/delete-unit-dialog.test.tsx (13 tests) 2281ms
     ✓ el mensaje de confirmacion contiene el nombre que el usuario ve en la lista  525ms
 ✓ |ui| tests/unit/configuracion-ui/grupos/usuarios-page.test.tsx (14 tests) 1779ms
     ✓ monta la seccion de personas, su tabla y el conmutador, y nada de grupos  395ms
     ✓ un `tab` desconocido tampoco rompe nada: se sirve personas (R2, R6)  450ms
stderr | tests/unit/recetas-ui/recipe-step-editor.test.tsx > RecipeStepEditor > R3 — pegar contenido ajeno > R3: pegar HTML con h1, enlace e imagen conserva el texto y no deja ningun nodo ni marca fuera de las cuatro
An update to Harness inside a test was not wrapped in act(...).

When testing, code that causes React state updates should be wrapped into act(...):

act(() => {
  /* fire events that update state */
});
/* assert on the output */

This ensures that you're testing the behavior the user would see in the browser. Learn more at https://react.dev/link/wrap-tests-with-act

stderr | tests/unit/recetas-ui/recipe-step-editor.test.tsx > RecipeStepEditor > R8 — ningun tope de caracteres > R8: un texto muy largo se acepta entero, sin recortarlo
An update to Harness inside a test was not wrapped in act(...).

When testing, code that causes React state updates should be wrapped into act(...):

act(() => {
  /* fire events that update state */
});
/* assert on the output */

This ensures that you're testing the behavior the user would see in the browser. Learn more at https://react.dev/link/wrap-tests-with-act

 ✓ |ui| tests/unit/recetas-ui/recipe-lines-sum.test.tsx (11 tests) 2156ms
     ✓ R10 — 90 + 7,5 da "Suma: 97,50 % — faltan 2,50 %" y se recalcula con cada pulsación  805ms
     ✓ escribir 101 en una sola línea recorta a 100 y la suma queda completa  357ms
     ✓ con 50 ya asignados, escribir 80 en la siguiente anota 50 y nunca pasa de 100  313ms
     ✓ el input solo acepta números: las letras no entran  311ms
 ✓ |ui| tests/ui/login-form-uncontrolled-warning.test.tsx (4 tests) 1894ms
     ✓ no avisa por cambiar el defaultValue en intentos rechazados sucesivos  1141ms
     ✓ un reintento con el mismo usuario no remonta y conserva el foco en el campo  358ms
 ✓ |ui| tests/unit/recetas-ui/recipe-step-editor.test.tsx (14 tests) 2260ms
       ✓ R2: la interfaz del editor no ofrece ningun control de encabezado, enlace, imagen, tabla, cita, lista numerada ni bloque de codigo  658ms
       ✓ R27: los tres botones de la barra son alcanzables por tabulador y se activan sin raton, y aria-pressed refleja el estado  573ms
 ✓ |ui| tests/unit/configuracion-ui/delete-presentation-dialog.test.tsx (10 tests) 1494ms
     ✓ el mensaje de confirmacion contiene el nombre que el usuario ve en la lista  423ms
 ✓ |ui| tests/unit/shared/data-table-contrato.test.tsx (8 tests) 1828ms
     ✓ renderiza con columnas declaradas como funciones y un manejador de cliente  545ms
     ✓ fijar una columna SI cambia lo pintado sin que cambien los params, y NO emite onParamsChange  629ms
 ✓ |ui| tests/unit/shared/presentation-select-helper.test.tsx (4 tests) 1562ms
     ✓ sin `helper` no pinta ningun disparador de ayuda  544ms
     ✓ al activar el disparador sale el contenido de la ayuda  839ms
 ✓ |ui| tests/unit/configuracion-ui/delete-user-dialog.test.tsx (8 tests) 1365ms
     ✓ el mensaje nombra al usuario  451ms
 ✓ |ui| tests/unit/inventario/batch-history.test.tsx (9 tests) 1547ms
     ✓ R38 — con asientos, muestra tipo, cantidad, motivo, pedido, autor y fecha en el orden en que llegan  711ms
 ✓ |ui| tests/unit/identity-ui/set-credential-form.test.tsx (17 tests) 1696ms
     ✓ tampoco los muestra despues de establecerla: el exito no dice de quien es la cuenta  438ms
 ✓ |ui| tests/unit/dashboard-page.test.tsx (6 tests) 1551ms
     ✓ la pantalla del dashboard se renderiza dentro del armazon privado  554ms
     ✓ no anade landmarks: el main sigue siendo unico y no aparece ninguna region nueva  396ms
 ✓ |ui| tests/unit/pedidos-ui/delete-order-dialog.test.tsx (8 tests) 1871ms
     ✓ el texto de confirmacion contiene el correlativo derivado del contrato  476ms
 ✓ |ui| tests/unit/pedidos-ui/read-only.test.tsx (33 tests) 1571ms
     ✓ lo que SI se ve es lo que R28 permite ver: iniciales, nombres y nombre de grupo  379ms
     ✓ desde la fila viva: se abre el panel y no hay por donde escribir, ni se invoca ninguna accion  964ms
 ✓ |ui| tests/unit/shared-ui/responsible-avatars.test.tsx (17 tests) 1441ms
     ✓ el nombre ACCESIBLE de cada circulo es el nombre COMPLETO  395ms
     ✓ al pulsarlo abre el panel: el dato no depende de `:hover` (R35, H5)  626ms
 ✓ |ui| tests/unit/credential-requirements.test.tsx (13 tests) 1078ms
     ✓ con la candidata vacia la lista es visible sin interaccion y muestra cinco incumplidas con max_length cumplida  336ms
 ✓ |ui| tests/unit/configuracion-ui/grupos/delete-work-group-dialog.test.tsx (7 tests) 1611ms
     ✓ abrir el dialogo NO invoca nada  596ms
 ✓ |ui| tests/unit/configuracion-ui/usuarios-page.test.tsx (16 tests) 1367ms
     ✓ no monta ningun landmark principal, ni barra lateral, ni cabecera de aplicacion  397ms
     ✓ con `usuarios.consultar` la pantalla se sirve y pinta su cabecera  356ms
 ✓ |ui| tests/unit/navegacion/private-layout-menu.test.tsx (10 tests) 1428ms
     ✓ con solo `inventario.consultar`, ningun otro item aparece en el arbol  418ms
 ✓ |ui| tests/unit/sidebar-ajuste.test.tsx (13 tests) 1060ms
     ✓ cada item de nivel superior dibuja el icono que trae el array, y ninguno se queda sin el  338ms
     ✓ la pastilla del borde apunta al panel y alterna su estado  419ms
stderr | tests/unit/configuracion-ui/unit-page.test.tsx > los tres estados son mutuamente excluyentes y se distinguen por data-testid (R49) > cargando: mientras la lista esta en vuelo se pinta el esqueleto, no la tabla (R25)
<UnitListSection> is an async Client Component. Only Server Components can be async at the moment. This error is often caused by accidentally adding `'use client'` to a module that was originally written for the server.

stderr | tests/unit/configuracion-ui/unit-page.test.tsx > los tres estados son mutuamente excluyentes y se distinguen por data-testid (R49) > cargando: mientras la lista esta en vuelo se pinta el esqueleto, no la tabla (R25)
A component suspended inside an `act` scope, but the `act` call was not awaited. When testing React components that depend on asynchronous data, you must await the result:

await act(() => ...)
A suspended resource finished loading inside a test, but the event was not wrapped in act(...).

When testing, code that resolves suspended data should be wrapped into act(...):

act(() => {
  /* finish loading suspended data */
});
/* assert on the output */

This ensures that you're testing the behavior the user would see in the browser. Learn more at https://react.dev/link/wrap-tests-with-act

 ✓ |ui| tests/unit/documentos-ui/document-upload-flow.test.tsx (5 tests) 989ms
     ✓ los bytes del PDF viajan al enlace firmado y no a ninguna Server Action (R5)  510ms
 ✓ |ui| tests/unit/recetas-ui/recipe-lines-unavailable.test.tsx (7 tests) 1586ms
     ✓ (a) sin líneas de baja, el aviso no existe y ninguna celda lleva marcador  397ms
     ✓ (c) al quitar una de las dos líneas de baja, data-count pasa a 1  493ms
 ✓ |ui| tests/unit/configuracion-ui/unit-page.test.tsx (20 tests) 1001ms
 ✓ |ui| tests/unit/configuracion-ui/grupos/work-group-create-action.test.tsx (5 tests) 1248ms
     ✓ abre el panel SIN sujeto y sin navegar a ninguna otra URL (R20)  652ms
     ✓ cerrar desmonta el panel, de modo que la siguiente apertura arranca limpia  467ms
 ✓ |ui| tests/unit/documentos-ui/supplier-detail-upload.test.tsx (2 tests) 1232ms
     ✓ la pantalla de detalle de proveedor monta el componente en modo catalogo (R17)  976ms
 ✓ |ui| tests/unit/theme/private-header.test.tsx (4 tests) 873ms
     ✓ muestra el control de tema junto al de la barra lateral  574ms
 ✓ |ui| tests/unit/theme/theme-provider.test.tsx (7 tests) 664ms
 ✓ |ui| tests/unit/configuracion-ui/user-row-actions.test.tsx (11 tests) 1021ms
     ✓ editar, cambiar estado y borrar, las tres presentes sin interaccion previa  360ms
 ✓ |ui| tests/unit/inventario/product-field.test.tsx (3 tests) 962ms
     ✓ R9, R10 — el alta pide la existencia del lote y la edicion no la muestra  812ms
 ✓ |ui| tests/unit/pedidos-ui/unassign.test.tsx (5 tests) 835ms
     ✓ una sola invocacion, con esa persona y ese pedido  428ms
 ✓ |ui| tests/unit/theme/theme-toggle.test.tsx (8 tests) 710ms
     ✓ alterna claro -> oscuro y oscuro -> claro con un solo gesto  415ms
 ✓ |ui| tests/unit/pedidos-ui/order-row-actions.test.tsx (12 tests) 1050ms
     ✓ editar, cancelar y borrar existen en el DOM sin ninguna interaccion previa  368ms
 ✓ |ui| tests/unit/logout-button.test.tsx (4 tests) 856ms
     ✓ el control vive dentro de un form real cuya accion es logoutAction  471ms
stderr | tests/unit/configuracion-ui/presentation-page.test.tsx > los tres estados son mutuamente excluyentes y se distinguen por data-testid (R35) > cargando: mientras la lista esta en vuelo se pinta el esqueleto, no la tabla (R16)
<PresentationListSection> is an async Client Component. Only Server Components can be async at the moment. This error is often caused by accidentally adding `'use client'` to a module that was originally written for the server.

stderr | tests/unit/configuracion-ui/presentation-page.test.tsx > los tres estados son mutuamente excluyentes y se distinguen por data-testid (R35) > cargando: mientras la lista esta en vuelo se pinta el esqueleto, no la tabla (R16)
A component suspended inside an `act` scope, but the `act` call was not awaited. When testing React components that depend on asynchronous data, you must await the result:

await act(() => ...)
A suspended resource finished loading inside a test, but the event was not wrapped in act(...).

When testing, code that resolves suspended data should be wrapped into act(...):

act(() => {
  /* finish loading suspended data */
});
/* assert on the output */

This ensures that you're testing the behavior the user would see in the browser. Learn more at https://react.dev/link/wrap-tests-with-act

 ✓ |ui| tests/unit/configuracion-ui/presentation-page.test.tsx (16 tests) 776ms
 ✓ |ui| tests/unit/private-layout.test.tsx (8 tests) 726ms
     ✓ renderiza el contenido de la pantalla dentro del armazon privado  374ms
 ✓ |ui| tests/unit/configuracion-ui/grupos/work-group-list-section.test.tsx (17 tests) 872ms
stderr | tests/unit/configuracion-ui/grupos/usuarios-tabs-switch.test.tsx > activar una pestana NAVEGA al destino derivado de la ruta (R3) > con el teclado navega igual: la flecha mueve el foco y activar empuja el destino
An update to TabsList inside a test was not wrapped in act(...).

When testing, code that causes React state updates should be wrapped into act(...):

act(() => {
  /* fire events that update state */
});
/* assert on the output */

This ensures that you're testing the behavior the user would see in the browser. Learn more at https://react.dev/link/wrap-tests-with-act

 ✓ |ui| tests/unit/configuracion-ui/grupos/usuarios-tabs-switch.test.tsx (9 tests) 898ms
     ✓ es un `tablist` con exactamente dos `tab`, uno por constante  502ms
 ✓ |ui| tests/unit/documentos-ui/document-upload-a11y-tactil.test.tsx (2 tests) 560ms
     ✓ la subida se puede activar sin hover y con objetivos tactiles de 44px (R21)  541ms
 ✓ |ui| tests/unit/documentos-ui/document-upload-selection.test.tsx (3 tests) 771ms
     ✓ la seleccion admite hasta el tope de archivos que publica el modulo (R1)  535ms
 ✓ |ui| tests/unit/login-skin.test.tsx (26 tests) 537ms
     ✓ expone un unico landmark main, que es el ambito del login  349ms
 ✓ |ui| tests/unit/documentos-ui/document-upload-strategy.test.tsx (1 test) 592ms
     ✓ el componente exige la estrategia de toda la tanda por prop (R3)  586ms
 ✓ |ui| tests/unit/asignaciones-ui/finished-orders-list-section.test.tsx (7 tests) 561ms
 ✓ |ui| tests/unit/asignaciones-ui/company-orders-list-section.test.tsx (8 tests) 825ms
     ✓ monta `CompanyOrdersTable` con las filas de la pagina, la accion recibe el filtro  354ms
 ✓ |ui| tests/unit/shared/data-table-states.test.tsx (11 tests) 613ms
     ✓ se identifica por role="alert" y su data-testid propio  423ms
stderr | tests/unit/pedidos-ui/a11y-tactil.test.tsx > ninguna informacion accesible SOLO por `:hover` (R35, H5) > el `+N` es alcanzable por teclado y ABRE el panel al activarse
An update to TooltipTrigger inside a test was not wrapped in act(...).

When testing, code that causes React state updates should be wrapped into act(...):

act(() => {
  /* fire events that update state */
});
/* assert on the output */

This ensures that you're testing the behavior the user would see in the browser. Learn more at https://react.dev/link/wrap-tests-with-act
An update to TooltipRoot inside a test was not wrapped in act(...).

When testing, code that causes React state updates should be wrapped into act(...):

act(() => {
  /* fire events that update state */
});
/* assert on the output */

This ensures that you're testing the behavior the user would see in the browser. Learn more at https://react.dev/link/wrap-tests-with-act

 ✓ |ui| tests/unit/pedidos-ui/a11y-tactil.test.tsx (5 tests) 871ms
     ✓ el `+N` es alcanzable por teclado y ABRE el panel al activarse  528ms
 ✓ |ui| tests/unit/pedidos-ui/remove-work-group.test.tsx (5 tests) 912ms
     ✓ se invoca la operacion de quitar grupo EXACTAMENTE una vez  544ms
 ✓ |ui| tests/unit/shared/countdown-timer.test.tsx (13 tests) 640ms
     ✓ expone role="timer" con el tiempo restante en el nombre accesible  364ms
 ✓ |ui| tests/unit/configuracion-ui/unit-columns.test.tsx (20 tests) 661ms
 ✓ |ui| tests/unit/asignaciones-ui/assigned-orders-states.test.tsx (7 tests) 563ms
     ✓ lo pintado coincide con lo declarado: tantas cabeceras como columnas  363ms
 ✓ |ui| tests/unit/configuracion-ui/presentation-columns.test.tsx (13 tests) 517ms
 ✓ |ui| tests/unit/unidades/consumidores-catalogo.test.tsx (5 tests | 1 skipped) 560ms
 ✓ |ui| tests/unit/asignaciones-ui/a11y-tactil.test.tsx (7 tests) 408ms
 ✓ |ui| tests/unit/configuracion-ui/grupos/work-group-list-error.test.tsx (6 tests) 474ms
 ✓ |ui| tests/unit/inventario/product-batches-panel.test.tsx (11 tests) 512ms
     ✓ pinta tres lotes con numero, cantidad con su unidad derivada (sin convertir) y fecha (R22)  366ms
 ✓ |ui| tests/unit/asignaciones-ui/finished-orders-columns.test.tsx (9 tests) 467ms
 ✓ |ui| tests/unit/asignaciones-ui/asignacion-page.test.tsx (9 tests) 525ms
     ✓ cada disparador de `AssignmentViewTabs` cumple el objetivo tactil minimo y es un enlace real  495ms
 ✓ |ui| tests/unit/pedidos-ui/order-responsibles.test.tsx (13 tests) 541ms
 ✓ |ui| tests/unit/theme/sidebar-panel.test.tsx (4 tests) 396ms
     ✓ usa 272px de ancho expandido y 78px en modo icono  381ms
 ✓ |ui| tests/unit/pedidos-ui/order-list-skeleton.test.tsx (4 tests) 525ms
     ✓ lo pintado coincide con lo declarado: tantas cabeceras como columnas  437ms
 ✓ |ui| tests/unit/asignaciones-ui/assigned-order-enter-trigger.test.tsx (6 tests) 464ms
     ✓ el aviso es VISIBLE en pantalla, no solo un `title` (R32)  308ms
 ✓ |ui| tests/unit/navegacion/private-not-found.test.tsx (4 tests) 124ms
 ✓ |ui| tests/unit/asignaciones-ui/assigned-orders-columns.test.tsx (11 tests) 455ms
     ✓ pinta un avatar con el nombre accesible completo por cada otherResponsible  300ms
stderr | tests/unit/configuracion-ui/grupos/work-group-list-skeleton.test.tsx > mientras la lista esta en vuelo, la pantalla pinta el esqueleto y NO la tabla (R19) > con `tab=grupos`, el `fallback` del <Suspense> es el esqueleto de GRUPOS
<WorkGroupListSection> is an async Client Component. Only Server Components can be async at the moment. This error is often caused by accidentally adding `'use client'` to a module that was originally written for the server.

stderr | tests/unit/configuracion-ui/grupos/work-group-list-skeleton.test.tsx > mientras la lista esta en vuelo, la pantalla pinta el esqueleto y NO la tabla (R19) > con `tab=grupos`, el `fallback` del <Suspense> es el esqueleto de GRUPOS
A component suspended inside an `act` scope, but the `act` call was not awaited. When testing React components that depend on asynchronous data, you must await the result:

await act(() => ...)

 ✓ |ui| tests/unit/configuracion-ui/grupos/work-group-list-skeleton.test.tsx (5 tests) 392ms
 ✓ |ui| tests/unit/nav-user.test.tsx (4 tests) 188ms
 ✓ |ui| tests/unit/identity/login-page-marca.test.tsx (3 tests) 236ms
 ✓ |ui| tests/unit/asignaciones-ui/assigned-orders-delivered-notice.test.tsx (2 tests) 432ms
     ✓ con el parametro presente, el aviso queda visible y nombra el pedido  415ms
 ✓ |ui| tests/unit/shared-ui/unexpected-error-notice.test.tsx (6 tests) 141ms
 ✓ |ui| tests/unit/asignaciones-ui/company-orders-columns.test.tsx (10 tests) 227ms
 ✓ |ui| tests/unit/documentos-ui/document-upload-rows.test.tsx (3 tests) 139ms
 ✓ |ui| tests/unit/configuracion-ui/user-list-empty.test.tsx (7 tests) 206ms
 ✓ |ui| tests/unit/shared/order-presentation-label.test.tsx (2 tests) 92ms
 ✓ |ui| tests/unit/asignaciones-ui/order-execution-page.test.tsx (4 tests) 142ms
 ✓ |ui| tests/unit/shared/use-pinned-columns.test.tsx (8 tests) 95ms
 ✓ |ui| tests/unit/pedidos-ui/order-columns.test.tsx (36 tests) 243ms
 ✓ |ui| tests/unit/pedidos-ui/order-ingredients-table.test.tsx (7 tests) 296ms
 ✓ |ui| tests/unit/theme/theme-init-script.test.tsx (5 tests) 77ms
 ✓ |ui| tests/unit/documentos-ui/use-batch-status.test.tsx (6 tests) 108ms
 ✓ |ui| tests/unit/configuracion-ui/grupos/work-group-list-empty.test.tsx (7 tests) 186ms
 ✓ |ui| tests/ui/smoke.test.ts (2 tests) 11ms
 ✓ |ui| tests/unit/pedidos-ui/order-cost-quote.test.tsx (15 tests) 208ms
 ✓ |ui| tests/unit/configuracion-ui/grupos/work-group-columns.test.tsx (16 tests) 111ms
 ✓ |ui| tests/unit/configuracion-ui/user-columns.test.tsx (21 tests) 101ms
 ✓ |ui| tests/unit/navegacion/pantallas-exigen-permiso.test.tsx (34 tests) 34ms
stdout | tests/integration/infra/ciclo-de-vida-de-la-base.int.test.ts
test-db: plantilla reutilizada: qct_tpl_51f079471849 (las migraciones no han cambiado)

stdout | tests/integration/infra/ciclo-de-vida-de-la-base.int.test.ts > R9 — la corrida siguiente recoge lo que dejo una corrida muerta
test-db: borrada qct_qc77_32c5ebd4_muezo9pn_lflr: la dejo la corrida del pid 999999 (creada 2026-09-24T03:45:26.108Z), que ya no esta viva.

 ✓ |integration| tests/integration/infra/ciclo-de-vida-de-la-base.int.test.ts (5 tests) 9513ms
     ✓ `dropRunDatabase` borra la base de verdad, y `pg_database` lo confirma  2704ms
     ✓ `destroyRunDatabase` se lleva tambien el rastro de `.qc-test-db/` (R7)  686ms
     ✓ `dropRunDatabaseSync` no devuelve una promesa y la base ya no existe al volver  811ms
 ✓ |integration| tests/integration/identity/login.int.test.ts (20 tests) 5429ms
     ✓ cinco fallos dejan la cuenta bloqueada en la base  536ms
     ✓ un login correcto reinicia contador, nivel y bloqueo en la base  333ms
     ✓ intentos fallidos en paralelo se cuentan todos  355ms
     ✓ cinco intentos fallidos en paralelo bloquean la cuenta  504ms
     ✓ fallos en paralelo sobre una cuenta bloqueada no la desbloquean  517ms
     ✓ intentos en paralelo durante el bloqueo no lo alargan  488ms
     ✓ el quinto fallo deja la fila en blocked, con plazo y sin autor  528ms
     ✓ una cuenta pending o inactive no entra contra la base ni con la contrasena correcta  346ms
 ✓ |integration| tests/integration/pedidos/order-reservation-concurrency.int.test.ts (3 tests) 5049ms
     ✓ con cinco lotes independientes de 2.000, cada carrera deja una reserva de 1.500 y la otra sin apartar  885ms
     ✓ ninguna combinacion de las operaciones de T9 y T10 dispara un 40P01 en cien vueltas  4101ms
 ✓ |integration| tests/integration/inventario/product-batch-lot.int.test.ts (19 tests) 2229ms
     ✓ R14, R15: 3 rondas de 8 altas con Promise.all resuelven todas, sin excepcion, sin reintentos y con lotes consecutivos  453ms
 ✓ |integration| tests/integration/identity/credential-setup.int.test.ts (15 tests) 1774ms
     ✓ R12, R20 — dos usos CONCURRENTES del mismo enlace: uno responde `ok`, el otro `invalid`, y el enlace queda consumido una sola vez  368ms
 ✓ |integration| tests/integration/identity/identity-seed.int.test.ts (15 tests) 1693ms
     ✓ la primera corrida sobre base vacia crea los tres roles y el administrador; la segunda no cambia nada  309ms
 ✓ |integration| tests/integration/pedidos/order-reservation.int.test.ts (16 tests) 1216ms
     ✓ un pedido nuevo aparta lo que necesita, en un solo asiento reserve, con reserved_at fijado  320ms
 ✓ |integration| tests/integration/identity/user-crud.int.test.ts (41 tests) 1296ms
 ✓ |integration| tests/integration/inventario/reservations-and-decimal-stock-migration.int.test.ts (3 tests) 1613ms
     ✓ R2: convertir a decimal(14,4) conserva exactamente el valor de un entero ya guardado  520ms
     ✓ R45: el DOWN sin ninguna parte decimal revierte los cuatro tipos a entero  642ms
     ✓ R45: el DOWN con una existencia con parte decimal se rechaza con SQLSTATE 23514, y no cambia nada  447ms
 ✓ |integration| tests/integration/inventario/reservation.int.test.ts (18 tests) 1085ms
 ✓ |integration| tests/integration/pedidos/order-sequence-race.int.test.ts (2 tests) 597ms
     ✓ 3 rondas de 8 altas a la vez resuelven todas, sin reintentos, y consecutivas  430ms
 ✓ |integration| tests/integration/pedidos/order-ingredients-cost.int.test.ts (13 tests) 877ms
 ✓ |integration| tests/integration/identity/work-group-membership.int.test.ts (13 tests) 995ms
 ✓ |integration| tests/integration/asignaciones/order-assignments-constraints.int.test.ts (30 tests) 905ms
 ✓ |integration| tests/integration/pedidos/order-expiry.int.test.ts (7 tests) 787ms
     ✓ un pedido PENDIENTE cuya reserva vencio se cancela y libera en la MISMA operacion  339ms
 ✓ |integration| tests/integration/inventario/product-stock.int.test.ts (11 tests) 824ms
 ✓ |integration| tests/integration/identity/identity-constraints.int.test.ts (47 tests) 675ms
 ✓ |integration| tests/integration/inventario/company-scope-queries.int.test.ts (36 tests) 545ms
 ✓ |integration| tests/integration/unidades/unidades-constraints.int.test.ts (30 tests) 468ms
 ✓ |integration| tests/integration/pedidos/pedidos-constraints.int.test.ts (30 tests) 719ms
 ✓ |integration| tests/integration/identity/work-group-crud.int.test.ts (18 tests) 598ms
 ✓ |integration| tests/integration/pedidos/order-cost-quote.int.test.ts (6 tests) 624ms
 ✓ |integration| tests/integration/proveedores/catalog-line.int.test.ts (14 tests) 574ms
 ✓ |integration| tests/integration/proveedores/company-scope.int.test.ts (29 tests) 561ms
 ✓ |integration| tests/integration/proveedores/company-scope-queries.int.test.ts (28 tests) 543ms
 ✓ |integration| tests/integration/recetas/company-scope-queries.int.test.ts (27 tests) 457ms
 ✓ |integration| tests/integration/identity/session-revocation.int.test.ts (12 tests) 481ms
 ✓ |integration| tests/integration/pedidos/company-scope-queries.int.test.ts (26 tests) 470ms
 ✓ |integration| tests/integration/inventario/presentation-unit-race.int.test.ts (2 tests) 475ms
 ✓ |integration| tests/integration/pedidos/company-scope.int.test.ts (12 tests) 467ms
 ✓ |integration| tests/integration/identity/last-administrator.int.test.ts (16 tests) 439ms
 ✓ |integration| tests/integration/pedidos/order-repository.int.test.ts (8 tests) 457ms
 ✓ |integration| tests/integration/proveedores/proveedores-constraints.int.test.ts (30 tests) 454ms
 ✓ |integration| tests/integration/pedidos/list-query-orders.int.test.ts (22 tests) 522ms
 ✓ |integration| tests/integration/identity/work-groups-constraints.int.test.ts (24 tests) 448ms
 ✓ |integration| tests/integration/inventario/product-batch-write.int.test.ts (11 tests) 470ms
 ✓ |integration| tests/integration/proveedores/supplier-crud.int.test.ts (11 tests) 516ms
 ✓ |integration| tests/integration/inventario/reserve-existing-orders-migration.int.test.ts (4 tests) 2465ms
     ✓ R43, R44, R49: aparta los pedidos vivos que alcanzan, respeta el orden, solo vivos y no aparta con receta vacia; paridad con planReservation  1243ms
     ✓ R57: el down.sql falla sin cambiar nada si un pedido apartado por la migracion registro otro movimiento  1070ms
 ✓ |integration| tests/integration/identity/session-stamp-writes.int.test.ts (17 tests) 401ms
 ✓ |integration| tests/integration/recetas/recetas-constraints.int.test.ts (24 tests) 365ms
 ✓ |integration| tests/integration/identity/assignment-directory.int.test.ts (14 tests) 355ms
 ✓ |integration| tests/integration/recetas/recipe-crud.int.test.ts (11 tests) 402ms
 ✓ |integration| tests/integration/pedidos/order-catalog-company-summary.int.test.ts (6 tests) 347ms
 ✓ |integration| tests/integration/pedidos/order-crud.int.test.ts (19 tests) 348ms
 ✓ |integration| tests/integration/identity/work-group-assignments.int.test.ts (5 tests) 322ms
 ✓ |integration| tests/integration/inventario/list-query-products.int.test.ts (17 tests) 353ms
 ✓ |integration| tests/integration/pedidos/order-unit-of-work.int.test.ts (2 tests) 328ms
 ✓ |integration| tests/integration/inventario/ledger-cuadre.int.test.ts (5 tests) 310ms
 ✓ |integration| tests/integration/pedidos/order-sequence.int.test.ts (5 tests) 267ms
 ✓ |integration| tests/integration/unidades/unit-repository.int.test.ts (5 tests) 301ms
 ✓ |integration| tests/integration/unidades/unit-write.int.test.ts (15 tests) 296ms
 ✓ |integration| tests/integration/inventario/inventario-constraints.int.test.ts (19 tests) 336ms
 ✓ |integration| tests/integration/recetas/list-query-recipes.int.test.ts (10 tests) 252ms
 ✓ |integration| tests/integration/pedidos/order-finished-at.int.test.ts (6 tests) 251ms
 ✓ |integration| tests/integration/recetas/company-scope.int.test.ts (15 tests) 320ms
 ✓ |integration| tests/integration/inventario/company-scope.int.test.ts (13 tests) 236ms
 ✓ |integration| tests/integration/pedidos/order-duplicate-number.int.test.ts (1 test) 271ms
 ✓ |integration| tests/integration/proveedores/list-query-catalog-lines.int.test.ts (17 tests) 378ms
 ✓ |integration| tests/integration/inventario/list-query-presentations.int.test.ts (7 tests) 269ms
 ✓ |integration| tests/integration/inventario/product-crud.int.test.ts (4 tests) 243ms
 ✓ |integration| tests/integration/asignaciones/assigned-orders.int.test.ts (7 tests) 241ms
 ✓ |integration| tests/integration/proveedores/list-query-suppliers.int.test.ts (9 tests) 223ms
 ✓ |integration| tests/integration/inventario/presentation-unit.int.test.ts (10 tests) 267ms
 ✓ |integration| tests/integration/identity/session-user.int.test.ts (10 tests) 225ms
 ✓ |integration| tests/integration/inventario/list-query-indexes.int.test.ts (19 tests) 225ms
 ✓ |integration| tests/integration/recetas/recipe-lines-percentage.int.test.ts (5 tests) 213ms
 ✓ |integration| tests/integration/documentos/document-batch-claim-concurrency.int.test.ts (2 tests) 192ms
 ✓ |integration| tests/integration/inventario/presentation-uniqueness.int.test.ts (5 tests) 208ms
 ✓ |integration| tests/integration/asignaciones/list-order-responsibles.int.test.ts (5 tests) 200ms
 ✓ |integration| tests/integration/asignaciones/reapply-work-group.int.test.ts (4 tests) 211ms
 ✓ |integration| tests/integration/asignaciones/company-scope.int.test.ts (6 tests) 203ms
 ✓ |integration| tests/integration/asignaciones/finished-orders.int.test.ts (5 tests) 191ms
 ✓ |integration| tests/integration/asignaciones/responsible-eligibility.int.test.ts (4 tests) 180ms
 ✓ |integration| tests/integration/asignaciones/order-assignment-prisma.int.test.ts (8 tests) 185ms
 ✓ |integration| tests/integration/unidades/list-query-units.int.test.ts (11 tests) 194ms
 ✓ |integration| tests/integration/asignaciones/unassign.int.test.ts (3 tests) 172ms
 ✓ |integration| tests/integration/asignaciones/active-members-only.int.test.ts (4 tests) 176ms
 ✓ |integration| tests/integration/inventario/inventory-movements-constraints.int.test.ts (8 tests) 188ms
 ✓ |integration| tests/integration/asignaciones/batch-company-scope.int.test.ts (5 tests) 186ms
 ✓ |integration| tests/integration/asignaciones/remove-work-group.int.test.ts (3 tests) 188ms
 ✓ |integration| tests/integration/recetas/recipe-lines.int.test.ts (5 tests) 173ms
 ✓ |integration| tests/integration/asignaciones/frozen-name.int.test.ts (3 tests) 164ms
 ✓ |integration| tests/integration/asignaciones/batch-states.int.test.ts (2 tests) 154ms
 ✓ |integration| tests/integration/asignaciones/company-orders.int.test.ts (4 tests) 146ms
 ✓ |integration| tests/integration/inventario/product-unit.int.test.ts (6 tests) 143ms
 ✓ |integration| tests/integration/asignaciones/atomicity.int.test.ts (2 tests) 139ms
 ✓ |integration| tests/integration/identity/packer-role-migration.int.test.ts (4 tests) 155ms
 ✓ |integration| tests/integration/documentos/document-batches-and-files-constraints.int.test.ts (4 tests) 105ms
 ✓ |integration| tests/integration/identity/role-catalog.int.test.ts (7 tests) 68ms

 Test Files  669 passed (669)
      Tests  9365 passed | 114 skipped (9479)
   Start at  22:40:30
   Duration  406.80s (transform 83.29s, setup 139.48s, import 1202.44s, tests 876.41s, environment 571.68s)

JSON report written to C:/Users/Cristian/Documents/trabajo/arc/labs/.worktrees/QC-141-reserva-de-material-del-pedido/.vitest-rojos.json
test-db: borrada la base de la corrida: qct_qc141_7d03c71c_muezhy9n_m94.
[0;32m✓ los tres proyectos corrieron (ui, node, integration)[0m
[0;32m✓ tests: sin rojos nuevos (669 archivos ejecutados, baseline vacio)[0m
[0;32m✓ todas las migraciones tienen down.sql[0m
[0;32m✓ .env presente[0m
[0;32m== init OK ==[0m
Siguiente: abre AGENTS.md y sigue el flujo desde ahi.
exit=0
