== Arnes SDD :: init (modo: completo) ==
[0;32m✓ node v22.13.1[0m
[0;32m✓ dependencias presentes[0m
[0;32m✓ cliente de Prisma al dia[0m
[0;32m✓ tipos de ruta de Next al dia[0m
[0;32m✓ las 116 fichas vienen del proyecto QC[0m
[0;32m✓ regla max-2-por-zona respetada (in_progress=2)[0m
[0;32m✓ specs presentes para features sdd en vuelo[0m
[0;32m✓ ninguna ficha sembrada esperando al board[0m
[0;32m✓ cada spec sembrado tiene su ficha, con el mismo slug[0m
[1;33m! 10 worktree(s) ademas del principal, 0 con el directorio ya borrado.[0m
[1;33m! Revisa cuales se pueden desmontar: ./scripts/wt.sh list[0m
[0;32m✓ .env cargado en el entorno del gate[0m
-> pnpm run db:test status
[1;33m! la base de desarrollo «QuimiCloude» va 1 migracion(es) atras; la mas antigua que falta es 20260918130000_document_batches_and_files. Ponla al dia con: pnpm run db:migrate[0m
[1;33m! Los tests de integracion NO se ven afectados (corren sobre base propia), pero la app a mano si.[0m
-> pnpm run typecheck

> quimicloude@0.1.0 typecheck C:\Users\Cristian\Documents\trabajo\arc\labs\.worktrees\QC-111-procesamiento-de-pdf-en-cola
> tsc --noEmit

[0;32m✓ typecheck paso[0m
-> pnpm run lint

> quimicloude@0.1.0 lint C:\Users\Cristian\Documents\trabajo\arc\labs\.worktrees\QC-111-procesamiento-de-pdf-en-cola
> eslint

[0;32m✓ lint paso[0m
-> pnpm run test:json

> quimicloude@0.1.0 test:json C:\Users\Cristian\Documents\trabajo\arc\labs\.worktrees\QC-111-procesamiento-de-pdf-en-cola
> vitest run --reporter=default --reporter=json --outputFile.json=.vitest-rojos.json


 RUN  v4.1.10 C:/Users/Cristian/Documents/trabajo/arc/labs/.worktrees/QC-111-procesamiento-de-pdf-en-cola

test-db: plantilla reutilizada: qct_tpl_b6f834eb0913 (las migraciones no han cambiado)
test-db: la corrida de integracion va contra qct_qc111_71152143_mu8ee2z3_as4 (copia de qct_tpl_b6f834eb0913).
 ✓ |node| tests/unit/identity/qc23-alcance.test.ts (11 tests | 3 skipped) 10458ms
     ✓ `git merge-base origin/dev HEAD` resuelve; si no, este test falla ruidosamente en vez de saltarse  3049ms
 ✓ |node| tests/unit/identity/account-status-scope.test.ts (12 tests | 3 skipped) 11220ms
     ✓ `git merge-base origin/dev HEAD` resuelve; si no, este archivo falla ruidosamente  2883ms
     ✓ los archivos de produccion que nombran el estado son EXACTAMENTE los de la lista cerrada  1335ms
 ✓ |node| tests/unit/identity/qc78-alcance.test.ts (16 tests | 4 skipped) 11917ms
     ✓ `git merge-base origin/dev HEAD` resuelve; si no, esta guardia falla ruidosamente en vez de saltarse  2517ms
 ✓ |node| tests/unit/identity/roles/scope.test.ts (17 tests | 4 skipped) 11986ms
     ✓ `git merge-base origin/dev HEAD` resuelve; si no, estos casos fallan ruidosamente  2707ms
 ✓ |node| tests/unit/identity/grupos/scope.test.ts (18 tests | 5 skipped) 14018ms
     ✓ `git merge-base origin/dev HEAD` resuelve; si no, estos casos fallan ruidosamente  2885ms
 ✓ |node| tests/unit/identity/usuarios/scope.test.ts (24 tests | 5 skipped) 14147ms
     ✓ `git merge-base origin/dev HEAD` resuelve; si no, estos casos fallan ruidosamente  2572ms
 ✓ |node| tests/unit/identity/qc101-alcance.test.ts (19 tests | 7 skipped) 17855ms
     ✓ `git merge-base origin/dev HEAD` resuelve; si no, este test falla ruidosamente en vez de saltarse  2105ms
 ✓ |node| tests/unit/configuracion-ui/grupos/alcance.test.ts (33 tests | 16 skipped) 16035ms
     ✓ ningun archivo de la pantalla declara un filtro de columna  544ms
     ✓ ningun archivo de la pantalla llama a una ruta propia con `fetch`  505ms
 ✓ |node| tests/unit/identity/password/password-hash.test.ts (8 tests) 7199ms
     ✓ el valor guardado no contiene la contrasena en claro  433ms
     ✓ dos transformaciones de la misma contrasena dan valores distintos, y las dos verifican correctamente  1472ms
     ✓ verifica la contrasena correcta  2024ms
     ✓ rechaza la contrasena incorrecta  1957ms
     ✓ el valor guardado declara 10 rondas  338ms
     ✓ rechaza una contrasena de mas de 72 bytes UTF-8  680ms
 ✓ |node| tests/unit/shared/data-table-alcance.test.ts (16 tests | 2 skipped) 4686ms
     ✓ solo las ocho pantallas autorizadas importan components/shared/data-table  836ms
     ✓ ningun consumidor fuera de la feature importa una ruta profunda en vez del barrel  1474ms
 ✓ |node| tests/unit/configuracion-ui/usuarios-convenciones.test.ts (23 tests | 4 skipped) 4251ms
     ✓ nadie en el repo importa los componentes de la ruta por ruta profunda  1646ms
 ✓ |node| tests/unit/configuracion-ui/configuracion-convenciones.test.ts (22 tests | 3 skipped) 8242ms
     ✓ nadie en el repo importa los componentes de la ruta por ruta profunda  1830ms
     ✓ `git diff --name-only dev...HEAD` resuelve; si no, esta guardia falla ruidosamente  1244ms
 ✓ |node| tests/unit/documentos/module-contract.test.ts (19 tests) 10031ms
       ✓ R28 — el cierre de imports del barril no trae 'use server', Prisma, next/*, Supabase ni la libreria de conversion  549ms
       ✓ R27, R33 — el barril expone el actor, los dos errores, los limites, la ruta y el esquema  5729ms
       ✓ R28 — el cierre real no arrastra 'use server', Prisma, next/*, el SDK del almacenamiento, la libreria de conversion ni ningun adaptador  921ms
       ✓ R28 — la Server Action y los adaptadores driven existen en el arbol y NO son alcanzables desde el contrato  492ms
       ✓ R28 — y muerde tambien con un 'use server' en el propio barril, o con `unpdf` un salto mas alla  794ms
     ✓ R21 — el cierre real del barril no arrastra @google/genai ni ningun otro paquete de plataforma  823ms
     ✓ R21 — la regla MUERDE con @google/genai un salto mas alla, igual que ya muerde con unpdf  550ms
 ✓ |node| tests/unit/recetas-ui/recipe-route-contract.test.ts (26 tests) 3916ms
     ✓ ningun archivo de produccion incrusta el literal de la ruta y private-nav reexporta, no redeclara  724ms
     ✓ la feature no toca lib/modules/recetas ni db/  580ms
     ✓ la feature no duplica el armazon heredado: layout, sidebar, avisos y primitivas siguen siendo unicos  330ms
     ✓ el asistente solo se importa desde recipe-form.tsx  1341ms
 ✓ |node| tests/guards/guard-arquitectura-modulos.test.ts (62 tests) 5820ms
       ✓ ningun archivo real de domain/ports importa algo prohibido  1075ms
       ✓ los contratos reales (identity, inventario) no arrastran servidor  4299ms
 ✓ |node| tests/guards/guard-qc95-alcance-del-pr-70.test.ts (22 tests) 4094ms
     ✓ ancla (1): el merge f777c56 tiene exactamente los padres 0ed8431 (dev) y f728d15 (la feature)  1799ms
     ✓ R8: cada archivo vigilado por R8 existe en el arbol del merge f777c56 (una ruta mal escrita tira la guardia en vez de medir aire)  2212ms
 ✓ |node| tests/unit/test-database/nombres-y-huella.test.ts (18 tests) 26939ms
     ✓ son 12 hex y no cambia si no cambia nada del arbol  5724ms
     ✓ cambia cuando se anade una migracion  4260ms
     ✓ cambia cuando se borra una migracion  4945ms
     ✓ cambia cuando cambia el contenido de una migracion  4617ms
     ✓ cambia cuando cambia el sembrado  4411ms
 ✓ |node| tests/guards/guard-editor-aislado.test.ts (7 tests) 3698ms
     ✓ solo los dos archivos que enumera design.md > 7 mencionan @tiptap  1163ms
     ✓ @tiptap/starter-kit no aparece ni en package.json ni en el fuente  1415ms
     ✓ TaskList y TaskItem se importan de ./task-list y ./task-item, nunca del kit ni de la raiz  1085ms
 ✓ |node| tests/unit/configuracion-ui/data-table-intacta.test.ts (6 tests | 2 skipped) 3980ms
     ✓ `git diff --name-only dev...HEAD` resuelve; si no, este archivo falla ruidosamente  1539ms
 ✓ |node| tests/unit/documentos/pdf-converter.test.ts (10 tests) 2828ms
       ✓ R24 — unpdf lo importa un UNICO archivo, el adaptador  1278ms
       ✓ R24 — @napi-rs/canvas lo importa un UNICO archivo, el adaptador  1351ms
 ✓ |node| tests/unit/asignaciones/module-contract.test.ts (24 tests) 3361ms
       ✓ el cierre de imports del barril real no arrastra next/*, @prisma/client ni use server (R31)  1711ms
       ✓ mutacion (c): un @prisma/client en el dominio real alcanzable desde el barril pone la regla en rojo (R31)  933ms
 ✓ |node| tests/guards/guard-teclear-y-plazo.test.ts (6 tests) 4744ms
     ✓ ningun test abre su propia sesion de user-event fuera de la definicion compartida  823ms
     ✓ ningun test teclea con la API directa de user-event, ni importa el paquete como valor  896ms
     ✓ tests/setup.ts llama a configure() con asyncUtilTimeout >= 5000  2960ms
 ✓ |node| tests/unit/configuracion-ui/unidades-convenciones.test.ts (28 tests | 2 skipped) 2252ms
     ✓ nadie en el repo importa los componentes de la ruta por ruta profunda  1204ms
 ✓ |node| tests/unit/unidades/modulo-intacto.test.ts (6 tests | 2 skipped) 1477ms
     ✓ esta rama no toca la declaracion de `UnitRef`: la ampliacion vive en `UnitView` (R3)  477ms
 ❯ |node| tests/unit/pedidos/module-contract.test.ts (9 tests | 1 failed) 2009ms
     ✓ el modulo pedidos tiene index.ts, solo carpetas domain/ports/adapters y ningun 'use server' alcanzable desde el barrel 169ms
     × ningun archivo del repo consulta prisma.order, y el barrido señala una entrada sintetica que si lo hace 159ms
     ✓ el criterio de «consulta el modelo» distingue codigo de comentario, y cae ante una consulta real 12ms
     ✓ pedidos no nombra prisma.recipe, prisma.unit ni prisma.user 83ms
     ✓ pedidos importa recetas solo por el barrel, y ese barrel publica lo que usa 33ms
     ✓ los valores del dominio coinciden, en orden, con los enum del esquema, y los dos defectos con los @default 15ms
     ✓ la regla de transiciones vive en UN SOLO archivo del modulo, y la base no la impone 184ms
     ✓ el barrel de pedidos exporta formatOrderNumber y no hay ninguna otra composicion del numero visible  686ms
     ✓ las Server Actions viven en UN SOLO archivo driving, y no hay ninguna ruta HTTP ni pantalla  655ms
 ✓ |node| tests/guards/guard-permisos-no-administrables.test.ts (12 tests) 1465ms
     ✓ ningun archivo de produccion escribe sobre permissions ni role_permissions, salvo el adaptador del seed  581ms
     ✓ la exencion sigue siendo necesaria: el adaptador del seed es el unico que escribe, y escribe  640ms
 ✓ |node| tests/unit/identity/route-guard-middleware.test.ts (28 tests) 888ms
 ✓ |node| tests/guards/guard-validador-ve-worktrees-hermanos.test.ts (2 tests) 2736ms
     ✓ pasa cuando el spec de la feature en vuelo vive en OTRO worktree  982ms
     ✓ falla cuando ese spec no existe en ningun worktree  1746ms
 ✓ |node| tests/unit/identity/verify-credentials.test.ts (57 tests) 2119ms
     ✓ no se registra la contrasena ni el hash en ninguno de los caminos  1892ms
 ✓ |node| tests/unit/recetas/module-contract.test.ts (5 tests) 1285ms
     ✓ el barrel de recetas exporta normalizeRecipeName  466ms
     ✓ la feature no anade ningun route handler bajo app/, y lib/modules/recetas no cambio de forma (la pantalla es QC-26)  652ms
 ✓ |node| tests/unit/documentos/qc111-alcance.test.ts (35 tests) 1517ms
     ✓ R27: el diff de la rama no trae ningun .spec.ts nuevo bajo e2e/  605ms
 ✓ |node| tests/unit/composition/identity-facade.test.ts (15 tests) 38713ms
 ✓ |node| tests/unit/unidades/unidades-convenciones.test.ts (21 tests | 4 skipped) 3201ms
 ✓ |node| tests/unit/proveedores/module-contract.test.ts (9 tests) 1541ms
     ✓ el barrel de proveedores exporta normalizeSupplierName  468ms
     ✓ el cableado puerto-implementacion de proveedores vive SOLO en lib/composition y una sola vez  521ms
 ✓ |node| tests/unit/identity/session-token.test.ts (48 tests) 807ms
 ✓ |node| tests/unit/identity/credencial/scope.test.ts (110 tests) 1277ms
     ✓ los UNICOS que llaman a `issueForPendingUser` son el alta y el reenvio  603ms
 ✓ |node| tests/guards/guard-politica-de-contrasenas.test.ts (12 tests) 1435ms
     ✓ todo archivo que produce un hash referencia tambien la politica  1274ms
 ✓ |node| tests/unit/identity/session-once-per-request-actions.test.ts (40 tests) 40575ms
       ✓ lee la ficha de sesion EXACTAMENTE una vez por invocacion (R3)  549ms
 ✓ |node| tests/unit/documentos/storage-config.test.ts (12 tests) 538ms
       ✓ R26 — exactamente DOS archivos de produccion importan la libreria, y este modulo aporta el segundo  374ms
 ✓ |node| tests/unit/proveedores-ui/guard-convenciones-proveedores.test.ts (7 tests | 3 skipped) 1252ms
     ✓ nadie fuera de las dos rutas importa sus componentes por ruta profunda  1186ms
 ✓ |node| tests/unit/inventario/product-route-contract.test.ts (23 tests) 1386ms
     ✓ la ubicacion de la ruta se deriva de INVENTORY_ROUTE y ningun archivo incrusta el literal  474ms
     ✓ la feature no duplica el armazon heredado: solo edita los cuatro archivos autorizados  304ms
 ✓ |node| tests/unit/pedidos-ui/pedidos-convenciones.test.ts (23 tests | 3 skipped) 1361ms
     ✓ nadie en el repo importa los componentes de la ruta por ruta profunda  1040ms
 ✓ |node| tests/unit/configuracion-ui/data-table-intacta-usuarios.test.ts (5 tests | 2 skipped) 549ms
 ✓ |node| tests/unit/unidades/module-contract.test.ts (8 tests) 1314ms
     ✓ a lo sumo los adaptadores driven de unidades consultan la tabla de unidades, y el barrido lo demuestra sobre una consulta real  312ms
     ✓ el barrel de unidades exporta normalizeUnitName  317ms
     ✓ la feature anade las Server Actions de escritura ademas del listado, cada operacion en su sitio y en ninguno mas  383ms
 ✓ |node| tests/guards/guard-libro-de-inventario.test.ts (13 tests) 505ms
     ✓ el censo de caminos de escritura es exactamente { createWithFirstBatch, addBatchToAlive, adjustBatchStock }  401ms
 ✓ |node| tests/unit/identity/password/password-verify-fail-closed.test.ts (12 tests) 1237ms
     ✓ la base de las variantes corruptas es un hash bcrypt valido  440ms
     ✓ un hash valido con su contrasena correcta sigue devolviendo true  773ms
 ✓ |node| tests/guards/guard-middleware-edge.test.ts (8 tests) 791ms
     ✓ el cierre de imports desde middleware.ts no trae nada prohibido  404ms
     ✓ el cierre recorre de verdad la cadena y no se queda en el primer archivo  357ms
 ✓ |node| tests/unit/inventario/authorization.test.ts (20 tests) 963ms
     ✓ un actor ausente, sin conjunto de permisos o con el conjunto vacio es rechazado en los doce  402ms
 ✓ |node| tests/unit/credential-help-contract.test.ts (16 tests) 2008ms
     ✓ ninguna columna ni campo guarda la contrasena en claro  1934ms
 ✓ |node| tests/unit/identity/session-cookie.test.ts (19 tests) 420ms
 ✓ |node| tests/unit/inventario/movement-reason.test.ts (4 tests) 499ms
     ✓ R9 — ninguna fuente bajo app/ ni lib/ enumera los motivos a mano: todo consumidor deriva de la constante  465ms
 ✓ |node| tests/unit/identity/usuarios/credential-factory.test.ts (9 tests) 729ms
     ✓ devuelve un hash bcrypt del hasher cableado y NO la candidata  440ms
 ✓ |node| tests/unit/inventario/schema/inventario-schema.test.ts (28 tests) 749ms
     ✓ la feature no anade ninguna ruta HTTP de productos ni presentaciones bajo app/api  524ms
 ✓ |node| tests/unit/proveedores/authorization.test.ts (10 tests) 598ms
 ✓ |node| tests/unit/documentos/ai-reader-adapter.test.ts (11 tests) 881ms
       ✓ R22 — un unico archivo de produccion importa @google/genai, y es el adaptador  600ms
 ✓ |node| tests/guards/guard-firma-sesion-unica.test.ts (7 tests) 830ms
     ✓ el algoritmo de firma solo aparece en el codec que emite y verifica la cookie  637ms
 ✓ |node| tests/unit/configuracion-ui/data-table-intacta-unidades.test.ts (5 tests | 2 skipped) 442ms
 ✓ |node| tests/unit/identity/grupos/authorization.test.ts (10 tests) 569ms
 ✓ |node| tests/guards/guard-password-never-plaintext.test.ts (8 tests) 732ms
     ✓ ninguna columna ni campo guarda la contrasena en claro  695ms
 ✓ |node| tests/guards/guard-rol-administrador-unico.test.ts (5 tests) 777ms
     ✓ el literal del rol solo aparece en identity/domain/roles.ts, salvo la excepcion nombrada del seed  580ms
 ✓ |node| tests/unit/identity/credential-policy-contract.test.ts (7 tests) 550ms
     ✓ el contrato del modulo exporta la politica y el catalogo  318ms
 ✓ |node| tests/unit/identity/usuarios/authorization.test.ts (10 tests) 509ms
 ✓ |node| tests/unit/configuracion-ui/presentations-route-contract.test.ts (10 tests) 542ms
     ✓ ningun otro archivo de lib/, app/ ni components/ incrusta la URL como literal (R2)  475ms
 ✓ |node| tests/unit/configuracion-ui/usuarios-route-contract.test.ts (8 tests) 550ms
     ✓ ningun otro archivo de lib/, app/ ni components/ incrusta la URL como literal  492ms
 ✓ |node| tests/unit/inventario/schema/inventory-movements-migration.test.ts (9 tests) 400ms
stderr | tests/unit/inventario/product-actions.test.ts > QC-81 — la fecha de compra viaja del FormData al caso de uso > entrega batch_duplicate_lot al llamante con el texto del catalogo, como los demas codigos (R13)
{
  code: 'batch_duplicate_lot',
  diagnostic: 'company-a: lote L-2026-001'
}

 ✓ |node| tests/unit/documentos/qc109-alcance.test.ts (20 tests | 2 skipped) 605ms
 ✓ |node| tests/unit/inventario/product-actions.test.ts (34 tests) 385ms
 ✓ |node| tests/unit/identity/route-guard-request-id.test.ts (9 tests) 211ms
 ✓ |node| tests/unit/configuracion-ui/units-route-contract.test.ts (11 tests) 605ms
     ✓ ningun otro archivo de lib/, app/ ni components/ incrusta la URL como literal  542ms
 ✓ |node| tests/guards/guard-contrato-listados.test.ts (20 tests) 410ms
 ✓ |node| tests/unit/identity/usuarios/user-actions.test.ts (89 tests) 594ms
 ✓ |node| tests/unit/proveedores/supplier-route-contract.test.ts (14 tests) 573ms
     ✓ ningun archivo de producto incrusta el literal de la ruta (R2, R3)  469ms
 ✓ |node| tests/unit/pedidos/scope.test.ts (10 tests) 338ms
 ✓ |node| tests/guards/guard-identificador-de-request.test.ts (23 tests) 429ms
 ✓ |node| tests/guards/guard-sesiones-cortadas.test.ts (17 tests) 522ms
 ✓ |node| tests/unit/proveedores/company-isolation-service.test.ts (52 tests) 260ms
 ✓ |node| tests/unit/documentos/limits-and-path.test.ts (13 tests) 423ms
stderr | tests/unit/unidades/unit-actions.test.ts > listUnitsAction > la action traduce el error de dominio a estado serializable sin relanzar, con el mensaje del catalogo
{ code: 'unauthorized', diagnostic: 'sin permiso' }

stderr | tests/unit/pedidos/order-actions.test.ts > Server Actions de pedidos — actor, forma de entrada y errores > traduce cada error de dominio a status error con el code estable de la clase, nunca con el texto
{ code: 'recipe_not_found', diagnostic: 'receta 42 dada de baja' }

stderr | tests/unit/pedidos/order-actions.test.ts > Server Actions de pedidos — actor, forma de entrada y errores > lo que no es un error de dominio se devuelve como unexpected, sin una brizna del detalle
[error] requestId=7c9e6679-7425-40de-944b-e07fc1f90ae7 origen=borde code=unexpected error=Error: la conexion con la base se cayo
Error: la conexion con la base se cayo
    at C:/Users/Cristian/Documents/trabajo/arc/labs/.worktrees/QC-111-procesamiento-de-pdf-en-cola/tests/unit/pedidos/order-actions.test.ts:472:19
    at file:///C:/Users/Cristian/Documents/trabajo/arc/labs/.worktrees/QC-111-procesamiento-de-pdf-en-cola/node_modules/.pnpm/@vitest+runner@4.1.10/node_modules/@vitest/runner/dist/chunk-artifact.js:302:11
    at file:///C:/Users/Cristian/Documents/trabajo/arc/labs/.worktrees/QC-111-procesamiento-de-pdf-en-cola/node_modules/.pnpm/@vitest+runner@4.1.10/node_modules/@vitest/runner/dist/chunk-artifact.js:1903:26
    at file:///C:/Users/Cristian/Documents/trabajo/arc/labs/.worktrees/QC-111-procesamiento-de-pdf-en-cola/node_modules/.pnpm/@vitest+runner@4.1.10/node_modules/@vitest/runner/dist/chunk-artifact.js:2326:20
    at new Promise (<anonymous>)
    at runWithCancel (file:///C:/Users/Cristian/Documents/trabajo/arc/labs/.worktrees/QC-111-procesamiento-de-pdf-en-cola/node_modules/.pnpm/@vitest+runner@4.1.10/node_modules/@vitest/runner/dist/chunk-artifact.js:2323:10)
    at file:///C:/Users/Cristian/Documents/trabajo/arc/labs/.worktrees/QC-111-procesamiento-de-pdf-en-cola/node_modules/.pnpm/@vitest+runner@4.1.10/node_modules/@vitest/runner/dist/chunk-artifact.js:2305:20
    at new Promise (<anonymous>)
    at runWithTimeout (file:///C:/Users/Cristian/Documents/trabajo/arc/labs/.worktrees/QC-111-procesamiento-de-pdf-en-cola/node_modules/.pnpm/@vitest+runner@4.1.10/node_modules/@vitest/runner/dist/chunk-artifact.js:2272:10)
    at file:///C:/Users/Cristian/Documents/trabajo/arc/labs/.worktrees/QC-111-procesamiento-de-pdf-en-cola/node_modules/.pnpm/@vitest+runner@4.1.10/node_modules/@vitest/runner/dist/chunk-artifact.js:2955:64

stderr | tests/unit/pedidos/order-actions.test.ts > Server Actions de pedidos — actor, forma de entrada y errores > lo que no es un error de dominio se devuelve como unexpected, sin una brizna del detalle
[error] requestId=7c9e6679-7425-40de-944b-e07fc1f90ae7 origen=borde code=unexpected error=Error: la conexion con la base se cayo
Error: la conexion con la base se cayo
    at C:/Users/Cristian/Documents/trabajo/arc/labs/.worktrees/QC-111-procesamiento-de-pdf-en-cola/tests/unit/pedidos/order-actions.test.ts:472:19
    at file:///C:/Users/Cristian/Documents/trabajo/arc/labs/.worktrees/QC-111-procesamiento-de-pdf-en-cola/node_modules/.pnpm/@vitest+runner@4.1.10/node_modules/@vitest/runner/dist/chunk-artifact.js:302:11
    at file:///C:/Users/Cristian/Documents/trabajo/arc/labs/.worktrees/QC-111-procesamiento-de-pdf-en-cola/node_modules/.pnpm/@vitest+runner@4.1.10/node_modules/@vitest/runner/dist/chunk-artifact.js:1903:26
    at file:///C:/Users/Cristian/Documents/trabajo/arc/labs/.worktrees/QC-111-procesamiento-de-pdf-en-cola/node_modules/.pnpm/@vitest+runner@4.1.10/node_modules/@vitest/runner/dist/chunk-artifact.js:2326:20
    at new Promise (<anonymous>)
    at runWithCancel (file:///C:/Users/Cristian/Documents/trabajo/arc/labs/.worktrees/QC-111-procesamiento-de-pdf-en-cola/node_modules/.pnpm/@vitest+runner@4.1.10/node_modules/@vitest/runner/dist/chunk-artifact.js:2323:10)
    at file:///C:/Users/Cristian/Documents/trabajo/arc/labs/.worktrees/QC-111-procesamiento-de-pdf-en-cola/node_modules/.pnpm/@vitest+runner@4.1.10/node_modules/@vitest/runner/dist/chunk-artifact.js:2305:20
    at new Promise (<anonymous>)
    at runWithTimeout (file:///C:/Users/Cristian/Documents/trabajo/arc/labs/.worktrees/QC-111-procesamiento-de-pdf-en-cola/node_modules/.pnpm/@vitest+runner@4.1.10/node_modules/@vitest/runner/dist/chunk-artifact.js:2272:10)
    at file:///C:/Users/Cristian/Documents/trabajo/arc/labs/.worktrees/QC-111-procesamiento-de-pdf-en-cola/node_modules/.pnpm/@vitest+runner@4.1.10/node_modules/@vitest/runner/dist/chunk-artifact.js:2955:64

stderr | tests/unit/pedidos/order-actions.test.ts > Server Actions de pedidos — actor, forma de entrada y errores > lo que no es un error de dominio se devuelve como unexpected, sin una brizna del detalle
[error] requestId=7c9e6679-7425-40de-944b-e07fc1f90ae7 origen=borde code=unexpected error=Error: la conexion con la base se cayo
Error: la conexion con la base se cayo
    at C:/Users/Cristian/Documents/trabajo/arc/labs/.worktrees/QC-111-procesamiento-de-pdf-en-cola/tests/unit/pedidos/order-actions.test.ts:472:19
    at file:///C:/Users/Cristian/Documents/trabajo/arc/labs/.worktrees/QC-111-procesamiento-de-pdf-en-cola/node_modules/.pnpm/@vitest+runner@4.1.10/node_modules/@vitest/runner/dist/chunk-artifact.js:302:11
    at file:///C:/Users/Cristian/Documents/trabajo/arc/labs/.worktrees/QC-111-procesamiento-de-pdf-en-cola/node_modules/.pnpm/@vitest+runner@4.1.10/node_modules/@vitest/runner/dist/chunk-artifact.js:1903:26
    at file:///C:/Users/Cristian/Documents/trabajo/arc/labs/.worktrees/QC-111-procesamiento-de-pdf-en-cola/node_modules/.pnpm/@vitest+runner@4.1.10/node_modules/@vitest/runner/dist/chunk-artifact.js:2326:20
    at new Promise (<anonymous>)
    at runWithCancel (file:///C:/Users/Cristian/Documents/trabajo/arc/labs/.worktrees/QC-111-procesamiento-de-pdf-en-cola/node_modules/.pnpm/@vitest+runner@4.1.10/node_modules/@vitest/runner/dist/chunk-artifact.js:2323:10)
    at file:///C:/Users/Cristian/Documents/trabajo/arc/labs/.worktrees/QC-111-procesamiento-de-pdf-en-cola/node_modules/.pnpm/@vitest+runner@4.1.10/node_modules/@vitest/runner/dist/chunk-artifact.js:2305:20
    at new Promise (<anonymous>)
    at runWithTimeout (file:///C:/Users/Cristian/Documents/trabajo/arc/labs/.worktrees/QC-111-procesamiento-de-pdf-en-cola/node_modules/.pnpm/@vitest+runner@4.1.10/node_modules/@vitest/runner/dist/chunk-artifact.js:2272:10)
    at file:///C:/Users/Cristian/Documents/trabajo/arc/labs/.worktrees/QC-111-procesamiento-de-pdf-en-cola/node_modules/.pnpm/@vitest+runner@4.1.10/node_modules/@vitest/runner/dist/chunk-artifact.js:2955:64

stderr | tests/unit/pedidos/order-actions.test.ts > Server Actions de pedidos — actor, forma de entrada y errores > lo que no es un error de dominio se devuelve como unexpected, sin una brizna del detalle
[error] requestId=7c9e6679-7425-40de-944b-e07fc1f90ae7 origen=borde code=unexpected error=Error: la conexion con la base se cayo
Error: la conexion con la base se cayo
    at C:/Users/Cristian/Documents/trabajo/arc/labs/.worktrees/QC-111-procesamiento-de-pdf-en-cola/tests/unit/pedidos/order-actions.test.ts:472:19
    at file:///C:/Users/Cristian/Documents/trabajo/arc/labs/.worktrees/QC-111-procesamiento-de-pdf-en-cola/node_modules/.pnpm/@vitest+runner@4.1.10/node_modules/@vitest/runner/dist/chunk-artifact.js:302:11
    at file:///C:/Users/Cristian/Documents/trabajo/arc/labs/.worktrees/QC-111-procesamiento-de-pdf-en-cola/node_modules/.pnpm/@vitest+runner@4.1.10/node_modules/@vitest/runner/dist/chunk-artifact.js:1903:26
    at file:///C:/Users/Cristian/Documents/trabajo/arc/labs/.worktrees/QC-111-procesamiento-de-pdf-en-cola/node_modules/.pnpm/@vitest+runner@4.1.10/node_modules/@vitest/runner/dist/chunk-artifact.js:2326:20
    at new Promise (<anonymous>)
    at runWithCancel (file:///C:/Users/Cristian/Documents/trabajo/arc/labs/.worktrees/QC-111-procesamiento-de-pdf-en-cola/node_modules/.pnpm/@vitest+runner@4.1.10/node_modules/@vitest/runner/dist/chunk-artifact.js:2323:10)
    at file:///C:/Users/Cristian/Documents/trabajo/arc/labs/.worktrees/QC-111-procesamiento-de-pdf-en-cola/node_modules/.pnpm/@vitest+runner@4.1.10/node_modules/@vitest/runner/dist/chunk-artifact.js:2305:20
    at new Promise (<anonymous>)
    at runWithTimeout (file:///C:/Users/Cristian/Documents/trabajo/arc/labs/.worktrees/QC-111-procesamiento-de-pdf-en-cola/node_modules/.pnpm/@vitest+runner@4.1.10/node_modules/@vitest/runner/dist/chunk-artifact.js:2272:10)
    at file:///C:/Users/Cristian/Documents/trabajo/arc/labs/.worktrees/QC-111-procesamiento-de-pdf-en-cola/node_modules/.pnpm/@vitest+runner@4.1.10/node_modules/@vitest/runner/dist/chunk-artifact.js:2955:64

stderr | tests/unit/pedidos/order-actions.test.ts > Server Actions de pedidos — actor, forma de entrada y errores > lo que no es un error de dominio se devuelve como unexpected, sin una brizna del detalle
[error] requestId=7c9e6679-7425-40de-944b-e07fc1f90ae7 origen=borde code=unexpected error=Error: la conexion con la base se cayo
Error: la conexion con la base se cayo
    at C:/Users/Cristian/Documents/trabajo/arc/labs/.worktrees/QC-111-procesamiento-de-pdf-en-cola/tests/unit/pedidos/order-actions.test.ts:472:19
    at file:///C:/Users/Cristian/Documents/trabajo/arc/labs/.worktrees/QC-111-procesamiento-de-pdf-en-cola/node_modules/.pnpm/@vitest+runner@4.1.10/node_modules/@vitest/runner/dist/chunk-artifact.js:302:11
    at file:///C:/Users/Cristian/Documents/trabajo/arc/labs/.worktrees/QC-111-procesamiento-de-pdf-en-cola/node_modules/.pnpm/@vitest+runner@4.1.10/node_modules/@vitest/runner/dist/chunk-artifact.js:1903:26
    at file:///C:/Users/Cristian/Documents/trabajo/arc/labs/.worktrees/QC-111-procesamiento-de-pdf-en-cola/node_modules/.pnpm/@vitest+runner@4.1.10/node_modules/@vitest/runner/dist/chunk-artifact.js:2326:20
    at new Promise (<anonymous>)
    at runWithCancel (file:///C:/Users/Cristian/Documents/trabajo/arc/labs/.worktrees/QC-111-procesamiento-de-pdf-en-cola/node_modules/.pnpm/@vitest+runner@4.1.10/node_modules/@vitest/runner/dist/chunk-artifact.js:2323:10)
    at file:///C:/Users/Cristian/Documents/trabajo/arc/labs/.worktrees/QC-111-procesamiento-de-pdf-en-cola/node_modules/.pnpm/@vitest+runner@4.1.10/node_modules/@vitest/runner/dist/chunk-artifact.js:2305:20
    at new Promise (<anonymous>)
    at runWithTimeout (file:///C:/Users/Cristian/Documents/trabajo/arc/labs/.worktrees/QC-111-procesamiento-de-pdf-en-cola/node_modules/.pnpm/@vitest+runner@4.1.10/node_modules/@vitest/runner/dist/chunk-artifact.js:2272:10)
    at file:///C:/Users/Cristian/Documents/trabajo/arc/labs/.worktrees/QC-111-procesamiento-de-pdf-en-cola/node_modules/.pnpm/@vitest+runner@4.1.10/node_modules/@vitest/runner/dist/chunk-artifact.js:2955:64

stderr | tests/unit/pedidos/order-actions.test.ts > Server Actions de pedidos — actor, forma de entrada y errores > lo que no es un error de dominio se devuelve como unexpected, sin una brizna del detalle
[error] requestId=7c9e6679-7425-40de-944b-e07fc1f90ae7 origen=borde code=unexpected error=Error: la conexion con la base se cayo
Error: la conexion con la base se cayo
    at C:/Users/Cristian/Documents/trabajo/arc/labs/.worktrees/QC-111-procesamiento-de-pdf-en-cola/tests/unit/pedidos/order-actions.test.ts:472:19
    at file:///C:/Users/Cristian/Documents/trabajo/arc/labs/.worktrees/QC-111-procesamiento-de-pdf-en-cola/node_modules/.pnpm/@vitest+runner@4.1.10/node_modules/@vitest/runner/dist/chunk-artifact.js:302:11
    at file:///C:/Users/Cristian/Documents/trabajo/arc/labs/.worktrees/QC-111-procesamiento-de-pdf-en-cola/node_modules/.pnpm/@vitest+runner@4.1.10/node_modules/@vitest/runner/dist/chunk-artifact.js:1903:26
    at file:///C:/Users/Cristian/Documents/trabajo/arc/labs/.worktrees/QC-111-procesamiento-de-pdf-en-cola/node_modules/.pnpm/@vitest+runner@4.1.10/node_modules/@vitest/runner/dist/chunk-artifact.js:2326:20
    at new Promise (<anonymous>)
    at runWithCancel (file:///C:/Users/Cristian/Documents/trabajo/arc/labs/.worktrees/QC-111-procesamiento-de-pdf-en-cola/node_modules/.pnpm/@vitest+runner@4.1.10/node_modules/@vitest/runner/dist/chunk-artifact.js:2323:10)
    at file:///C:/Users/Cristian/Documents/trabajo/arc/labs/.worktrees/QC-111-procesamiento-de-pdf-en-cola/node_modules/.pnpm/@vitest+runner@4.1.10/node_modules/@vitest/runner/dist/chunk-artifact.js:2305:20
    at new Promise (<anonymous>)
    at runWithTimeout (file:///C:/Users/Cristian/Documents/trabajo/arc/labs/.worktrees/QC-111-procesamiento-de-pdf-en-cola/node_modules/.pnpm/@vitest+runner@4.1.10/node_modules/@vitest/runner/dist/chunk-artifact.js:2272:10)
    at file:///C:/Users/Cristian/Documents/trabajo/arc/labs/.worktrees/QC-111-procesamiento-de-pdf-en-cola/node_modules/.pnpm/@vitest+runner@4.1.10/node_modules/@vitest/runner/dist/chunk-artifact.js:2955:64

 ✓ |node| tests/unit/recetas/authorization.test.ts (13 tests) 378ms
stderr | tests/unit/pedidos/order-actions.test.ts > QC-60 R17 — sin las dos caras de la sesion no hay actor ni consulta > CADENA REAL sin contexto de sesion: las seis devuelven unauthorized y NINGUN puerto se toca
[error] requestId=7c9e6679-7425-40de-944b-e07fc1f90ae7 origen=borde code=unexpected error=Error: el puerto findAliveById no debe llamarse sin contexto de sesion
Error: el puerto findAliveById no debe llamarse sin contexto de sesion
    at Object.<anonymous> (C:/Users/Cristian/Documents/trabajo/arc/labs/.worktrees/QC-111-procesamiento-de-pdf-en-cola/tests/unit/pedidos/order-actions.test.ts:627:15)
    at Object.Mock [as findAliveById] (file:///C:/Users/Cristian/Documents/trabajo/arc/labs/.worktrees/QC-111-procesamiento-de-pdf-en-cola/node_modules/.pnpm/@vitest+spy@4.1.10/node_modules/@vitest/spy/dist/index.js:332:34)
    at Object.getOrder (C:/Users/Cristian/Documents/trabajo/arc/labs/.worktrees/QC-111-procesamiento-de-pdf-en-cola/lib/modules/pedidos/domain/get-order.ts:81:35)
    at Object.Mock [as getOrder] (file:///C:/Users/Cristian/Documents/trabajo/arc/labs/.worktrees/QC-111-procesamiento-de-pdf-en-cola/node_modules/.pnpm/@vitest+spy@4.1.10/node_modules/@vitest/spy/dist/index.js:332:34)
    at Module.getOrderAction (C:/Users/Cristian/Documents/trabajo/arc/labs/.worktrees/QC-111-procesamiento-de-pdf-en-cola/lib/modules/pedidos/adapters/driving/order-actions.ts:264:32)
    at processTicksAndRejections (node:internal/process/task_queues:105:5)
    at C:/Users/Cristian/Documents/trabajo/arc/labs/.worktrees/QC-111-procesamiento-de-pdf-en-cola/tests/unit/pedidos/order-actions.test.ts:671:25
    at file:///C:/Users/Cristian/Documents/trabajo/arc/labs/.worktrees/QC-111-procesamiento-de-pdf-en-cola/node_modules/.pnpm/@vitest+runner@4.1.10/node_modules/@vitest/runner/dist/chunk-artifact.js:1903:20

 ✓ |node| tests/unit/identity/credencial/credential-setup-actions.test.ts (28 tests) 285ms
 ✓ |node| tests/unit/unidades/unit-actions.test.ts (47 tests) 364ms
 ✓ |node| tests/unit/pedidos/order-actions.test.ts (11 tests) 477ms
stderr | tests/unit/asignaciones/order-assignment-actions.test.ts > R43 — el error se traduce por su code > un error ajeno al dominio sale como unexpected, con referencia y sin filtrar su texto
[error] requestId=7c9e6679-7425-40de-944b-e07fc1f90ae7 origen=borde code=unexpected error=Error: connection terminated unexpectedly
Error: connection terminated unexpectedly
    at C:/Users/Cristian/Documents/trabajo/arc/labs/.worktrees/QC-111-procesamiento-de-pdf-en-cola/tests/unit/asignaciones/order-assignment-actions.test.ts:360:49
    at file:///C:/Users/Cristian/Documents/trabajo/arc/labs/.worktrees/QC-111-procesamiento-de-pdf-en-cola/node_modules/.pnpm/@vitest+runner@4.1.10/node_modules/@vitest/runner/dist/chunk-artifact.js:302:11
    at file:///C:/Users/Cristian/Documents/trabajo/arc/labs/.worktrees/QC-111-procesamiento-de-pdf-en-cola/node_modules/.pnpm/@vitest+runner@4.1.10/node_modules/@vitest/runner/dist/chunk-artifact.js:1903:26
    at file:///C:/Users/Cristian/Documents/trabajo/arc/labs/.worktrees/QC-111-procesamiento-de-pdf-en-cola/node_modules/.pnpm/@vitest+runner@4.1.10/node_modules/@vitest/runner/dist/chunk-artifact.js:2326:20
    at new Promise (<anonymous>)
    at runWithCancel (file:///C:/Users/Cristian/Documents/trabajo/arc/labs/.worktrees/QC-111-procesamiento-de-pdf-en-cola/node_modules/.pnpm/@vitest+runner@4.1.10/node_modules/@vitest/runner/dist/chunk-artifact.js:2323:10)
    at file:///C:/Users/Cristian/Documents/trabajo/arc/labs/.worktrees/QC-111-procesamiento-de-pdf-en-cola/node_modules/.pnpm/@vitest+runner@4.1.10/node_modules/@vitest/runner/dist/chunk-artifact.js:2305:20
    at new Promise (<anonymous>)
    at runWithTimeout (file:///C:/Users/Cristian/Documents/trabajo/arc/labs/.worktrees/QC-111-procesamiento-de-pdf-en-cola/node_modules/.pnpm/@vitest+runner@4.1.10/node_modules/@vitest/runner/dist/chunk-artifact.js:2272:10)
    at file:///C:/Users/Cristian/Documents/trabajo/arc/labs/.worktrees/QC-111-procesamiento-de-pdf-en-cola/node_modules/.pnpm/@vitest+runner@4.1.10/node_modules/@vitest/runner/dist/chunk-artifact.js:2955:64

stderr | tests/unit/asignaciones/order-assignment-actions.test.ts > QC-102 R13 - listResponsiblesForOrdersAction > un error ajeno al dominio sale como unexpected, con referencia y sin filtrar su texto
[error] requestId=7c9e6679-7425-40de-944b-e07fc1f90ae7 origen=borde code=unexpected error=Error: connection terminated unexpectedly
Error: connection terminated unexpectedly
    at C:/Users/Cristian/Documents/trabajo/arc/labs/.worktrees/QC-111-procesamiento-de-pdf-en-cola/tests/unit/asignaciones/order-assignment-actions.test.ts:683:53
    at file:///C:/Users/Cristian/Documents/trabajo/arc/labs/.worktrees/QC-111-procesamiento-de-pdf-en-cola/node_modules/.pnpm/@vitest+runner@4.1.10/node_modules/@vitest/runner/dist/chunk-artifact.js:302:11
    at file:///C:/Users/Cristian/Documents/trabajo/arc/labs/.worktrees/QC-111-procesamiento-de-pdf-en-cola/node_modules/.pnpm/@vitest+runner@4.1.10/node_modules/@vitest/runner/dist/chunk-artifact.js:1903:26
    at file:///C:/Users/Cristian/Documents/trabajo/arc/labs/.worktrees/QC-111-procesamiento-de-pdf-en-cola/node_modules/.pnpm/@vitest+runner@4.1.10/node_modules/@vitest/runner/dist/chunk-artifact.js:2326:20
    at new Promise (<anonymous>)
    at runWithCancel (file:///C:/Users/Cristian/Documents/trabajo/arc/labs/.worktrees/QC-111-procesamiento-de-pdf-en-cola/node_modules/.pnpm/@vitest+runner@4.1.10/node_modules/@vitest/runner/dist/chunk-artifact.js:2323:10)
    at file:///C:/Users/Cristian/Documents/trabajo/arc/labs/.worktrees/QC-111-procesamiento-de-pdf-en-cola/node_modules/.pnpm/@vitest+runner@4.1.10/node_modules/@vitest/runner/dist/chunk-artifact.js:2305:20
    at new Promise (<anonymous>)
    at runWithTimeout (file:///C:/Users/Cristian/Documents/trabajo/arc/labs/.worktrees/QC-111-procesamiento-de-pdf-en-cola/node_modules/.pnpm/@vitest+runner@4.1.10/node_modules/@vitest/runner/dist/chunk-artifact.js:2272:10)
    at file:///C:/Users/Cristian/Documents/trabajo/arc/labs/.worktrees/QC-111-procesamiento-de-pdf-en-cola/node_modules/.pnpm/@vitest+runner@4.1.10/node_modules/@vitest/runner/dist/chunk-artifact.js:2955:64

stderr | tests/unit/asignaciones/order-assignment-actions.test.ts > QC-88 T9 — listAssignedOrdersAction > un error ajeno al dominio sale como unexpected, con referencia y sin filtrar su texto
[error] requestId=7c9e6679-7425-40de-944b-e07fc1f90ae7 origen=borde code=unexpected error=Error: connection terminated unexpectedly
Error: connection terminated unexpectedly
    at C:/Users/Cristian/Documents/trabajo/arc/labs/.worktrees/QC-111-procesamiento-de-pdf-en-cola/tests/unit/asignaciones/order-assignment-actions.test.ts:764:46
    at file:///C:/Users/Cristian/Documents/trabajo/arc/labs/.worktrees/QC-111-procesamiento-de-pdf-en-cola/node_modules/.pnpm/@vitest+runner@4.1.10/node_modules/@vitest/runner/dist/chunk-artifact.js:302:11
    at file:///C:/Users/Cristian/Documents/trabajo/arc/labs/.worktrees/QC-111-procesamiento-de-pdf-en-cola/node_modules/.pnpm/@vitest+runner@4.1.10/node_modules/@vitest/runner/dist/chunk-artifact.js:1903:26
    at file:///C:/Users/Cristian/Documents/trabajo/arc/labs/.worktrees/QC-111-procesamiento-de-pdf-en-cola/node_modules/.pnpm/@vitest+runner@4.1.10/node_modules/@vitest/runner/dist/chunk-artifact.js:2326:20
    at new Promise (<anonymous>)
    at runWithCancel (file:///C:/Users/Cristian/Documents/trabajo/arc/labs/.worktrees/QC-111-procesamiento-de-pdf-en-cola/node_modules/.pnpm/@vitest+runner@4.1.10/node_modules/@vitest/runner/dist/chunk-artifact.js:2323:10)
    at file:///C:/Users/Cristian/Documents/trabajo/arc/labs/.worktrees/QC-111-procesamiento-de-pdf-en-cola/node_modules/.pnpm/@vitest+runner@4.1.10/node_modules/@vitest/runner/dist/chunk-artifact.js:2305:20
    at new Promise (<anonymous>)
    at runWithTimeout (file:///C:/Users/Cristian/Documents/trabajo/arc/labs/.worktrees/QC-111-procesamiento-de-pdf-en-cola/node_modules/.pnpm/@vitest+runner@4.1.10/node_modules/@vitest/runner/dist/chunk-artifact.js:2272:10)
    at file:///C:/Users/Cristian/Documents/trabajo/arc/labs/.worktrees/QC-111-procesamiento-de-pdf-en-cola/node_modules/.pnpm/@vitest+runner@4.1.10/node_modules/@vitest/runner/dist/chunk-artifact.js:2955:64

 ✓ |node| tests/unit/asignaciones/order-assignment-actions.test.ts (44 tests) 468ms
 ✓ |node| tests/unit/identity/usuarios/user-service.test.ts (28 tests) 305ms
 ✓ |node| tests/unit/identity/grupos/work-group-service.test.ts (21 tests) 283ms
stderr | tests/unit/identity/grupos/work-group-actions.test.ts > R43 — el error se traduce por su code > un error ajeno al dominio sale como unexpected, con referencia y sin filtrar su texto
[error] requestId=7c9e6679-7425-40de-944b-e07fc1f90ae7 origen=borde code=unexpected error=Error: connection terminated unexpectedly
Error: connection terminated unexpectedly
    at C:/Users/Cristian/Documents/trabajo/arc/labs/.worktrees/QC-111-procesamiento-de-pdf-en-cola/tests/unit/identity/grupos/work-group-actions.test.ts:314:42
    at file:///C:/Users/Cristian/Documents/trabajo/arc/labs/.worktrees/QC-111-procesamiento-de-pdf-en-cola/node_modules/.pnpm/@vitest+runner@4.1.10/node_modules/@vitest/runner/dist/chunk-artifact.js:302:11
    at file:///C:/Users/Cristian/Documents/trabajo/arc/labs/.worktrees/QC-111-procesamiento-de-pdf-en-cola/node_modules/.pnpm/@vitest+runner@4.1.10/node_modules/@vitest/runner/dist/chunk-artifact.js:1903:26
    at file:///C:/Users/Cristian/Documents/trabajo/arc/labs/.worktrees/QC-111-procesamiento-de-pdf-en-cola/node_modules/.pnpm/@vitest+runner@4.1.10/node_modules/@vitest/runner/dist/chunk-artifact.js:2326:20
    at new Promise (<anonymous>)
    at runWithCancel (file:///C:/Users/Cristian/Documents/trabajo/arc/labs/.worktrees/QC-111-procesamiento-de-pdf-en-cola/node_modules/.pnpm/@vitest+runner@4.1.10/node_modules/@vitest/runner/dist/chunk-artifact.js:2323:10)
    at file:///C:/Users/Cristian/Documents/trabajo/arc/labs/.worktrees/QC-111-procesamiento-de-pdf-en-cola/node_modules/.pnpm/@vitest+runner@4.1.10/node_modules/@vitest/runner/dist/chunk-artifact.js:2305:20
    at new Promise (<anonymous>)
    at runWithTimeout (file:///C:/Users/Cristian/Documents/trabajo/arc/labs/.worktrees/QC-111-procesamiento-de-pdf-en-cola/node_modules/.pnpm/@vitest+runner@4.1.10/node_modules/@vitest/runner/dist/chunk-artifact.js:2272:10)
    at file:///C:/Users/Cristian/Documents/trabajo/arc/labs/.worktrees/QC-111-procesamiento-de-pdf-en-cola/node_modules/.pnpm/@vitest+runner@4.1.10/node_modules/@vitest/runner/dist/chunk-artifact.js:2955:64

 ✓ |node| tests/unit/identity/grupos/work-group-actions.test.ts (29 tests) 324ms
 ✓ |node| tests/unit/recetas/recipe-service.test.ts (20 tests) 189ms
 ✓ |node| tests/unit/pedidos/authorization.test.ts (65 tests) 355ms
 ✓ |node| tests/unit/identity/sesiones/session-actions.test.ts (15 tests) 296ms
 ✓ |node| tests/unit/proveedores/schema/proveedores-migration.test.ts (49 tests) 331ms
 ✓ |node| tests/unit/identity/schema/work-groups-migration.test.ts (33 tests) 226ms
 ✓ |node| tests/unit/inventario/schema/inventory-company-scope-migration.test.ts (17 tests) 436ms
 ✓ |node| tests/guards/guard-autorizacion-por-permiso.test.ts (10 tests) 300ms
 ✓ |node| tests/unit/documentos/ai-config.test.ts (13 tests) 181ms
 ✓ |node| tests/unit/asignaciones/schema/order-assignments-migration.test.ts (44 tests) 314ms
 ✓ |node| tests/unit/recetas/company-isolation-service.test.ts (28 tests) 267ms
stderr | tests/unit/proveedores/supplier-actions.test.ts > Server Actions de proveedores — actor, forma de entrada y errores > traduce cada error de dominio a status error con el code estable de la clase, nunca con el texto
{
  code: 'supplier_duplicate_name',
  diagnostic: 'nombre normalizado ya usado por sup-7'
}

stderr | tests/unit/proveedores/supplier-actions.test.ts > Server Actions de proveedores — actor, forma de entrada y errores > traduce cada error de dominio a status error con el code estable de la clase, nunca con el texto
[error] requestId=7c9e6679-7425-40de-944b-e07fc1f90ae7 origen=borde code=unexpected error=Error: connection terminated unexpectedly
Error: connection terminated unexpectedly
    at C:/Users/Cristian/Documents/trabajo/arc/labs/.worktrees/QC-111-procesamiento-de-pdf-en-cola/tests/unit/proveedores/supplier-actions.test.ts:531:19
    at processTicksAndRejections (node:internal/process/task_queues:105:5)
    at file:///C:/Users/Cristian/Documents/trabajo/arc/labs/.worktrees/QC-111-procesamiento-de-pdf-en-cola/node_modules/.pnpm/@vitest+runner@4.1.10/node_modules/@vitest/runner/dist/chunk-artifact.js:1903:20

stderr | tests/unit/proveedores/supplier-actions.test.ts > Server Actions de proveedores — actor, forma de entrada y errores > traduce cada error de dominio a status error con el code estable de la clase, nunca con el texto
[error] requestId=7c9e6679-7425-40de-944b-e07fc1f90ae7 origen=borde code=unexpected error=Error: connection terminated unexpectedly
Error: connection terminated unexpectedly
    at C:/Users/Cristian/Documents/trabajo/arc/labs/.worktrees/QC-111-procesamiento-de-pdf-en-cola/tests/unit/proveedores/supplier-actions.test.ts:531:19
    at processTicksAndRejections (node:internal/process/task_queues:105:5)
    at file:///C:/Users/Cristian/Documents/trabajo/arc/labs/.worktrees/QC-111-procesamiento-de-pdf-en-cola/node_modules/.pnpm/@vitest+runner@4.1.10/node_modules/@vitest/runner/dist/chunk-artifact.js:1903:20

 ✓ |node| tests/unit/proveedores/supplier-actions.test.ts (4 tests) 240ms
 ✓ |node| tests/unit/unidades/schema/unidades-migration.test.ts (36 tests) 272ms
 ✓ |node| tests/unit/pedidos/schema/orders-company-scope-migration.test.ts (19 tests) 221ms
 ✓ |node| tests/unit/inventario/presentation-actions.test.ts (26 tests) 408ms
 ✓ |node| tests/unit/proveedores-ui/catalog-route-contract.test.ts (11 tests) 221ms
 ✓ |node| tests/unit/proveedores-ui/guard-herencia-armazon-privado.test.ts (7 tests | 1 skipped) 335ms
 ✓ |node| tests/unit/inventario/schema/product-batch-lot-migration.test.ts (12 tests) 138ms
 ✓ |node| tests/guards/guard-ambito-empresa-proveedores.test.ts (29 tests) 286ms
 ✓ |node| tests/unit/identity/seed/seed-initial-access.test.ts (20 tests) 274ms
 ✓ |node| tests/unit/pedidos/company-isolation-service.test.ts (24 tests) 211ms
 ✓ |node| tests/unit/inventario/company-isolation-service.test.ts (18 tests) 290ms
 ✓ |node| tests/unit/asignaciones/assign-responsibles.test.ts (32 tests) 286ms
stderr | tests/unit/inventario/batch-actions.test.ts > adjustBatchStockAction > traduce batch_not_found con el texto del catalogo y sin el diagnostico
{
  code: 'batch_not_found',
  diagnostic: 'company-a: lote 11111111-1111-4111-8111-111111111111'
}

stderr | tests/unit/inventario/batch-actions.test.ts > adjustBatchStockAction > traduce batch_stock_negative con el texto del catalogo y sin el diagnostico
{
  code: 'batch_stock_negative',
  diagnostic: 'lote 11111111-1111-4111-8111-111111111111: -3'
}

stderr | tests/unit/inventario/batch-actions.test.ts > listBatchMovementsAction > traduce batch_not_found con el texto del catalogo y sin el diagnostico
{ code: 'batch_not_found', diagnostic: 'company-a: lote ajeno' }

 ✓ |node| tests/unit/inventario/batch-actions.test.ts (18 tests) 313ms
 ✓ |node| tests/unit/inventario/create-product.test.ts (53 tests) 256ms
 ✓ |node| tests/guards/guard-ambito-empresa-recetas.test.ts (25 tests) 147ms
 ✓ |node| tests/unit/identity/login-action.test.ts (20 tests) 281ms
stderr | tests/unit/recetas/recipe-actions.test.ts > QC-50 R13 — la empresa sale de getSessionContext y nunca de la entrada > las cinco actions piden LAS DOS caras de la sesion y componen el actor con la empresa
[error] requestId=7c9e6679-7425-40de-944b-e07fc1f90ae7 origen=borde code=unexpected error=TypeError: warnings is not iterable
TypeError: warnings is not iterable
    at Module.updateRecipeAction (C:/Users/Cristian/Documents/trabajo/arc/labs/.worktrees/QC-111-procesamiento-de-pdf-en-cola/lib/modules/recetas/adapters/driving/recipe-actions.ts:155:27)
    at processTicksAndRejections (node:internal/process/task_queues:105:5)
    at C:/Users/Cristian/Documents/trabajo/arc/labs/.worktrees/QC-111-procesamiento-de-pdf-en-cola/tests/unit/recetas/recipe-actions.test.ts:284:7
    at file:///C:/Users/Cristian/Documents/trabajo/arc/labs/.worktrees/QC-111-procesamiento-de-pdf-en-cola/node_modules/.pnpm/@vitest+runner@4.1.10/node_modules/@vitest/runner/dist/chunk-artifact.js:1903:20

 ✓ |node| tests/unit/recetas/recipe-actions.test.ts (13 tests) 211ms
 ✓ |node| tests/unit/proveedores/scope.test.ts (7 tests) 260ms
 ✓ |node| tests/unit/recetas/scope.test.ts (5 tests) 200ms
 ✓ |node| tests/unit/identity/schema/session-revocation-migration.test.ts (30 tests) 196ms
 ✓ |node| tests/unit/proveedores/schema/suppliers-company-scope-migration.test.ts (15 tests) 346ms
stderr | tests/unit/documentos/document-upload-actions.test.ts > documentos — la Server Action de la emision de enlaces > la traduccion es POR EL CODE, nunca por el texto (R29) > R29 — un error ajeno al dominio sale como `unexpected`, con referencia y sin filtrar su texto
[error] requestId=7c9e6679-7425-40de-944b-e07fc1f90ae7 origen=borde code=unexpected error=Error: storage responded 500 for bucket documentos
Error: storage responded 500 for bucket documentos
    at C:/Users/Cristian/Documents/trabajo/arc/labs/.worktrees/QC-111-procesamiento-de-pdf-en-cola/tests/unit/documentos/document-upload-actions.test.ts:315:46
    at file:///C:/Users/Cristian/Documents/trabajo/arc/labs/.worktrees/QC-111-procesamiento-de-pdf-en-cola/node_modules/.pnpm/@vitest+runner@4.1.10/node_modules/@vitest/runner/dist/chunk-artifact.js:302:11
    at file:///C:/Users/Cristian/Documents/trabajo/arc/labs/.worktrees/QC-111-procesamiento-de-pdf-en-cola/node_modules/.pnpm/@vitest+runner@4.1.10/node_modules/@vitest/runner/dist/chunk-artifact.js:1903:26
    at file:///C:/Users/Cristian/Documents/trabajo/arc/labs/.worktrees/QC-111-procesamiento-de-pdf-en-cola/node_modules/.pnpm/@vitest+runner@4.1.10/node_modules/@vitest/runner/dist/chunk-artifact.js:2326:20
    at new Promise (<anonymous>)
    at runWithCancel (file:///C:/Users/Cristian/Documents/trabajo/arc/labs/.worktrees/QC-111-procesamiento-de-pdf-en-cola/node_modules/.pnpm/@vitest+runner@4.1.10/node_modules/@vitest/runner/dist/chunk-artifact.js:2323:10)
    at file:///C:/Users/Cristian/Documents/trabajo/arc/labs/.worktrees/QC-111-procesamiento-de-pdf-en-cola/node_modules/.pnpm/@vitest+runner@4.1.10/node_modules/@vitest/runner/dist/chunk-artifact.js:2305:20
    at new Promise (<anonymous>)
    at runWithTimeout (file:///C:/Users/Cristian/Documents/trabajo/arc/labs/.worktrees/QC-111-procesamiento-de-pdf-en-cola/node_modules/.pnpm/@vitest+runner@4.1.10/node_modules/@vitest/runner/dist/chunk-artifact.js:2272:10)
    at file:///C:/Users/Cristian/Documents/trabajo/arc/labs/.worktrees/QC-111-procesamiento-de-pdf-en-cola/node_modules/.pnpm/@vitest+runner@4.1.10/node_modules/@vitest/runner/dist/chunk-artifact.js:2955:64

 ✓ |node| tests/unit/documentos/document-upload-actions.test.ts (23 tests) 186ms
 ✓ |node| tests/unit/identity/schema/credential-setup-migration.test.ts (28 tests) 269ms
 ✓ |node| tests/unit/pedidos/list-orders.test.ts (28 tests) 200ms
 ✓ |node| tests/unit/recetas/recipe-step-document.test.ts (16 tests) 115ms
 ✓ |node| tests/guards/guard-rutas-privadas-cubiertas.test.ts (7 tests) 238ms
 ✓ |node| tests/unit/documentos/document-job-route.test.ts (8 tests) 201ms
 ✓ |node| tests/unit/pedidos/schema/pedidos-migration.test.ts (39 tests) 261ms
 ✓ |node| tests/unit/identity/credencial/secret-factory.test.ts (11 tests) 181ms
 ✓ |node| tests/unit/recetas/schema/recipes-company-scope-migration.test.ts (15 tests) 199ms
 ✓ |node| tests/unit/errores/catalogo.test.ts (27 tests) 144ms
 ✓ |node| tests/unit/documentos/process-pdf-by-strategy.test.ts (16 tests) 88ms
 ✓ |node| tests/unit/recetas/schema/recetas-migration.test.ts (18 tests) 165ms
 ✓ |node| tests/unit/pedidos/schema/pedidos-schema.test.ts (24 tests) 151ms
 ✓ |node| tests/unit/documentos/ai-limits.test.ts (3 tests) 213ms
 ✓ |node| tests/unit/pedidos/order-service.test.ts (23 tests) 142ms
 ✓ |node| tests/unit/inventario/schema/presentation-unit-migration.test.ts (11 tests) 171ms
 ✓ |node| tests/unit/inventario/qc81-alcance.test.ts (17 tests | 5 skipped) 248ms
 ✓ |node| tests/unit/proveedores/schema/proveedores-schema.test.ts (21 tests) 163ms
 ✓ |node| tests/unit/asignaciones/order-execution-actions.test.ts (3 tests) 144ms
 ✓ |node| tests/unit/inventario/schema/list-query-indexes-migration.test.ts (21 tests) 181ms
 ✓ |node| tests/unit/identity/password-max-length.test.ts (4 tests) 165ms
 ✓ |node| tests/unit/identity/usuarios/user-input.test.ts (15 tests) 168ms
 ✓ |node| tests/unit/unidades/create-unit.test.ts (26 tests) 151ms
 ✓ |node| tests/unit/documentos/issue-upload-links.test.ts (18 tests) 162ms
 ✓ |node| tests/unit/inventario/product-batch-input.test.ts (29 tests) 171ms
 ✓ |node| tests/unit/documentos/queue-signature-qstash.test.ts (6 tests) 96ms
 ✓ |node| tests/guards/guard-catalogo-de-errores.test.ts (34 tests) 165ms
 ✓ |node| tests/unit/identity/schema/companies-migration.test.ts (21 tests) 180ms
 ✓ |node| tests/unit/identity/credencial/create-user-credential.test.ts (21 tests) 231ms
 ✓ |node| tests/guards/guard-pantallas-exigen-permiso.test.ts (9 tests) 170ms
 ✓ |node| tests/unit/documentos/authorization.test.ts (21 tests) 119ms
 ✓ |node| tests/unit/inventario/list-use-cases.test.ts (20 tests) 157ms
 ✓ |node| tests/unit/recetas/schema/recetas-schema.test.ts (19 tests) 156ms
 ✓ |node| tests/unit/inventario/scope.test.ts (4 tests) 168ms
 ✓ |node| tests/guards/guard-rls-force.test.ts (4 tests) 160ms
 ✓ |node| tests/unit/asignaciones/remove-work-group-from-order.test.ts (19 tests) 121ms
 ✓ |node| tests/unit/inventario/schema/inventario-migration.test.ts (16 tests) 170ms
 ✓ |node| tests/unit/asignaciones/authorization.test.ts (25 tests) 179ms
 ✓ |node| tests/unit/unidades/update-unit.test.ts (27 tests) 156ms
 ✓ |node| tests/unit/asignaciones/list-responsibles-for-orders.test.ts (30 tests) 207ms
 ✓ |node| tests/unit/identity/credencial/set-credential-with-link.test.ts (16 tests) 105ms
 ✓ |node| tests/unit/inventario/product-service.test.ts (12 tests) 120ms
 ✓ |node| tests/guards/guard-e2e-landing.test.ts (16 tests) 155ms
 ✓ |node| tests/unit/proveedores/catalog-service.test.ts (11 tests) 171ms
 ✓ |node| tests/unit/recetas/recipe-input.test.ts (19 tests) 137ms
 ✓ |node| tests/unit/shared/data-table-params.test.ts (14 tests) 91ms
 ✓ |node| tests/unit/proveedores/list-use-cases.test.ts (22 tests) 149ms
 ✓ |node| tests/unit/documentos/processing-queue-qstash.test.ts (3 tests) 142ms
 ✓ |node| tests/unit/identity/schema/account-status-migration.test.ts (12 tests) 89ms
 ✓ |node| tests/unit/asignaciones/unassign-responsible.test.ts (22 tests) 140ms
 ✓ |node| tests/unit/inventario/qc91-alcance.test.ts (27 tests) 198ms
 ✓ |node| tests/unit/identity/credencial/mail-config.test.ts (15 tests) 172ms
 ✓ |node| tests/unit/identity/schema/identity-migration.test.ts (19 tests) 134ms
 ✓ |node| tests/unit/proveedores/supplier-input.test.ts (7 tests) 114ms
 ✓ |node| tests/unit/identity/credencial/credential-setup-link-prisma.test.ts (15 tests) 108ms
 ✓ |node| tests/unit/observabilidad/error-state.test.ts (13 tests) 132ms
 ✓ |node| tests/unit/inventario/presentation-service.test.ts (17 tests) 117ms
 ✓ |node| tests/unit/asignaciones/list-order-responsibles.test.ts (26 tests) 144ms
 ✓ |node| tests/unit/inventario/adjust-batch-stock.test.ts (28 tests) 151ms
 ✓ |node| tests/guards/guard-ambito-empresa-pedidos.test.ts (24 tests) 143ms
 ✓ |node| tests/unit/identity/route-access.test.ts (62 tests) 92ms
 ✓ |node| tests/unit/asignaciones/assignment-input.test.ts (15 tests) 94ms
 ✓ |node| tests/unit/recetas/list-recipes.test.ts (14 tests) 110ms
 ✓ |node| tests/unit/proveedores/supplier-service.test.ts (10 tests) 133ms
 ✓ |node| tests/guards/guard-motivos-de-ajuste.test.ts (15 tests) 176ms
 ✓ |node| tests/unit/documentos/document-storage-remove.test.ts (3 tests) 155ms
 ✓ |node| tests/guards/guard-envio-de-correo.test.ts (5 tests) 86ms
 ✓ |node| tests/unit/identity/grupos/errors.test.ts (38 tests) 103ms
 ✓ |node| tests/unit/identity/grupos/members-filter.test.ts (8 tests) 109ms
 ✓ |node| tests/guards/guard-qc87-no-reimplementado.test.ts (12 tests) 159ms
 ✓ |node| tests/unit/asignaciones/list-assigned-orders.test.ts (14 tests) 124ms
 ✓ |node| tests/unit/recetas/recipe-catalog.test.ts (27 tests) 128ms
 ✓ |node| tests/guards/guard-ambito-empresa-inventario.test.ts (24 tests) 159ms
 ✓ |node| tests/unit/pedidos/order-input.test.ts (18 tests) 138ms
 ✓ |node| tests/unit/identity/credencial/mailer-resend.test.ts (9 tests) 81ms
 ✓ |node| tests/unit/identity/credencial/resend-link.test.ts (16 tests) 130ms
 ✓ |node| tests/unit/proveedores/catalog-line-input.test.ts (8 tests) 107ms
 ✓ |node| tests/unit/inventario/schema/inventario-audit-migration.test.ts (14 tests) 129ms
 ✓ |node| tests/unit/documentos/read-document.test.ts (16 tests) 111ms
 ✓ |node| tests/unit/unidades/schema/unidades-schema.test.ts (14 tests) 94ms
 ✓ |node| tests/guards/guard-aislamiento-integracion.test.ts (6 tests) 140ms
 ✓ |node| tests/unit/unidades/list-units-query.test.ts (19 tests) 109ms
 ✓ |node| tests/unit/shared/migracion-listas-alcance.test.ts (4 tests) 129ms
 ✓ |node| tests/unit/identity/session-claims.test.ts (19 tests) 94ms
 ✓ |node| tests/unit/identity/end-other-sessions.test.ts (11 tests) 100ms
 ✓ |node| tests/unit/identity/permissions.test.ts (17 tests) 93ms
 ✓ |node| tests/unit/identity/grupos/work-group-input.test.ts (46 tests) 133ms
 ✓ |node| tests/unit/asignaciones/order-assignment-repository.test.ts (14 tests) 62ms
 ✓ |node| tests/unit/documentos/read-pdf-with-ai.test.ts (12 tests) 96ms
 ✓ |node| tests/unit/identity/schema/identity-schema.test.ts (28 tests) 118ms
 ✓ |node| tests/unit/unidades/unit-write-permissions.test.ts (20 tests) 78ms
 ✓ |node| tests/unit/identity/end-all-sessions.test.ts (21 tests) 114ms
 ✓ |node| tests/unit/identity/usuarios/admin-guards.test.ts (9 tests) 107ms
 ✓ |node| tests/unit/identity/roles/role-actions.test.ts (10 tests) 112ms
 ✓ |node| tests/unit/navegacion/nav-filtrado.test.ts (18 tests) 138ms
 ✓ |node| tests/unit/asignaciones/start-assigned-order.test.ts (9 tests) 122ms
 ✓ |node| tests/unit/asignaciones/get-assigned-order-execution.test.ts (9 tests) 97ms
 ✓ |node| tests/unit/recetas/schema/recipe-steps-reset-migration.test.ts (7 tests) 34ms
 ✓ |node| tests/unit/inventario/list-query.test.ts (23 tests) 144ms
 ✓ |node| tests/unit/proveedores/catalog-line-image-scope.test.ts (7 tests) 154ms
 ✓ |node| tests/unit/identity/grupos/add-member-errors.test.ts (6 tests) 144ms
 ✓ |node| tests/unit/asignaciones/order-state.test.ts (12 tests) 110ms
 ✓ |node| tests/unit/inventario/product-batch-lot-retry.test.ts (20 tests) 116ms
 ✓ |node| tests/unit/pedidos/cancel-order.test.ts (9 tests) 103ms
 ✓ |node| tests/unit/documentos/document-batch-repository-prisma.test.ts (10 tests) 85ms
 ✓ |node| tests/unit/asignaciones/finish-assigned-order.test.ts (12 tests) 174ms
 ✓ |node| tests/unit/identity/resolve-session.test.ts (33 tests) 156ms
 ✓ |node| tests/unit/unidades/list-units-action.test.ts (7 tests) 92ms
 ✓ |node| tests/unit/identity/grupos/members-pagination.test.ts (6 tests) 115ms
 ✓ |node| tests/guards/guard-empresa-en-esquema.test.ts (15 tests) 77ms
 ✓ |node| tests/unit/pedidos/company-scope.test.ts (9 tests) 86ms
 ✓ |node| tests/guards/guard-pantalla-pedidos-se-amplia.test.ts (10 tests | 2 skipped) 118ms
 ✓ |node| tests/unit/identity/session-id-factory.test.ts (6 tests) 192ms
 ✓ |node| tests/unit/errores/to-error-state.test.ts (9 tests) 129ms
 ✓ |node| tests/unit/identity/usuarios/errors.test.ts (32 tests) 234ms
 ✓ |node| tests/unit/inventario/product-input.test.ts (9 tests) 105ms
 ✓ |node| tests/unit/recetas/recipe-lines-catalog.test.ts (5 tests) 142ms
 ✓ |node| tests/unit/identity/schema/account-status-schema.test.ts (11 tests) 247ms
 ✓ |node| tests/unit/documentos/run-document-job.test.ts (8 tests) 73ms
 ✓ |node| tests/unit/proveedores/company-scope.test.ts (10 tests) 87ms
 ✓ |node| tests/unit/documentos/enqueue-batch.test.ts (8 tests) 68ms
 ✓ |node| tests/unit/pedidos/order-catalog.test.ts (14 tests) 63ms
 ✓ |node| tests/unit/identity/credential-policy.test.ts (19 tests) 83ms
 ✓ |node| tests/unit/documentos/convert-pdf.test.ts (12 tests) 83ms
 ✓ |node| tests/unit/shared/request-scope.test.ts (12 tests) 101ms
 ✓ |node| tests/unit/identity/roles/list-roles-authorization.test.ts (9 tests) 62ms
 ✓ |node| tests/unit/recetas/recipe-image-lifecycle.test.ts (7 tests) 105ms
 ✓ |node| tests/unit/proveedores-ui/supplier-route-contract.test.ts (5 tests) 123ms
 ✓ |node| tests/unit/identity/effective-account-status.test.ts (26 tests) 195ms
 ✓ |node| tests/unit/recetas-ui/recipe-form-payload.test.ts (16 tests) 132ms
 ✓ |node| tests/unit/documentos/ai-timeout.test.ts (5 tests) 105ms
 ✓ |node| tests/unit/configuracion-ui/presentation-list-params.test.ts (15 tests) 79ms
 ✓ |node| tests/guards/guard-lote-sin-join.test.ts (7 tests) 67ms
 ✓ |node| tests/unit/identity/schema/user-permissions-migration.test.ts (11 tests) 39ms
 ✓ |node| tests/unit/inventario/adjust-batch-stock-prisma.test.ts (8 tests) 80ms
 ✓ |node| tests/unit/observabilidad/error-state-types.test.ts (9 tests) 64ms
 ✓ |node| tests/unit/configuracion-ui/user-list-params.test.ts (51 tests) 85ms
 ✓ |node| tests/unit/documentos/processing-config-env.test.ts (6 tests) 90ms
 ✓ |node| tests/unit/pedidos-ui/order-route-contract.test.ts (22 tests) 97ms
 ✓ |node| tests/unit/documentos/upload-input.test.ts (11 tests) 64ms
 ✓ |node| tests/unit/unidades/unit-input.test.ts (15 tests) 61ms
 ✓ |node| tests/unit/recetas/company-scope.test.ts (4 tests) 114ms
 ✓ |node| tests/unit/identity/require-any-permission.test.ts (36 tests) 79ms
 ✓ |node| tests/unit/unidades/unit-catalog.test.ts (13 tests) 86ms
 ✓ |node| tests/unit/unidades/list-units.test.ts (10 tests) 70ms
 ✓ |node| tests/unit/configuracion-ui/grupos/work-group-list-params.test.ts (46 tests) 126ms
 ✓ |node| tests/unit/configuracion-ui/unit-list-params.test.ts (15 tests) 94ms
 ✓ |node| tests/unit/identity/end-session.test.ts (7 tests) 97ms
 ✓ |node| tests/unit/unidades/domain/convert-quantity.test.ts (22 tests) 143ms
 ✓ |node| tests/unit/dashboard-route-contract.test.ts (10 tests) 122ms
 ✓ |node| tests/unit/recetas/recipe-step-contract.test.ts (5 tests) 122ms
 ✓ |node| tests/unit/navegacion/qc75-convenciones.test.ts (21 tests | 3 skipped) 140ms
 ✓ |node| tests/unit/pedidos/update-order.test.ts (4 tests) 119ms
 ✓ |node| tests/unit/inventario/batch-movement-prisma.test.ts (5 tests) 175ms
 ✓ |node| tests/unit/documentos/enqueue-input.test.ts (7 tests) 88ms
 ✓ |node| tests/unit/recetas/recipe-image-url.test.ts (3 tests) 75ms
 ✓ |node| tests/guards/guard-modelos-de-agentes.test.ts (13 tests) 70ms
 ✓ |node| tests/unit/identity/roles/list-roles.test.ts (7 tests) 60ms
 ✓ |node| tests/unit/identity/usuarios/user-admin-prisma-lock-state.test.ts (5 tests) 84ms
 ✓ |node| tests/unit/identity/seed/deploy-hook.test.ts (11 tests) 173ms
 ✓ |node| tests/unit/recetas/storage-config.test.ts (5 tests) 62ms
 ✓ |node| tests/unit/inventario/product-list-params.test.ts (14 tests) 102ms
 ✓ |node| tests/unit/identity/usuarios/set-user-account-status-lock.test.ts (5 tests) 165ms
 ✓ |node| tests/unit/recetas/recipe-prisma-steps.test.ts (5 tests) 25ms
 ✓ |node| tests/unit/asignaciones-ui/assigned-orders-list-params.test.ts (10 tests) 90ms
 ✓ |node| tests/unit/configuracion-ui/private-nav-usuarios.test.ts (13 tests) 92ms
 ✓ |node| tests/unit/unidades/unit-prisma-where.test.ts (11 tests) 118ms
 ✓ |node| tests/unit/test-database/barrido-veredictos.test.ts (16 tests) 124ms
 ✓ |node| tests/unit/identity/resolve-session-user.test.ts (9 tests) 87ms
 ✓ |node| tests/unit/recetas-ui/recipe-step-document.test.ts (13 tests) 90ms
 ✓ |node| tests/unit/inventario/schema/inventario-split-migration.test.ts (8 tests) 51ms
 ✓ |node| tests/unit/unidades/unit-view-projection.test.ts (8 tests) 100ms
 ✓ |node| tests/unit/documentos/get-batch-status.test.ts (6 tests) 55ms
 ✓ |node| tests/unit/inventario/company-scope.test.ts (9 tests) 59ms
 ✓ |node| tests/unit/identity/require-permission.test.ts (17 tests) 64ms
 ✓ |node| tests/unit/identity/require-page-permission.test.ts (6 tests) 56ms
 ✓ |node| tests/unit/theme/color-tokens.test.ts (7 tests) 122ms
 ✓ |node| tests/unit/identity/logout-action.test.ts (4 tests) 62ms
 ✓ |node| tests/unit/asignaciones-ui/assigned-orders-route-contract.test.ts (12 tests) 135ms
 ✓ |node| tests/unit/recetas-ui/recipe-list-params.test.ts (37 tests) 46ms
 ✓ |node| tests/unit/pedidos/order-transitions.test.ts (21 tests) 92ms
 ✓ |node| tests/unit/identity/usuarios/set-user-account-status-cleared-lock-state.test.ts (5 tests) 109ms
 ✓ |node| tests/unit/pedidos-ui/order-list-params.test.ts (18 tests) 123ms
 ✓ |node| tests/unit/identity/session-revocation.test.ts (18 tests) 59ms
 ✓ |node| tests/guards/guard-primitivas-ui-usan-el-cn-del-repo.test.ts (3 tests) 60ms
 ✓ |node| tests/unit/configuracion-ui/private-nav-unidades.test.ts (10 tests) 81ms
 ✓ |node| tests/unit/documentos/qc106-alcance.test.ts (14 tests | 8 skipped) 263ms
 ✓ |node| tests/unit/proveedores-ui/supplier-list-params.test.ts (38 tests) 168ms
 ✓ |node| tests/unit/test-database/aviso-base-atrasada.test.ts (9 tests) 58ms
 ✓ |node| tests/unit/inventario/product-prisma.test.ts (14 tests) 73ms
 ✓ |node| tests/unit/documentos/ai-read-input.test.ts (9 tests) 74ms
 ✓ |node| tests/unit/identity/seed/initial-access-credentials-env.test.ts (6 tests) 50ms
 ✓ |node| tests/unit/unidades/delete-unit.test.ts (6 tests) 53ms
 ✓ |node| tests/unit/pedidos/create-order.test.ts (3 tests) 103ms
 ✓ |node| tests/unit/documentos/qc108-alcance.test.ts (13 tests | 8 skipped) 145ms
 ✓ |node| tests/unit/inventario/product-catalog.test.ts (8 tests) 219ms
 ✓ |node| tests/unit/proveedores-ui/catalog-list-params.test.ts (11 tests) 67ms
 ✓ |node| tests/unit/identity/work-group-name.test.ts (8 tests) 100ms
 ✓ |node| tests/unit/pedidos/delete-order.test.ts (6 tests) 51ms
 ✓ |node| tests/unit/configuracion-ui/private-nav-configuracion.test.ts (8 tests) 48ms
 ✓ |node| tests/unit/e2e-helpers/landing.test.ts (8 tests) 75ms
 ✓ |node| tests/unit/inventario/presentation-input.test.ts (7 tests) 105ms
 ✓ |node| tests/unit/recetas/recipe-image-scope.test.ts (4 tests) 37ms
 ✓ |node| tests/unit/identity/session-count-artifact.test.ts (9 tests) 111ms
 ✓ |node| tests/unit/inventario/product-name.test.ts (10 tests) 58ms
 ✓ |node| tests/unit/pedidos-ui/order-decimal.test.ts (13 tests) 71ms
 ✓ |node| tests/unit/recetas-ui/unit-group.test.ts (17 tests) 59ms
 ✓ |node| tests/unit/observabilidad/request-id.test.ts (7 tests) 251ms
 ✓ |node| tests/unit/identity/schema/seed-migration.test.ts (9 tests) 54ms
 ✓ |node| tests/unit/pedidos/order-view.test.ts (11 tests) 55ms
 ✓ |node| tests/guards/guard-password-hash-module.test.ts (4 tests) 42ms
 ✓ |node| tests/unit/identity/return-path.test.ts (28 tests) 49ms
 ✓ |node| tests/guards/guard-permisos-sembrados.test.ts (9 tests) 37ms
 ✓ |node| tests/unit/inventario/presentation-prisma.test.ts (15 tests) 64ms
 ✓ |node| tests/unit/unidades/domain/unit-name.test.ts (8 tests) 31ms
 ✓ |node| tests/unit/identity/breached-credential-list.test.ts (3 tests) 27ms
 ✓ |node| tests/unit/inventario/unit-cost.test.ts (7 tests) 28ms
 ✓ |node| tests/unit/identity/company-name.test.ts (8 tests) 46ms
 ✓ |node| tests/unit/inventario/module-contract.test.ts (5 tests) 41ms
 ✓ |node| tests/unit/composition/asignaciones-facade.test.ts (8 tests) 43ms
 ✓ |node| tests/unit/shared-ui/decimal-display.test.ts (12 tests) 80ms
 ✓ |node| tests/unit/recetas/schema/recipes-search-index-migration.test.ts (4 tests) 39ms
 ✓ |node| tests/unit/pedidos-ui/private-nav-pedidos.test.ts (4 tests) 37ms
 ✓ |node| tests/unit/identity/account-lock.test.ts (5 tests) 95ms
 ✓ |node| tests/guards/guard-qc102-limites-de-la-ficha.test.ts (6 tests | 3 skipped) 122ms
 ✓ |node| tests/unit/proveedores/catalog-line-fk.test.ts (4 tests) 42ms
 ✓ |node| tests/unit/configuracion-ui/user-labels.test.ts (15 tests) 52ms
 ✓ |node| tests/unit/shared/list-query-log.test.ts (3 tests) 30ms
 ✓ |node| tests/unit/configuracion-ui/unit-equivalence.test.ts (19 tests) 57ms
 ✓ |node| tests/guards/guard-doc-permisos.test.ts (6 tests) 44ms
 ✓ |node| tests/unit/identity/credencial/link-lifetime.test.ts (12 tests) 42ms
 ✓ |node| tests/guards/guard-nav-permisos-declarados.test.ts (7 tests) 64ms
 ✓ |node| tests/unit/proveedores-ui/catalog-directories.test.ts (7 tests) 55ms
 ✓ |node| tests/unit/configuracion-ui/grupos/usuarios-tabs.test.ts (11 tests) 95ms
 ✓ |node| tests/unit/pedidos-ui/permiso-ruta-pedidos.test.ts (6 tests) 72ms
 ✓ |node| tests/unit/proveedores/domain/supplier-name.test.ts (6 tests) 34ms
 ✓ |node| tests/unit/pedidos/domain/order-number.test.ts (4 tests) 20ms
 ✓ |node| tests/unit/recetas/domain/recipe-name.test.ts (6 tests) 39ms
 ✓ |node| tests/guards/guard-dependencias-aprobadas.test.ts (2 tests) 23ms
 ✓ |node| tests/unit/test-database/guardian-r12.test.ts (8 tests) 34ms
 ✓ |node| tests/unit/theme/theme-state.test.ts (5 tests) 85ms
 ✓ |node| tests/unit/identity/session-ticket.test.ts (4 tests) 38ms
 ✓ |node| tests/unit/middleware-root-contract.test.ts (6 tests) 74ms
 ✓ |node| tests/unit/pagination.test.ts (4 tests) 127ms
 ✓ |node| tests/unit/shared/listas-blancas-listados.test.ts (5 tests) 40ms
 ✓ |node| tests/unit/theme/sin-dependencias-nuevas.test.ts (1 test) 118ms
 ✓ |node| tests/unit/unidades/errors.test.ts (2 tests) 31ms
 ✓ |node| tests/unit/identity/session-check-log.test.ts (4 tests) 32ms
 ✓ |node| tests/guards/guard-nav-serializable.test.ts (3 tests) 46ms
 ✓ |node| tests/unit/recetas/recipe-image.test.ts (9 tests) 52ms
 ✓ |node| tests/unit/identity/display-name.test.ts (5 tests) 26ms
 ✓ |node| tests/unit/initials.test.ts (8 tests) 37ms
 ✓ |node| tests/unit/inventario/product-cost-amount.test.ts (14 tests) 66ms
 ✓ |node| tests/unit/documentos/ai-errors.test.ts (3 tests) 27ms
 ✓ |node| tests/unit/inventario/presentation-name.test.ts (6 tests) 80ms
 ✓ |node| tests/unit/configuracion-ui/permisos-unidades-coherentes.test.ts (6 tests) 42ms
 ✓ |node| tests/unit/pedidos/order-prisma-errors.test.ts (7 tests) 31ms
 ✓ |node| tests/unit/inventario/product-stock.test.ts (4 tests) 27ms
 ✓ |node| tests/unit/documentos/failure-kind.test.ts (6 tests) 25ms
 ✓ |node| tests/unit/theme/ui-primitivas-intactas.test.ts (1 test) 18ms
 ✓ |node| tests/unit/unidades/unit-write-port.test.ts (2 tests) 21ms
 ✓ |node| tests/unit/composition/documentos-facade.test.ts (3 tests) 27ms
stderr | tests/unit/pedidos-ui/order-sheet.test.tsx > panel lateral de pedidos (R25, R35, R36) > el alta se abre en un panel lateral SOBRE la lista, sin navegar a otra URL
An update to OrderForm inside a test was not wrapped in act(...).

When testing, code that causes React state updates should be wrapped into act(...):

act(() => {
  /* fire events that update state */
});
/* assert on the output */

This ensures that you're testing the behavior the user would see in the browser. Learn more at https://react.dev/link/wrap-tests-with-act
An update to OrderForm inside a test was not wrapped in act(...).

When testing, code that causes React state updates should be wrapped into act(...):

act(() => {
  /* fire events that update state */
});
/* assert on the output */

This ensures that you're testing the behavior the user would see in the browser. Learn more at https://react.dev/link/wrap-tests-with-act
An update to OrderForm inside a test was not wrapped in act(...).

When testing, code that causes React state updates should be wrapped into act(...):

act(() => {
  /* fire events that update state */
});
/* assert on the output */

This ensures that you're testing the behavior the user would see in the browser. Learn more at https://react.dev/link/wrap-tests-with-act

stderr | tests/unit/pedidos-ui/order-sheet.test.tsx > panel lateral de pedidos (R25, R35, R36) > al cerrar el panel la URL conserva pagina, tamano, orden y filtros
An update to OrderForm inside a test was not wrapped in act(...).

When testing, code that causes React state updates should be wrapped into act(...):

act(() => {
  /* fire events that update state */
});
/* assert on the output */

This ensures that you're testing the behavior the user would see in the browser. Learn more at https://react.dev/link/wrap-tests-with-act
An update to OrderForm inside a test was not wrapped in act(...).

When testing, code that causes React state updates should be wrapped into act(...):

act(() => {
  /* fire events that update state */
});
/* assert on the output */

This ensures that you're testing the behavior the user would see in the browser. Learn more at https://react.dev/link/wrap-tests-with-act
An update to OrderForm inside a test was not wrapped in act(...).

When testing, code that causes React state updates should be wrapped into act(...):

act(() => {
  /* fire events that update state */
});
/* assert on the output */

This ensures that you're testing the behavior the user would see in the browser. Learn more at https://react.dev/link/wrap-tests-with-act

stderr | tests/unit/pedidos-ui/order-sheet.test.tsx > panel lateral de pedidos (R25, R35, R36) > un alta con exito cierra el panel, avisa por toast y refresca la lista
An update to OrderForm inside a test was not wrapped in act(...).

When testing, code that causes React state updates should be wrapped into act(...):

act(() => {
  /* fire events that update state */
});
/* assert on the output */

This ensures that you're testing the behavior the user would see in the browser. Learn more at https://react.dev/link/wrap-tests-with-act
An update to OrderForm inside a test was not wrapped in act(...).

When testing, code that causes React state updates should be wrapped into act(...):

act(() => {
  /* fire events that update state */
});
/* assert on the output */

This ensures that you're testing the behavior the user would see in the browser. Learn more at https://react.dev/link/wrap-tests-with-act
An update to OrderForm inside a test was not wrapped in act(...).

When testing, code that causes React state updates should be wrapped into act(...):

act(() => {
  /* fire events that update state */
});
/* assert on the output */

This ensures that you're testing the behavior the user would see in the browser. Learn more at https://react.dev/link/wrap-tests-with-act

stderr | tests/unit/pedidos-ui/order-sheet.test.tsx > panel lateral de pedidos (R25, R35, R36) > un guardado rechazado NO cierra el panel
An update to OrderForm inside a test was not wrapped in act(...).

When testing, code that causes React state updates should be wrapped into act(...):

act(() => {
  /* fire events that update state */
});
/* assert on the output */

This ensures that you're testing the behavior the user would see in the browser. Learn more at https://react.dev/link/wrap-tests-with-act
An update to OrderForm inside a test was not wrapped in act(...).

When testing, code that causes React state updates should be wrapped into act(...):

act(() => {
  /* fire events that update state */
});
/* assert on the output */

This ensures that you're testing the behavior the user would see in the browser. Learn more at https://react.dev/link/wrap-tests-with-act
An update to OrderForm inside a test was not wrapped in act(...).

When testing, code that causes React state updates should be wrapped into act(...):

act(() => {
  /* fire events that update state */
});
/* assert on the output */

This ensures that you're testing the behavior the user would see in the browser. Learn more at https://react.dev/link/wrap-tests-with-act

stderr | tests/unit/proveedores-ui/supplier-page.test.tsx > pantalla de proveedores — lista sobre la tabla compartida > R8:la busqueda navega con el termino al cumplirse SEARCH_DEBOUNCE_MS, y vaciarla navega sin termino
An update to ForwardRef(LinkComponent) inside a test was not wrapped in act(...).

When testing, code that causes React state updates should be wrapped into act(...):

act(() => {
  /* fire events that update state */
});
/* assert on the output */

This ensures that you're testing the behavior the user would see in the browser. Learn more at https://react.dev/link/wrap-tests-with-act

stderr | tests/unit/proveedores-ui/supplier-page.test.tsx > pantalla de proveedores — lista sobre la tabla compartida > R8:la busqueda navega con el termino al cumplirse SEARCH_DEBOUNCE_MS, y vaciarla navega sin termino
An update to ForwardRef(LinkComponent) inside a test was not wrapped in act(...).

When testing, code that causes React state updates should be wrapped into act(...):

act(() => {
  /* fire events that update state */
});
/* assert on the output */

This ensures that you're testing the behavior the user would see in the browser. Learn more at https://react.dev/link/wrap-tests-with-act

stderr | tests/unit/proveedores-ui/supplier-page.test.tsx > pantalla de proveedores — lista sobre la tabla compartida > R8:la busqueda navega con el termino al cumplirse SEARCH_DEBOUNCE_MS, y vaciarla navega sin termino
An update to ForwardRef(LinkComponent) inside a test was not wrapped in act(...).

When testing, code that causes React state updates should be wrapped into act(...):

act(() => {
  /* fire events that update state */
});
/* assert on the output */

This ensures that you're testing the behavior the user would see in the browser. Learn more at https://react.dev/link/wrap-tests-with-act

stderr | tests/unit/proveedores-ui/supplier-page.test.tsx > pantalla de proveedores — lista sobre la tabla compartida > R8:la busqueda navega con el termino al cumplirse SEARCH_DEBOUNCE_MS, y vaciarla navega sin termino
An update to ForwardRef(LinkComponent) inside a test was not wrapped in act(...).

When testing, code that causes React state updates should be wrapped into act(...):

act(() => {
  /* fire events that update state */
});
/* assert on the output */

This ensures that you're testing the behavior the user would see in the browser. Learn more at https://react.dev/link/wrap-tests-with-act

stderr | tests/unit/proveedores-ui/supplier-page.test.tsx > pantalla de proveedores — lista sobre la tabla compartida > R8:la busqueda navega con el termino al cumplirse SEARCH_DEBOUNCE_MS, y vaciarla navega sin termino
An update to ForwardRef(LinkComponent) inside a test was not wrapped in act(...).

When testing, code that causes React state updates should be wrapped into act(...):

act(() => {
  /* fire events that update state */
});
/* assert on the output */

This ensures that you're testing the behavior the user would see in the browser. Learn more at https://react.dev/link/wrap-tests-with-act

stderr | tests/unit/proveedores-ui/supplier-page.test.tsx > pantalla de proveedores — lista sobre la tabla compartida > R8:la busqueda navega con el termino al cumplirse SEARCH_DEBOUNCE_MS, y vaciarla navega sin termino
An update to ForwardRef(LinkComponent) inside a test was not wrapped in act(...).

When testing, code that causes React state updates should be wrapped into act(...):

act(() => {
  /* fire events that update state */
});
/* assert on the output */

This ensures that you're testing the behavior the user would see in the browser. Learn more at https://react.dev/link/wrap-tests-with-act

stderr | tests/unit/proveedores-ui/supplier-page.test.tsx > pantalla de proveedores — lista sobre la tabla compartida > R8:la busqueda navega con el termino al cumplirse SEARCH_DEBOUNCE_MS, y vaciarla navega sin termino
An update to ForwardRef(LinkComponent) inside a test was not wrapped in act(...).

When testing, code that causes React state updates should be wrapped into act(...):

act(() => {
  /* fire events that update state */
});
/* assert on the output */

This ensures that you're testing the behavior the user would see in the browser. Learn more at https://react.dev/link/wrap-tests-with-act

stderr | tests/unit/proveedores-ui/supplier-page.test.tsx > pantalla de proveedores — lista sobre la tabla compartida > R8:la busqueda navega con el termino al cumplirse SEARCH_DEBOUNCE_MS, y vaciarla navega sin termino
An update to ForwardRef(LinkComponent) inside a test was not wrapped in act(...).

When testing, code that causes React state updates should be wrapped into act(...):

act(() => {
  /* fire events that update state */
});
/* assert on the output */

This ensures that you're testing the behavior the user would see in the browser. Learn more at https://react.dev/link/wrap-tests-with-act

stderr | tests/unit/proveedores-ui/supplier-page.test.tsx > pantalla de proveedores — lista sobre la tabla compartida > R8:la busqueda navega con el termino al cumplirse SEARCH_DEBOUNCE_MS, y vaciarla navega sin termino
An update to ForwardRef(LinkComponent) inside a test was not wrapped in act(...).

When testing, code that causes React state updates should be wrapped into act(...):

act(() => {
  /* fire events that update state */
});
/* assert on the output */

This ensures that you're testing the behavior the user would see in the browser. Learn more at https://react.dev/link/wrap-tests-with-act

stderr | tests/unit/proveedores-ui/supplier-page.test.tsx > pantalla de proveedores — lista sobre la tabla compartida > R8:la busqueda navega con el termino al cumplirse SEARCH_DEBOUNCE_MS, y vaciarla navega sin termino
An update to ForwardRef(LinkComponent) inside a test was not wrapped in act(...).

When testing, code that causes React state updates should be wrapped into act(...):

act(() => {
  /* fire events that update state */
});
/* assert on the output */

This ensures that you're testing the behavior the user would see in the browser. Learn more at https://react.dev/link/wrap-tests-with-act

stderr | tests/unit/proveedores-ui/supplier-page.test.tsx > pantalla de proveedores — lista sobre la tabla compartida > R8:la busqueda navega con el termino al cumplirse SEARCH_DEBOUNCE_MS, y vaciarla navega sin termino
An update to SupplierTable inside a test was not wrapped in act(...).

When testing, code that causes React state updates should be wrapped into act(...):

act(() => {
  /* fire events that update state */
});
/* assert on the output */

This ensures that you're testing the behavior the user would see in the browser. Learn more at https://react.dev/link/wrap-tests-with-act
An update to SupplierTable inside a test was not wrapped in act(...).

When testing, code that causes React state updates should be wrapped into act(...):

act(() => {
  /* fire events that update state */
});
/* assert on the output */

This ensures that you're testing the behavior the user would see in the browser. Learn more at https://react.dev/link/wrap-tests-with-act
An update to SelectValue inside a test was not wrapped in act(...).

When testing, code that causes React state updates should be wrapped into act(...):

act(() => {
  /* fire events that update state */
});
/* assert on the output */

This ensures that you're testing the behavior the user would see in the browser. Learn more at https://react.dev/link/wrap-tests-with-act

stderr | tests/unit/proveedores-ui/supplier-page.test.tsx > pantalla de proveedores — lista sobre la tabla compartida > R8:la busqueda navega con el termino al cumplirse SEARCH_DEBOUNCE_MS, y vaciarla navega sin termino
An update to SupplierTable inside a test was not wrapped in act(...).

When testing, code that causes React state updates should be wrapped into act(...):

act(() => {
  /* fire events that update state */
});
/* assert on the output */

This ensures that you're testing the behavior the user would see in the browser. Learn more at https://react.dev/link/wrap-tests-with-act
An update to SupplierTable inside a test was not wrapped in act(...).

When testing, code that causes React state updates should be wrapped into act(...):

act(() => {
  /* fire events that update state */
});
/* assert on the output */

This ensures that you're testing the behavior the user would see in the browser. Learn more at https://react.dev/link/wrap-tests-with-act
An update to SelectValue inside a test was not wrapped in act(...).

When testing, code that causes React state updates should be wrapped into act(...):

act(() => {
  /* fire events that update state */
});
/* assert on the output */

This ensures that you're testing the behavior the user would see in the browser. Learn more at https://react.dev/link/wrap-tests-with-act

stderr | tests/unit/pedidos-ui/order-sheet.test.tsx > panel lateral de pedidos (R25, R35, R36) > la zona privada sigue teniendo EXACTAMENTE una region de avisos
An update to OrderForm inside a test was not wrapped in act(...).

When testing, code that causes React state updates should be wrapped into act(...):

act(() => {
  /* fire events that update state */
});
/* assert on the output */

This ensures that you're testing the behavior the user would see in the browser. Learn more at https://react.dev/link/wrap-tests-with-act
An update to OrderForm inside a test was not wrapped in act(...).

When testing, code that causes React state updates should be wrapped into act(...):

act(() => {
  /* fire events that update state */
});
/* assert on the output */

This ensures that you're testing the behavior the user would see in the browser. Learn more at https://react.dev/link/wrap-tests-with-act
An update to OrderForm inside a test was not wrapped in act(...).

When testing, code that causes React state updates should be wrapped into act(...):

act(() => {
  /* fire events that update state */
});
/* assert on the output */

This ensures that you're testing the behavior the user would see in the browser. Learn more at https://react.dev/link/wrap-tests-with-act

stderr | tests/unit/pedidos-ui/order-sheet.test.tsx > panel lateral de pedidos (R25, R35, R36) > reabrir el alta arranca VACIO: el label del pedido anterior no hereda
An update to OrderForm inside a test was not wrapped in act(...).

When testing, code that causes React state updates should be wrapped into act(...):

act(() => {
  /* fire events that update state */
});
/* assert on the output */

This ensures that you're testing the behavior the user would see in the browser. Learn more at https://react.dev/link/wrap-tests-with-act
An update to OrderForm inside a test was not wrapped in act(...).

When testing, code that causes React state updates should be wrapped into act(...):

act(() => {
  /* fire events that update state */
});
/* assert on the output */

This ensures that you're testing the behavior the user would see in the browser. Learn more at https://react.dev/link/wrap-tests-with-act
An update to OrderForm inside a test was not wrapped in act(...).

When testing, code that causes React state updates should be wrapped into act(...):

act(() => {
  /* fire events that update state */
});
/* assert on the output */

This ensures that you're testing the behavior the user would see in the browser. Learn more at https://react.dev/link/wrap-tests-with-act

 ✓ |ui| tests/unit/pedidos-ui/order-sheet.test.tsx (8 tests) 29818ms
     ✓ el alta se abre en un panel lateral SOBRE la lista, sin navegar a otra URL  4624ms
     ✓ al cerrar el panel la URL conserva pagina, tamano, orden y filtros  3077ms
     ✓ un alta con exito cierra el panel, avisa por toast y refresca la lista  7336ms
     ✓ un guardado rechazado NO cierra el panel  6718ms
     ✓ la zona privada sigue teniendo EXACTAMENTE una region de avisos  2161ms
     ✓ la accion de editar de la fila abre el panel con el pedido precargado  806ms
     ✓ reabrir el alta arranca VACIO: el label del pedido anterior no hereda  4986ms
 ✓ |ui| tests/unit/configuracion-ui/unit-sheet.test.tsx (25 tests) 37584ms
     ✓ el alta se abre en un panel lateral, sin navegar y sin dialogo modal centrado  2167ms
     ✓ la edicion abre el MISMO panel lateral, tambien sin navegar  771ms
     ✓ cerrar el panel no navega: los parametros de lista de la URL siguen intactos  718ms
     ✓ ni empresa, ni ambito, ni id, ni marcas de tiempo  510ms
     ✓ el factor es un campo de TEXTO decimal, nunca `type="number"`  432ms
     ✓ nombre, simbolo, unidad de la que deriva y factor  696ms
     ✓ envia el reemplazo completo de los cuatro con el id ligado a la operacion  656ms
     ✓ en el alta ofrece las bases de sistema y la opcion de no derivar  2203ms
     ✓ en la edicion NO se ofrece la propia unidad, aunque llegue en la lista de bases  1483ms
     ✓ no ofrece unidades DERIVADAS: solo llegan bases y la pantalla no inventa ninguna  1701ms
     ✓ sin simbolo declarado, la clave `symbol` NO viaja —y desde luego no como cadena vacia—  1978ms
     ✓ sin derivacion declarada, NINGUNA de las dos claves de la equivalencia viaja  1570ms
     ✓ con derivacion declarada y factor EN BLANCO, viaja `baseUnitId` y NO viaja `factor`  2173ms
     ✓ con los cuatro declarados viajan los cuatro, y ninguna clave llega vacia  3936ms
     ✓ la opcion «no deriva de ninguna» tiene el valor vacio, y por eso la clave se OMITE  2792ms
     ✓ `duplicate_name` va junto al campo del nombre, y el panel sigue abierto con lo escrito  1340ms
     ✓ `duplicate_symbol` va junto al campo del simbolo  1563ms
     ✓ `invalid_derivation` va junto al SELECTOR de la unidad de la que deriva  2833ms
     ✓ cualquier otro codigo va a la region de error del formulario  1679ms
     ✓ el alta  1011ms
     ✓ la edicion  764ms
     ✓ el panel no monta ninguna region de avisos propia (R39)  642ms
     ✓ el error inesperado ensena el identificador como texto, con su etiqueta  2204ms
     ✓ un error del catalogo no ensena identificador ninguno  1715ms
stderr | tests/unit/inventario/product-page.test.tsx > pantalla de productos — lista > mientras carga presenta el esqueleto en lugar de la tabla
<ProductListSection> is an async Client Component. Only Server Components can be async at the moment. This error is often caused by accidentally adding `'use client'` to a module that was originally written for the server.

stderr | tests/unit/inventario/product-page.test.tsx > pantalla de productos — lista > mientras carga presenta el esqueleto en lugar de la tabla
A component suspended inside an `act` scope, but the `act` call was not awaited. When testing React components that depend on asynchronous data, you must await the result:

await act(() => ...)
A suspended resource finished loading inside a test, but the event was not wrapped in act(...).

When testing, code that resolves suspended data should be wrapped into act(...):

act(() => {
  /* finish loading suspended data */
});
/* assert on the output */

This ensures that you're testing the behavior the user would see in the browser. Learn more at https://react.dev/link/wrap-tests-with-act

stderr | tests/unit/pedidos-ui/order-form.test.tsx > formulario de alta de pedido (R26, R27, R30, R33, R39) > ningun formulario ofrece campo de fecha de solicitud, ni motivo, ni correlativo, ni autoria
An update to OrderForm inside a test was not wrapped in act(...).

When testing, code that causes React state updates should be wrapped into act(...):

act(() => {
  /* fire events that update state */
});
/* assert on the output */

This ensures that you're testing the behavior the user would see in the browser. Learn more at https://react.dev/link/wrap-tests-with-act
An update to OrderForm inside a test was not wrapped in act(...).

When testing, code that causes React state updates should be wrapped into act(...):

act(() => {
  /* fire events that update state */
});
/* assert on the output */

This ensures that you're testing the behavior the user would see in the browser. Learn more at https://react.dev/link/wrap-tests-with-act
An update to OrderForm inside a test was not wrapped in act(...).

When testing, code that causes React state updates should be wrapped into act(...):

act(() => {
  /* fire events that update state */
});
/* assert on the output */

This ensures that you're testing the behavior the user would see in the browser. Learn more at https://react.dev/link/wrap-tests-with-act

 ✓ |ui| tests/unit/configuracion-ui/presentation-sheet.test.tsx (19 tests) 43371ms
     ✓ el alta se abre en un panel lateral, sin navegar y sin dialogo modal centrado  4576ms
     ✓ cerrar el panel no navega: los parametros de lista de la URL siguen intactos  1558ms
     ✓ la edicion abre el MISMO panel lateral, precargado con el nombre actual  516ms
     ✓ la edicion envia el reemplazo completo con el id ligado a la operacion  1479ms
     ✓ el formulario captura EXACTAMENTE los campos de negocio declarados, y ninguno mas  505ms
     ✓ un rechazo por nombre duplicado se pinta JUNTO AL CAMPO sin cerrar ni perder lo escrito  5283ms
     ✓ un rechazo sin campo senalado va a la region de error del formulario  3999ms
     ✓ un nombre sin ningun caracter valido no llega a la operacion y se marca en el campo  4698ms
     ✓ un alta con exito cierra el panel, avisa por toast y refresca la lista  3278ms
     ✓ una edicion con exito cierra el panel, avisa por toast y refresca la lista  812ms
     ✓ el panel no monta ninguna region de avisos propia  452ms
     ✓ el alta EXIGE unidad: sin ella no se envia nada y el error se pinta JUNTO al campo (R17)  851ms
     ✓ el formulario ofrece TODAS las unidades del catalogo que recibe (R16)  1842ms
     ✓ la edicion PRECARGA la unidad de la presentacion, derivada del contrato (R15)  752ms
     ✓ la edicion reemplaza la unidad cuando se elige otra (R12, R15)  2702ms
     ✓ tras un rechazo del servidor el panel sigue abierto con el nombre Y la unidad (R18)  3276ms
     ✓ el error inesperado ensena el identificador como texto, con su etiqueta  2525ms
     ✓ un error del catalogo no ensena identificador ninguno  4144ms
stderr | tests/unit/proveedores-ui/supplier-page.test.tsx > pantalla de proveedores — estados > R20: vacio, sin resultados, cargando y error son mutuamente excluyentes y se distinguen por data-testid
<SupplierListSection> is an async Client Component. Only Server Components can be async at the moment. This error is often caused by accidentally adding `'use client'` to a module that was originally written for the server.

stderr | tests/unit/proveedores-ui/supplier-page.test.tsx > pantalla de proveedores — estados > R20: vacio, sin resultados, cargando y error son mutuamente excluyentes y se distinguen por data-testid
A suspended resource finished loading inside a test, but the event was not wrapped in act(...).

When testing, code that resolves suspended data should be wrapped into act(...):

act(() => {
  /* finish loading suspended data */
});
/* assert on the output */

This ensures that you're testing the behavior the user would see in the browser. Learn more at https://react.dev/link/wrap-tests-with-act
A component suspended inside an `act` scope, but the `act` call was not awaited. When testing React components that depend on asynchronous data, you must await the result:

await act(() => ...)

stderr | tests/unit/recetas-ui/recipe-page.test.tsx > pantalla de recetas — datos y estados > R18: mientras carga presenta el esqueleto propio con tantas filas como el tamano pedido y sin tabla
<RecipeListSection> is an async Client Component. Only Server Components can be async at the moment. This error is often caused by accidentally adding `'use client'` to a module that was originally written for the server.

stderr | tests/unit/proveedores-ui/supplier-page.test.tsx > pantalla de proveedores — estados > R18: mientras carga presenta el esqueleto propio con tantas filas como el tamano pedido
A suspended resource finished loading inside a test, but the event was not wrapped in act(...).

When testing, code that resolves suspended data should be wrapped into act(...):

act(() => {
  /* finish loading suspended data */
});
/* assert on the output */

This ensures that you're testing the behavior the user would see in the browser. Learn more at https://react.dev/link/wrap-tests-with-act

stderr | tests/unit/recetas-ui/recipe-page.test.tsx > pantalla de recetas — datos y estados > R18: mientras carga presenta el esqueleto propio con tantas filas como el tamano pedido y sin tabla
A suspended resource finished loading inside a test, but the event was not wrapped in act(...).

When testing, code that resolves suspended data should be wrapped into act(...):

act(() => {
  /* finish loading suspended data */
});
/* assert on the output */

This ensures that you're testing the behavior the user would see in the browser. Learn more at https://react.dev/link/wrap-tests-with-act
A component suspended inside an `act` scope, but the `act` call was not awaited. When testing React components that depend on asynchronous data, you must await the result:

await act(() => ...)

stderr | tests/unit/recetas-ui/recipe-form.test.tsx > R32 — los pasos se añaden, editan y quitan, y se envían en el orden mostrado > añadir tres pasos, editar uno y quitar otro deja el orden esperado en el payload
An update to RecipeForm inside a test was not wrapped in act(...).

When testing, code that causes React state updates should be wrapped into act(...):

act(() => {
  /* fire events that update state */
});
/* assert on the output */

This ensures that you're testing the behavior the user would see in the browser. Learn more at https://react.dev/link/wrap-tests-with-act

stderr | tests/unit/recetas-ui/recipe-page.test.tsx > pantalla de recetas — datos y estados > R20: el estado «'cargando'» se presenta sin ninguno de los otros
A suspended resource finished loading inside a test, but the event was not wrapped in act(...).

When testing, code that resolves suspended data should be wrapped into act(...):

act(() => {
  /* finish loading suspended data */
});
/* assert on the output */

This ensures that you're testing the behavior the user would see in the browser. Learn more at https://react.dev/link/wrap-tests-with-act

stderr | tests/unit/recetas-ui/recipe-form.test.tsx > R32 — los pasos se añaden, editan y quitan, y se envían en el orden mostrado > añadir tres pasos, editar uno y quitar otro deja el orden esperado en el payload
An update to RecipeForm inside a test was not wrapped in act(...).

When testing, code that causes React state updates should be wrapped into act(...):

act(() => {
  /* fire events that update state */
});
/* assert on the output */

This ensures that you're testing the behavior the user would see in the browser. Learn more at https://react.dev/link/wrap-tests-with-act

 ✓ |ui| tests/unit/configuracion-ui/user-sheet.test.tsx (28 tests) 42020ms
     ✓ el alta abre un panel lateral, sin navegar y sin dialogo modal centrado  4044ms
     ✓ la edicion abre el MISMO panel lateral, tambien sin navegar  2062ms
     ✓ cerrar el panel no navega: los parametros de lista de la URL siguen intactos  1085ms
     ✓ pide la ficha al abrirse, con el identificador de la fila  991ms
     ✓ MIENTRAS la ficha se obtiene, el panel presenta un indicador de carga y ningun formulario  1368ms
     ✓ con la ficha resuelta precarga los nueve, y la fecha en el formato del campo  1180ms
     ✓ envia el REEMPLAZO COMPLETO de los nueve, con el id atado a la operacion  1585ms
     ✓ un rechazo de la EDICION tampoco cierra el panel  1250ms
     ✓ el alta cierra el panel, avisa una vez y refresca sin tocar la URL  6406ms
     ✓ el aviso del alta es NEUTRO: ni credencial, ni enlace, ni via de acceso (R28)  4510ms
     ✓ la edicion cierra el panel, avisa una vez y refresca  1943ms
     ✓ el panel no monta ninguna region de avisos propia (R29)  509ms
     ✓ R7 — sobre otra persona activa se ofrece dentro del panel, con su nombre en el nombre accesible  1251ms
     ✓ R11 — con la cuenta `pending` el control NO existe en el DOM  1272ms
     ✓ R11 — con la cuenta `inactive` el control NO existe en el DOM  949ms
     ✓ R11 — con la cuenta `blocked` el control NO existe en el DOM  657ms
     ✓ R11 — en el alta, que no tiene sujeto, el control tampoco existe  1042ms
     ✓ R12 — si la persona del panel es el propio actor, el control NO existe en el DOM  995ms
     ✓ R9 — pulsar el disparador abre la confirmacion con el nombre y NO invoca la action  1490ms
     ✓ R9 — volver cierra la confirmacion sin invocar nada y el panel sigue abierto  1560ms
     ✓ R10 — confirmar invoca la action EXACTAMENTE una vez con el id, y NINGUNA escritura de edicion  1470ms
     ✓ R13 — con exito se cierra la confirmacion, se avisa una vez y se refresca sin navegar  1522ms
     ✓ R14 — un rechazo se pinta dentro de la confirmacion, que sigue abierta, sin aviso de exito  1557ms
     ✓ R16 — el control lo gobiernan SOLO las props: cambiar `currentUserId` lo quita y lo devuelve  929ms
stderr | tests/unit/recetas-ui/recipe-form.test.tsx > R32 — los pasos se añaden, editan y quitan, y se envían en el orden mostrado > añadir tres pasos, editar uno y quitar otro deja el orden esperado en el payload
An update to RecipeForm inside a test was not wrapped in act(...).

When testing, code that causes React state updates should be wrapped into act(...):

act(() => {
  /* fire events that update state */
});
/* assert on the output */

This ensures that you're testing the behavior the user would see in the browser. Learn more at https://react.dev/link/wrap-tests-with-act

stderr | tests/unit/recetas-ui/recipe-form.test.tsx > R32 — los pasos se añaden, editan y quitan, y se envían en el orden mostrado > añadir tres pasos, editar uno y quitar otro deja el orden esperado en el payload
An update to RecipeForm inside a test was not wrapped in act(...).

When testing, code that causes React state updates should be wrapped into act(...):

act(() => {
  /* fire events that update state */
});
/* assert on the output */

This ensures that you're testing the behavior the user would see in the browser. Learn more at https://react.dev/link/wrap-tests-with-act

stderr | tests/unit/recetas-ui/recipe-form.test.tsx > R33 — reordenar por arrastre (ratón) cambia el orden enviado > arrastrar el primer paso hasta la tercera posición reordena el payload
An update to RecipeForm inside a test was not wrapped in act(...).

When testing, code that causes React state updates should be wrapped into act(...):

act(() => {
  /* fire events that update state */
});
/* assert on the output */

This ensures that you're testing the behavior the user would see in the browser. Learn more at https://react.dev/link/wrap-tests-with-act

stderr | tests/unit/recetas-ui/recipe-form.test.tsx > R33 — reordenar por arrastre (ratón) cambia el orden enviado > arrastrar el primer paso hasta la tercera posición reordena el payload
An update to RecipeForm inside a test was not wrapped in act(...).

When testing, code that causes React state updates should be wrapped into act(...):

act(() => {
  /* fire events that update state */
});
/* assert on the output */

This ensures that you're testing the behavior the user would see in the browser. Learn more at https://react.dev/link/wrap-tests-with-act

stderr | tests/unit/recetas-ui/recipe-form.test.tsx > R33 — reordenar por arrastre (ratón) cambia el orden enviado > arrastrar el primer paso hasta la tercera posición reordena el payload
An update to RecipeForm inside a test was not wrapped in act(...).

When testing, code that causes React state updates should be wrapped into act(...):

act(() => {
  /* fire events that update state */
});
/* assert on the output */

This ensures that you're testing the behavior the user would see in the browser. Learn more at https://react.dev/link/wrap-tests-with-act

stderr | tests/unit/recetas-ui/recipe-form.test.tsx > R34 — el equivalente por teclado reordena y el asa anuncia su posición > Tab hasta el asa, Espacio para tomar, flecha para mover y Espacio para soltar cambian el payload
An update to RecipeForm inside a test was not wrapped in act(...).

When testing, code that causes React state updates should be wrapped into act(...):

act(() => {
  /* fire events that update state */
});
/* assert on the output */

This ensures that you're testing the behavior the user would see in the browser. Learn more at https://react.dev/link/wrap-tests-with-act

stderr | tests/unit/inventario/product-page.test.tsx > pantalla de productos — alta, edicion y borrado > un guardado rechazado por la operacion muestra el error del formulario y conserva lo escrito
An update to DialogBackdrop inside a test was not wrapped in act(...).

When testing, code that causes React state updates should be wrapped into act(...):

act(() => {
  /* fire events that update state */
});
/* assert on the output */

This ensures that you're testing the behavior the user would see in the browser. Learn more at https://react.dev/link/wrap-tests-with-act
An update to DialogPopup inside a test was not wrapped in act(...).

When testing, code that causes React state updates should be wrapped into act(...):

act(() => {
  /* fire events that update state */
});
/* assert on the output */

This ensures that you're testing the behavior the user would see in the browser. Learn more at https://react.dev/link/wrap-tests-with-act

stderr | tests/unit/recetas-ui/recipe-form.test.tsx > R34 — el equivalente por teclado reordena y el asa anuncia su posición > Tab hasta el asa, Espacio para tomar, flecha para mover y Espacio para soltar cambian el payload
An update to RecipeForm inside a test was not wrapped in act(...).

When testing, code that causes React state updates should be wrapped into act(...):

act(() => {
  /* fire events that update state */
});
/* assert on the output */

This ensures that you're testing the behavior the user would see in the browser. Learn more at https://react.dev/link/wrap-tests-with-act

stderr | tests/unit/recetas-ui/recipe-form.test.tsx > R34 — el equivalente por teclado reordena y el asa anuncia su posición > Tab hasta el asa, Espacio para tomar, flecha para mover y Espacio para soltar cambian el payload
An update to RecipeForm inside a test was not wrapped in act(...).

When testing, code that causes React state updates should be wrapped into act(...):

act(() => {
  /* fire events that update state */
});
/* assert on the output */

This ensures that you're testing the behavior the user would see in the browser. Learn more at https://react.dev/link/wrap-tests-with-act

 ✓ |ui| tests/unit/pedidos-ui/order-form.test.tsx (33 tests) 70621ms
     ✓ captura los TRES campos de negocio y los envia a la operacion de alta  7877ms
     ✓ al salir del campo, la cantidad se coloca a DOS decimales y sin ceros finales  13005ms
     ✓ el enviar colocado a dos decimales: «0.1005» viaja como «0.1» en el FormData  3399ms
     ✓ captura la cantidad con el control NUMERICO del navegador, con paso libre  371ms
     ✓ presenta la prioridad por defecto del contrato PRESELECCIONADA y visible  3217ms
     ✓ ofrece las CUATRO prioridades que publica el contrato  2087ms
     ✓ el alta NO ofrece selector de estado  2384ms
     ✓ ningun formulario ofrece campo de fecha de solicitud, ni motivo, ni correlativo, ni autoria  960ms
     ✓ precarga los valores actuales y envia el REEMPLAZO COMPLETO mas el estado  1495ms
     ✓ el selector de estado ofrece los editables del contrato y NUNCA «CANCELADO»  1658ms
     ✓ «recipe_not_found» se pinta junto al SELECTOR DE RECETA, no en la region del formulario  719ms
     ✓ «invalid_transition» va al selector de estado  1218ms
     ✓ un codigo que no senala campo va a la region de aviso del formulario y no pierde lo escrito  3098ms
     ✓ una cantidad que el ESQUEMA del contrato rechaza no llega a la operacion  1281ms
     ✓ el titulo pasa a nombrar la receta elegida y la cantidad tecleada  2322ms
     ✓ el hueco de la imagen existe desde el principio, con el marcador comun  839ms
     ✓ elegir una receta con imagen sustituye el marcador por ella  1617ms
     ✓ y elegir una receta SIN imagen (ruta nula) deja el marcador donde estaba  1231ms
     ✓ en el alta, Guardar esta deshabilitado hasta elegir una receta  1895ms
     ✓ editar el campo tras elegir retira la receta y vuelve a bloquear Guardar  2997ms
     ✓ sin receta elegida la tabla de ingredientes no se monta  341ms
     ✓ elegir una receta pide su detalle y pinta la tabla con los datos de los productos  1710ms
     ✓ la edicion pide el detalle de la receta YA elegida al montar el panel  1053ms
     ✓ una receta sin ingredientes se dice, no se pinta una tabla vacia  1490ms
     ✓ la «cantidad requerida» parte de 0 y el «restante» la descuenta del stock  1938ms
     ✓ un restante negativo se resalta en rojo  1589ms
     ✓ R12 — con existencia en la unidad de la linea, el restante resta normal  1673ms
     ✓ R13 — con lotes pero ninguno en la unidad de la linea, existencia y restante muestran el marcador  1292ms
     ✓ R14 — sin ningun lote, la existencia es 0 y el restante negativo se destaca como faltante  1893ms
     ✓ si el detalle falla, la tabla se sustituye por el estado de error de los ingredientes  1461ms
     ✓ el error inesperado ensena el identificador como texto, con su etiqueta  1417ms
     ✓ un error del catalogo no ensena identificador ninguno  1057ms
stderr | tests/unit/recetas-ui/recipe-form.test.tsx > QC-64 R24 — el arrastre por teclado sigue funcionando con el editor dentro de la fila > R24: tomar el asa con Espacio, mover con las flechas y soltar cambia el orden del payload aunque cada paso monte un editor
An update to RecipeForm inside a test was not wrapped in act(...).

When testing, code that causes React state updates should be wrapped into act(...):

act(() => {
  /* fire events that update state */
});
/* assert on the output */

This ensures that you're testing the behavior the user would see in the browser. Learn more at https://react.dev/link/wrap-tests-with-act

 ✓ |ui| tests/unit/recetas-ui/recipe-page.test.tsx (46 tests) 79403ms
     ✓ R1: la lista monta la tabla compartida dentro del armazon privado, sin main ni paginacion propios  3519ms
     ✓ QC-26 R5: el item del sidebar comparte RECIPES_LABEL con el encabezado  1506ms
     ✓ R2: la lista presenta imagen, nombre, pasos, creado, actualizado y acciones, y nunca la descripcion  1209ms
     ✓ R3: la lista no muestra id, createdBy ni updatedBy  929ms
     ✓ R5: la imagen usa la direccion de la consulta tal cual y sin imagen se pinta el marcador  2372ms
     ✓ R21: las acciones van en una columna que no se puede fijar, siempre visibles y con area tactil de 44x44  1247ms
     ✓ R21: editar navega a la pagina de la receta y crear a la de alta, sin abrir panel ni modal  844ms
     ✓ R6, R7, R8, R10: hay busqueda, solo name, createdAt y updatedAt ordenan por cabecera, y ordenar navega sin reordenar las filas  3385ms
     ✓ R6: el orden elegido en el menu de la cabecera navega, y la cabecera expone el orden vigente  4148ms
     ✓ R7: los menus de imagen y pasos no ofrecen orden  4168ms
     ✓ R8: vaciar la busqueda navega sin termino y escribir uno navega con el, una sola vez tras el rebote  2813ms
     ✓ R9: el atajo de fecha navega con el rango, limpiarlo navega sin el, y ninguna otra columna filtra  8082ms
     ✓ R9: elegir a mano en el calendario un dia de inicio y otro de fin navega con ese rango en YYYY-MM-DD  11402ms
     ✓ R10: las filas son las que devolvio la operacion y en su orden, aunque la URL pida otro orden  708ms
     ✓ R12: una URL con pagina, tamano, orden, busqueda y rango pide la lista con todos ellos  1057ms
     ✓ R13: los parametros invalidos se acotan uno a uno y la lista se presenta sin fallar  1084ms
     ✓ R14: mientras un gesto esta en vuelo la tabla se marca ocupada y el campo de busqueda conserva foco y texto  2497ms
     ✓ R15: pintar una pagina invoca la operacion de listado una sola vez y nunca la de detalle  1271ms
     ✓ R16: sin busqueda ni filtro y sin recetas presenta el vacio propio fuera de la tabla, con crear  385ms
     ✓ R17: una pagina que se quedo atras ofrece volver a la primera conservando tamano y orden  314ms
     ✓ R18: mientras carga presenta el esqueleto propio con tantas filas como el tamano pedido y sin tabla  2802ms
     ✓ R19: un error de la consulta presenta el error propio con reintento, fuera de la tabla  368ms
     ✓ R19: un error unauthorized se presenta y no se muestra ningun dato de la lista  313ms
     ✓ R20: el estado «'vacio'» se presenta sin ninguno de los otros  448ms
     ✓ R20: el estado «'sinResultados'» se presenta sin ninguno de los otros  416ms
     ✓ R20: el estado «'cargando'» se presenta sin ninguno de los otros  529ms
     ✓ R20: el estado «'filas'» se presenta sin ninguno de los otros  927ms
     ✓ R32, R33: con busqueda y cero filas presenta sin resultados dentro de la tabla, sin crear, y limpiar conserva tamano y orden  820ms
     ✓ R32: con busqueda, cero filas y pagina 3 ofrece volver a la primera conservando busqueda, filtro, tamano y orden  439ms
     ✓ R14, R33: pasar de filas a sin resultados con el mismo arbol conserva el campo de busqueda, su foco y su texto  1649ms
     ✓ R22: el selector de tamano ofrece 10 y 25, usa 10 por defecto y cambiarlo navega a la primera pagina  3301ms
     ✓ R23: permite avanzar y retroceder e indica la pagina actual y el total  1380ms
     ✓ R23: en los extremos no ofrece avanzar ni retroceder mas alla  624ms
     ✓ R24: el desbordamiento horizontal lo absorbe el envoltorio de la tabla y ningun ancestro  761ms
     ✓ R24: en viewport angosto y ancho la lista, sus acciones, el orden, la busqueda y el filtro estan a la vista y son tactiles  1634ms
     ✓ QC-26 R25: la zona privada sigue teniendo exactamente una region de avisos  597ms
     ✓ el borrado pide confirmacion nombrando la receta y sin confirmar no invoca la operacion  2588ms
     ✓ un borrado con exito cierra el dialogo, avisa por toast y refresca la lista  1380ms
     ✓ un borrado rechazado muestra el error en el dialogo y no navega ni refresca  1273ms
     ✓ el error inesperado ensena el identificador como texto, con su etiqueta  372ms
     ✓ un error del catalogo no ensena identificador ninguno  370ms
     ✓ el error inesperado ensena el identificador como texto, con su etiqueta  1727ms
     ✓ un error del catalogo no ensena identificador ninguno  1420ms
stderr | tests/unit/recetas-ui/recipe-form.test.tsx > QC-64 R24 — el arrastre por teclado sigue funcionando con el editor dentro de la fila > R24: tomar el asa con Espacio, mover con las flechas y soltar cambia el orden del payload aunque cada paso monte un editor
An update to RecipeForm inside a test was not wrapped in act(...).

When testing, code that causes React state updates should be wrapped into act(...):

act(() => {
  /* fire events that update state */
});
/* assert on the output */

This ensures that you're testing the behavior the user would see in the browser. Learn more at https://react.dev/link/wrap-tests-with-act

stderr | tests/unit/recetas-ui/recipe-form.test.tsx > QC-64 R24 — el arrastre por teclado sigue funcionando con el editor dentro de la fila > R24: tomar el asa con Espacio, mover con las flechas y soltar cambia el orden del payload aunque cada paso monte un editor
An update to RecipeForm inside a test was not wrapped in act(...).

When testing, code that causes React state updates should be wrapped into act(...):

act(() => {
  /* fire events that update state */
});
/* assert on the output */

This ensures that you're testing the behavior the user would see in the browser. Learn more at https://react.dev/link/wrap-tests-with-act

stderr | tests/unit/recetas-ui/recipe-form.test.tsx > QC-64 R11, R13 y R22 — la vista previa lee lo que hay escrito y no guarda nada > R3, R11: abrir la vista previa no invoca ninguna operacion, monta el asistente SIN espera y sobre los pasos escritos EN ESE INSTANTE
An update to RecipeForm inside a test was not wrapped in act(...).

When testing, code that causes React state updates should be wrapped into act(...):

act(() => {
  /* fire events that update state */
});
/* assert on the output */

This ensures that you're testing the behavior the user would see in the browser. Learn more at https://react.dev/link/wrap-tests-with-act

stderr | tests/unit/recetas-ui/recipe-form.test.tsx > QC-64 R11, R13 y R22 — la vista previa lee lo que hay escrito y no guarda nada > R3, R11: abrir la vista previa no invoca ninguna operacion, monta el asistente SIN espera y sobre los pasos escritos EN ESE INSTANTE
An update to RecipeForm inside a test was not wrapped in act(...).

When testing, code that causes React state updates should be wrapped into act(...):

act(() => {
  /* fire events that update state */
});
/* assert on the output */

This ensures that you're testing the behavior the user would see in the browser. Learn more at https://react.dev/link/wrap-tests-with-act

stderr | tests/unit/recetas-ui/recipe-form.test.tsx > QC-64 R11, R13 y R22 — la vista previa lee lo que hay escrito y no guarda nada > R13: cerrar la vista previa con Esc devuelve el formulario intacto y el foco al boton que la abrio, y el payload es el mismo que sin haberla abierto
An update to RecipeForm inside a test was not wrapped in act(...).

When testing, code that causes React state updates should be wrapped into act(...):

act(() => {
  /* fire events that update state */
});
/* assert on the output */

This ensures that you're testing the behavior the user would see in the browser. Learn more at https://react.dev/link/wrap-tests-with-act

 ✓ |ui| tests/unit/configuracion-ui/user-form.test.tsx (23 tests) 74669ms
     ✓ los controles con nombre son los nueve, ni uno mas  4232ms
     ✓ el `FormData` que sale lleva los nueve nombres y ninguna clave de credencial  8042ms
     ✓ los valores viajan TAL CUAL, sin recortes ni minusculas forzadas en el cliente  4648ms
     ✓ la fecha de nacimiento es un campo de fecha, que es lo que el esquema espera (R26)  1183ms
     ✓ el tipo de documento ofrece exactamente los codigos del conjunto cerrado  1659ms
     ✓ el rol ofrece exactamente los del catalogo recibido  2089ms
     ✓ sin catalogo lo dice de forma identificable y NO inventa ninguna opcion (R24)  1865ms
     ✓ `duplicate_email` se pinta junto a su campo y en ningun otro sitio  4850ms
     ✓ `duplicate_username` se pinta junto a su campo y en ningun otro sitio  4634ms
     ✓ `duplicate_document` se pinta junto a su campo y en ningun otro sitio  5118ms
     ✓ `role_not_found` se pinta junto al SELECTOR de rol  4203ms
     ✓ `invalid_input` va a la region de error del formulario, no junto a un campo  4015ms
     ✓ `self_operation` va a la region de error del formulario, no junto a un campo  4128ms
     ✓ `last_administrator` va a la region de error del formulario, no junto a un campo  3578ms
     ✓ `user_not_found` va a la region de error del formulario, no junto a un campo  3682ms
     ✓ `unauthorized` va a la region de error del formulario, no junto a un campo  3594ms
     ✓ un rechazo NO cierra el panel, NO avisa de exito y NO pierde lo escrito  3355ms
     ✓ el inesperado trae la referencia; el catalogado no trae ninguna  6531ms
     ✓ R11 R12 — sin `endSessions` no se emite NADA: ni el disparador ni un contenedor vacio  815ms
     ✓ R7 — con `endSessions` se ofrece dentro del panel, con un nombre accesible que incluye el nombre  772ms
     ✓ R10 — pulsarlo avisa al panel UNA vez y NO envia el formulario de edicion  511ms
     ✓ R10 — el disparador no anade ningun campo al `FormData`: siguen siendo los nueve  486ms
     ✓ R15 — mide al menos 44x44 px y esta en el DOM sin depender de `:hover`  657ms
stderr | tests/unit/recetas-ui/recipe-form.test.tsx > QC-64 R11, R13 y R22 — la vista previa lee lo que hay escrito y no guarda nada > R13: cerrar la vista previa con Esc devuelve el formulario intacto y el foco al boton que la abrio, y el payload es el mismo que sin haberla abierto
An update to RecipeForm inside a test was not wrapped in act(...).

When testing, code that causes React state updates should be wrapped into act(...):

act(() => {
  /* fire events that update state */
});
/* assert on the output */

This ensures that you're testing the behavior the user would see in the browser. Learn more at https://react.dev/link/wrap-tests-with-act

 ✓ |ui| tests/unit/proveedores-ui/supplier-page.test.tsx (49 tests) 99030ms
     ✓ R1: se renderiza dentro del armazon privado con la tabla compartida, sin tabla ni paginacion propias  2727ms
     ✓ R2, R18: presenta exactamente nombre, telefono, correo, creado, actualizado y acciones, y el esqueleto cuenta las mismas  1245ms
     ✓ R3: no muestra el id tecnico, el nombre normalizado ni los ids de autoria  649ms
     ✓ R4: cada fila enlaza al detalle de su proveedor con la ruta del helper  736ms
     ✓ R6, R7, R10: ofrece busqueda y orden por cabecera en nombre y fechas, y pinta las filas del simulador en su orden  5677ms
     ✓ R6: el orden de la URL llega a la accion y a aria-sort, y el menu de la cabecera navega con el orden elegido  4257ms
     ✓ R7: telefono, correo y acciones no ofrecen orden ni en la cabecera ni en su menu  5072ms
     ✓ R8:la busqueda navega con el termino al cumplirse SEARCH_DEBOUNCE_MS, y vaciarla navega sin termino  1264ms
     ✓ R9: el atajo de fecha navega con el rango de creacion, limpiarlo navega sin rango, y ninguna otra columna filtra  9063ms
     ✓ R9: elegir a mano en el calendario un dia de inicio y otro de fin navega con ese rango en YYYY-MM-DD  12573ms
     ✓ R10: pinta las filas tal cual llegan aunque la URL pida otro orden y un termino que no coincide  1370ms
     ✓ R14: con la navegacion en vuelo la tabla se marca aria-busy y la busqueda conserva el foco y el texto  1313ms
     ✓ R21: la columna de acciones no se puede fijar y sus controles se ven sin puntero, con area tactil de 44x44  1112ms
     ✓ R24: la columna fijada por defecto es el nombre  952ms
     ✓ R24: el desbordamiento horizontal lo absorbe el envoltorio de la tabla y ningun ancestro  1166ms
     ✓ R21, R24: orden, busqueda, filtro, paginacion y acciones se ven y se alcanzan en viewport angosto y en ancho  2683ms
     ✓ R15, R22: pide la lista una sola vez con 10 por defecto, ofrece 10 y 25, y cambiar el tamano navega a la primera pagina  2811ms
     ✓ R23: permite avanzar y retroceder de pagina e indica la pagina actual y el total  1267ms
     ✓ R23: en los extremos no ofrece avanzar ni retroceder mas alla  522ms
     ✓ R20: vacio, sin resultados, cargando y error son mutuamente excluyentes y se distinguen por data-testid  1574ms
     ✓ R18: mientras carga presenta el esqueleto propio con tantas filas como el tamano pedido  622ms
     ✓ R32, R33: con busqueda o filtro y cero filas presenta «sin resultados» dentro de la tabla, sin crear, con la busqueda y el filtro a la vista  746ms
     ✓ R33: al pasar de filas a «sin resultados» con el mismo arbol, la busqueda conserva el foco y lo escrito  829ms
     ✓ el alta se abre en un panel lateral sobre la lista, sin navegar ni perder la pagina  1864ms
     ✓ el estado vacio ofrece crear el primer proveedor y abre el mismo panel  916ms
     ✓ el alta captura nombre, telefono y correo y los envia por la operacion de alta  2531ms
     ✓ la edicion precarga los valores actuales y envia el reemplazo completo  2400ms
     ✓ un supplier_duplicate_name se pinta junto al campo nombre, sin cerrar el panel ni perder lo escrito  3296ms
     ✓ un unauthorized se pinta en la region de error del formulario y conserva lo escrito  2546ms
     ✓ un supplier_not_found ofrece volver a la lista desde la region de error del formulario  2302ms
     ✓ la validacion previa aplica el MISMO esquema del contrato publico y ni llama a la operacion  2523ms
     ✓ un guardado con exito cierra el panel, avisa por toast y refresca la lista  1876ms
     ✓ la zona privada sigue teniendo exactamente una region de avisos  1379ms
     ✓ los campos y las acciones del panel se usan igual en viewport angosto y en ancho  2013ms
     ✓ sin confirmar no invoca la operacion de baja, y el dialogo nombra al proveedor y avisa del arrastre  1347ms
     ✓ al confirmar invoca la baja con el id oculto, cierra, avisa por toast y refresca  1291ms
     ✓ una baja rechazada mantiene el dialogo abierto con el mensaje a la vista  1499ms
     ✓ el formulario conserva el identificador que devolvio la operacion  2420ms
     ✓ el formulario con un error del catalogo no ensena identificador ninguno  2824ms
     ✓ el dialogo de baja ensena el identificador del error inesperado  1921ms
     ✓ el dialogo de baja con un error del catalogo no ensena identificador ninguno  2046ms
 ✓ |ui| tests/unit/proveedores-ui/catalog-line-sheet.test.tsx (24 tests) 94166ms
     ✓ el alta se abre en un panel lateral sobre el catalogo, sin navegar ni recargar la lista  6086ms
     ✓ el estado vacio del catalogo ofrece anadir la primera linea y abre el mismo panel  1113ms
     ✓ no ofrece ningun campo ni selector de articulo del inventario  1525ms
     ✓ no pide ninguna imagen ni ofrece subirla, y no la emite al guardar  6845ms
     ✓ captura los campos de negocio y los envia por la operacion de alta, con el proveedor oculto  8602ms
     ✓ la presentacion es obligatoria y se puede alcanzar y crear desde el propio formulario  8607ms
     ✓ la unidad es opcional: sin elegirla, la linea se guarda sin unidad  4878ms
     ✓ el costo y el minimo viajan como la MISMA cadena que se escribio, y no son controles numericos  5940ms
     ✓ precarga los valores actuales y envia el REEMPLAZO COMPLETO de los siete campos  2384ms
     ✓ la precarga NO redondea: cuatro decimales se reenvian intactos  2631ms
     ✓ no ofrece cambiar el proveedor de la linea  2856ms
     ✓ una linea sin unidad y sin minimo se precarga sin inventar valores  1108ms
     ✓ un duplicate_catalog_line se pinta junto al campo nombre, sin cerrar el panel ni perder lo escrito  4817ms
     ✓ un unauthorized se pinta en la region de error del formulario y conserva lo escrito  4725ms
     ✓ un catalog_line_not_found ofrece volver a la lista desde la region de error del formulario  2296ms
     ✓ un supplier_not_found del ALTA ofrece la misma vuelta, pero con SU propia frase  5060ms
     ✓ la validacion previa aplica el MISMO esquema del contrato publico y ni llama a la operacion  4002ms
     ✓ el tiempo de entrega se captura como entero y un valor con decimales no llega a la operacion  3807ms
     ✓ un guardado con exito cierra el panel, avisa por toast y refresca el catalogo  3566ms
     ✓ la pantalla no monta ninguna region de avisos propia  1070ms
     ✓ los campos y las acciones del panel se usan igual en viewport angosto y en ancho  2498ms
     ✓ el formulario cubre los siete campos de negocio, con la imagen declarada como ausente  1163ms
     ✓ el error inesperado ensena el identificador como texto, con su etiqueta  3939ms
     ✓ un error del catalogo no ensena identificador ninguno  4573ms
stderr | tests/unit/recetas-ui/recipe-form.test.tsx > QC-64 R11, R13 y R22 — la vista previa lee lo que hay escrito y no guarda nada > R22: Finalizar cierra el modal y no guarda ni navega
An update to RecipeForm inside a test was not wrapped in act(...).

When testing, code that causes React state updates should be wrapped into act(...):

act(() => {
  /* fire events that update state */
});
/* assert on the output */

This ensures that you're testing the behavior the user would see in the browser. Learn more at https://react.dev/link/wrap-tests-with-act

 ✓ |ui| tests/unit/recetas-ui/recipe-form.test.tsx (32 tests) 98361ms
     ✓ el botón de cancelar es un enlace real a la lista, no un panel ni un diálogo  1020ms
     ✓ terminar con éxito también devuelve a la lista (mismo camino que R24)  3616ms
     ✓ precarga el detalle y conserva la línea cuyo productName es null, reenviándola intacta  1640ms
     ✓ la precarga NO redondea: una linea de cuatro decimales se reenvia intacta  463ms
     ✓ quitar una línea la saca de la lista enviada; cero llamadas por línea ni por paso  1148ms
     ✓ el error se presenta en la región del formulario y el nombre editado sigue en el DOM  4099ms
     ✓ un nombre repetido se presenta junto al campo nombre con el mensaje del back  719ms
     ✓ createRecipeAction con éxito navega a la lista, avisa y refresca  1103ms
     ✓ un nombre vacío -que el esquema rechaza- no invoca la operación  388ms
     ✓ añadir y luego quitar la única línea deja la receta sin líneas, y así se guarda  7579ms
     ✓ anexa la página 2 al llegar al final del desplegable y permite elegir un producto que no estaba descargado  2733ms
     ✓ escribir en el selector BUSCA EN EL BACKEND, no sobre la página ya descargada  2046ms
     ✓ elige Litro (con símbolo "L") y luego Gramo (sin símbolo, mostrado por su nombre) y envía su id  7946ms
     ✓ el selector de unidad queda habilitado, ofrece el catálogo entero y la receta se envía  8076ms
     ✓ un ingrediente ya usado NO se ofrece en las demás líneas: no se puede repetir  7761ms
     ✓ una cantidad que el esquema rechaza presenta el error junto a la línea afectada  6626ms
     ✓ añadir tres pasos, editar uno y quitar otro deja el orden esperado en el payload  2910ms
     ✓ arrastrar el primer paso hasta la tercera posición reordena el payload  4456ms
     ✓ Tab hasta el asa, Espacio para tomar, flecha para mover y Espacio para soltar cambian el payload  6013ms
     ✓ elegir un archivo válido muestra su vista previa, y el envío en curso impide un segundo envío  1569ms
     ✓ un archivo demasiado grande se rechaza sin invocar la operación  1090ms
     ✓ un archivo con formato no aceptado se rechaza sin invocar la operación  1116ms
     ✓ R9: un paso con marcas y lista de verificación se precarga completo y vuelve idéntico al guardar  492ms
     ✓ R1: el campo de un paso es el área editable del editor, no un <input type="text">  1096ms
     ✓ R10: no hay selector de tipo de paso en el alta ni en la edición: ni select, ni radios, ni control equivalente  1442ms
     ✓ R24: tomar el asa con Espacio, mover con las flechas y soltar cambia el orden del payload aunque cada paso monte un editor  5385ms
     ✓ R3, R11: abrir la vista previa no invoca ninguna operacion, monta el asistente SIN espera y sobre los pasos escritos EN ESE INSTANTE  3479ms
     ✓ R13: cerrar la vista previa con Esc devuelve el formulario intacto y el foco al boton que la abrio, y el payload es el mismo que sin haberla abierto  7391ms
     ✓ R22: Finalizar cierra el modal y no guarda ni navega  3999ms
     ✓ el error inesperado ensena el identificador como texto, con su etiqueta  443ms
     ✓ un error del catalogo no ensena identificador ninguno  468ms
 ✓ |ui| tests/unit/inventario/adjust-batch-dialog.test.tsx (10 tests) 21506ms
     ✓ un delta positivo viaja tal cual, junto al batchId y un motivo del conjunto cerrado  6227ms
     ✓ un delta negativo conserva su signo: NUNCA el total nuevo del lote  3140ms
     ✓ con exito cierra, avisa por toast y refresca (R21)  2694ms
     ✓ con error el dialogo sigue abierto con el mensaje a la vista  2684ms
     ✓ muestra el mensaje y NO invoca la action  2520ms
     ✓ el aria-describedby del campo resuelve a un elemento existente con el texto del error  2892ms
     ✓ sin motivo, muestra el mensaje y NO invoca la action  680ms
     ✓ el disparador y los campos llevan area tactil, y el campo de cantidad lleva text-base  585ms
 ✓ |ui| tests/unit/pedidos-ui/order-sheet-responsibles.test.tsx (10 tests) 22217ms
     ✓ la entrada «Responsables» de la fila abre UN solo panel, el de siempre, y no navega  4706ms
     ✓ el `+N` de la columna abre ESE MISMO panel, tambien uno solo (R35, H5)  3409ms
     ✓ editar abre el MISMO panel, pero en la seccion del formulario (R24)  1792ms
     ✓ abierto por «Responsables», el panel sigue siendo el de siempre: no se duplica nada  1644ms
     ✓ los contadores de las dos lecturas siguen a CERO tras abrir por la fila  1558ms
     ✓ tambien a cero abriendo por el `+N`, y lo que se pinta es lo que la fila ya trajo  2608ms
     ✓ con un pedido ENTREGADO: ningun control de asignar ni de quitar, y NINGUNA frase que lo explique  1869ms
     ✓ con un pedido CANCELADO: ningun control de asignar ni de quitar, y NINGUNA frase que lo explique  1258ms
     ✓ con un pedido PENDIENTE los controles SI se montan: el corte es por estado y por nada mas  1778ms
     ✓ con un pedido EN_CURSO los controles SI se montan: el corte es por estado y por nada mas  1580ms
 ✓ |ui| tests/unit/recetas-ui/recipe-line-unit-group.test.tsx (12 tests) 24575ms
     ✓ R24 — sin ingrediente elegido, el campo de unidad está DESHABILITADO  800ms
     ✓ R24 — al elegir ingrediente, el campo se habilita  2994ms
     ✓ R24 — solo ofrece las unidades del GRUPO del ingrediente: un producto en kg lista kg y g  3204ms
     ✓ R24 — un ingrediente de otra magnitud ofrece OTRO grupo, y ninguna unidad de masa  2432ms
     ✓ R24 — preselecciona la unidad MÁS PEQUEÑA del grupo, no la primera del catálogo  851ms
     ✓ R24 — cambiar a un ingrediente del MISMO grupo NO pisa la unidad ya elegida  4478ms
     ✓ R24 — cambiar a un ingrediente de OTRO grupo sí cambia la unidad a la más pequeña del nuevo  2299ms
     ✓ R23 — un ingrediente SIN NINGÚN LOTE ofrece el catálogo completo, no una lista vacía  1905ms
     ✓ R23 — un ingrediente SIN NINGÚN LOTE deja el selector HABILITADO: la línea no se bloquea  1050ms
     ✓ R23 — un ingrediente SIN NINGÚN LOTE queda con una unidad elegida, no en blanco  861ms
     ✓ R23 — con un ingrediente SIN NINGÚN LOTE, la unidad ya elegida a mano SE MANTIENE  3422ms
 ✓ |ui| tests/unit/configuracion-ui/user-table.test.tsx (27 tests) 23462ms
     ✓ monta `DataTable` con una fila por usuario  967ms
     ✓ el indicador de pagina y el selector de tamano son los del componente compartido (R16)  471ms
     ✓ las filas se pintan en el orden en que llegan: aqui no se ordena ni se recorta (R12, R14)  1336ms
     ✓ avanzar de pagina pide la lista de nuevo con la pagina siguiente  969ms
     ✓ retroceder de pagina pide la lista de nuevo con la pagina anterior  754ms
     ✓ el destino sale SIEMPRE de la constante de ruta (R1)  706ms
     ✓ las opciones son exactamente las del componente compartido  2343ms
     ✓ elegir otro tamano navega con ese tamano y vuelve a la primera pagina  2163ms
     ✓ sin tamano en la URL la tabla parte del tamano por defecto (10)  413ms
     ✓ la cabecera de username pide la lista de nuevo con ese orden  539ms
     ✓ la cabecera de email pide la lista de nuevo con ese orden  489ms
     ✓ la cabecera de accountStatus pide la lista de nuevo con ese orden  622ms
     ✓ ordenar por displayName NO SE OFRECE: no esta en la lista blanca (R14, R15)  1388ms
     ✓ ordenar por roleName NO SE OFRECE: no esta en la lista blanca (R14, R15)  1051ms
     ✓ marcar un valor del filtro de estado pide la lista de nuevo con ese filtro  1322ms
     ✓ el filtro ofrece los CUATRO estados del contrato y ningun otro  1135ms
     ✓ y no hay ningun otro control de filtro: en particular, ninguno por rol  617ms
     ✓ la caja de busqueda SI se monta: el contrato declara `searchable: true`  330ms
     ✓ escribir un termino navega con ese termino en la URL, sobre el conjunto entero  425ms
     ✓ el termino NO filtra en cliente: las tres filas siguen pintadas  508ms
     ✓ el unico desplazador horizontal es el contenedor del primitivo, y ningun ancestro desplaza  516ms
     ✓ monta UNA instancia del estado para toda la pagina, no una por fila  388ms
     ✓ NO monta el alta: ese disparador ya no es suyo (2026-09-17)  305ms
     ✓ la accion de editar de una fila abre el panel SOBRE ESE usuario (R26)  1475ms
     ✓ la accion de borrar de una fila abre el dialogo SOBRE ESE usuario (R30)  957ms
     ✓ la accion de estado de una fila abre su dialogo SOBRE ESE usuario (R32)  953ms
stderr | tests/unit/proveedores-ui/supplier-detail-page.test.tsx > catalogo — los tres estados (R23, R24, R25) > mientras el catalogo esta en vuelo se presenta el esqueleto, no la tabla
<CatalogListSection> is an async Client Component. Only Server Components can be async at the moment. This error is often caused by accidentally adding `'use client'` to a module that was originally written for the server.

stderr | tests/unit/proveedores-ui/supplier-detail-page.test.tsx > catalogo — los tres estados (R23, R24, R25) > mientras el catalogo esta en vuelo se presenta el esqueleto, no la tabla
A component suspended inside an `act` scope, but the `act` call was not awaited. When testing React components that depend on asynchronous data, you must await the result:

await act(() => ...)

stderr | tests/unit/proveedores-ui/supplier-detail-page.test.tsx > catalogo — los tres estados (R23, R24, R25) > mientras el catalogo esta en vuelo se presenta el esqueleto, no la tabla
A suspended resource finished loading inside a test, but the event was not wrapped in act(...).

When testing, code that resolves suspended data should be wrapped into act(...):

act(() => {
  /* finish loading suspended data */
});
/* assert on the output */

This ensures that you're testing the behavior the user would see in the browser. Learn more at https://react.dev/link/wrap-tests-with-act

stderr | tests/unit/pedidos-ui/pedidos-viewport.test.tsx > pantalla de pedidos en viewport angosto (375 px) > el desbordamiento se resuelve DENTRO de la tabla, no en el documento (R22)
An update to OrderForm inside a test was not wrapped in act(...).

When testing, code that causes React state updates should be wrapped into act(...):

act(() => {
  /* fire events that update state */
});
/* assert on the output */

This ensures that you're testing the behavior the user would see in the browser. Learn more at https://react.dev/link/wrap-tests-with-act
An update to OrderForm inside a test was not wrapped in act(...).

When testing, code that causes React state updates should be wrapped into act(...):

act(() => {
  /* fire events that update state */
});
/* assert on the output */

This ensures that you're testing the behavior the user would see in the browser. Learn more at https://react.dev/link/wrap-tests-with-act
An update to OrderForm inside a test was not wrapped in act(...).

When testing, code that causes React state updates should be wrapped into act(...):

act(() => {
  /* fire events that update state */
});
/* assert on the output */

This ensures that you're testing the behavior the user would see in the browser. Learn more at https://react.dev/link/wrap-tests-with-act
An update to OrderForm inside a test was not wrapped in act(...).

When testing, code that causes React state updates should be wrapped into act(...):

act(() => {
  /* fire events that update state */
});
/* assert on the output */

This ensures that you're testing the behavior the user would see in the browser. Learn more at https://react.dev/link/wrap-tests-with-act
An update to OrderForm inside a test was not wrapped in act(...).

When testing, code that causes React state updates should be wrapped into act(...):

act(() => {
  /* fire events that update state */
});
/* assert on the output */

This ensures that you're testing the behavior the user would see in the browser. Learn more at https://react.dev/link/wrap-tests-with-act
An update to OrderForm inside a test was not wrapped in act(...).

When testing, code that causes React state updates should be wrapped into act(...):

act(() => {
  /* fire events that update state */
});
/* assert on the output */

This ensures that you're testing the behavior the user would see in the browser. Learn more at https://react.dev/link/wrap-tests-with-act

stderr | tests/unit/pedidos-ui/pedidos-viewport.test.tsx > pantalla de pedidos en viewport angosto (375 px) > las acciones de fila siguen siendo alcanzables dentro de la tabla (R22)
An update to OrderForm inside a test was not wrapped in act(...).

When testing, code that causes React state updates should be wrapped into act(...):

act(() => {
  /* fire events that update state */
});
/* assert on the output */

This ensures that you're testing the behavior the user would see in the browser. Learn more at https://react.dev/link/wrap-tests-with-act
An update to OrderForm inside a test was not wrapped in act(...).

When testing, code that causes React state updates should be wrapped into act(...):

act(() => {
  /* fire events that update state */
});
/* assert on the output */

This ensures that you're testing the behavior the user would see in the browser. Learn more at https://react.dev/link/wrap-tests-with-act
An update to OrderForm inside a test was not wrapped in act(...).

When testing, code that causes React state updates should be wrapped into act(...):

act(() => {
  /* fire events that update state */
});
/* assert on the output */

This ensures that you're testing the behavior the user would see in the browser. Learn more at https://react.dev/link/wrap-tests-with-act
An update to OrderForm inside a test was not wrapped in act(...).

When testing, code that causes React state updates should be wrapped into act(...):

act(() => {
  /* fire events that update state */
});
/* assert on the output */

This ensures that you're testing the behavior the user would see in the browser. Learn more at https://react.dev/link/wrap-tests-with-act
An update to OrderForm inside a test was not wrapped in act(...).

When testing, code that causes React state updates should be wrapped into act(...):

act(() => {
  /* fire events that update state */
});
/* assert on the output */

This ensures that you're testing the behavior the user would see in the browser. Learn more at https://react.dev/link/wrap-tests-with-act
An update to OrderForm inside a test was not wrapped in act(...).

When testing, code that causes React state updates should be wrapped into act(...):

act(() => {
  /* fire events that update state */
});
/* assert on the output */

This ensures that you're testing the behavior the user would see in the browser. Learn more at https://react.dev/link/wrap-tests-with-act

stderr | tests/unit/pedidos-ui/pedidos-viewport.test.tsx > pantalla de pedidos en viewport angosto (375 px) > ningun control se descubre ni se activa solo con :hover (R45)
An update to OrderForm inside a test was not wrapped in act(...).

When testing, code that causes React state updates should be wrapped into act(...):

act(() => {
  /* fire events that update state */
});
/* assert on the output */

This ensures that you're testing the behavior the user would see in the browser. Learn more at https://react.dev/link/wrap-tests-with-act
An update to OrderForm inside a test was not wrapped in act(...).

When testing, code that causes React state updates should be wrapped into act(...):

act(() => {
  /* fire events that update state */
});
/* assert on the output */

This ensures that you're testing the behavior the user would see in the browser. Learn more at https://react.dev/link/wrap-tests-with-act
An update to OrderForm inside a test was not wrapped in act(...).

When testing, code that causes React state updates should be wrapped into act(...):

act(() => {
  /* fire events that update state */
});
/* assert on the output */

This ensures that you're testing the behavior the user would see in the browser. Learn more at https://react.dev/link/wrap-tests-with-act
An update to OrderForm inside a test was not wrapped in act(...).

When testing, code that causes React state updates should be wrapped into act(...):

act(() => {
  /* fire events that update state */
});
/* assert on the output */

This ensures that you're testing the behavior the user would see in the browser. Learn more at https://react.dev/link/wrap-tests-with-act
An update to OrderForm inside a test was not wrapped in act(...).

When testing, code that causes React state updates should be wrapped into act(...):

act(() => {
  /* fire events that update state */
});
/* assert on the output */

This ensures that you're testing the behavior the user would see in the browser. Learn more at https://react.dev/link/wrap-tests-with-act
An update to OrderForm inside a test was not wrapped in act(...).

When testing, code that causes React state updates should be wrapped into act(...):

act(() => {
  /* fire events that update state */
});
/* assert on the output */

This ensures that you're testing the behavior the user would see in the browser. Learn more at https://react.dev/link/wrap-tests-with-act

stderr | tests/unit/pedidos-ui/pedidos-viewport.test.tsx > pantalla de pedidos en viewport angosto (375 px) > los controles tactiles de la lista miden al menos 44x44 px (R45)
An update to OrderForm inside a test was not wrapped in act(...).

When testing, code that causes React state updates should be wrapped into act(...):

act(() => {
  /* fire events that update state */
});
/* assert on the output */

This ensures that you're testing the behavior the user would see in the browser. Learn more at https://react.dev/link/wrap-tests-with-act
An update to OrderForm inside a test was not wrapped in act(...).

When testing, code that causes React state updates should be wrapped into act(...):

act(() => {
  /* fire events that update state */
});
/* assert on the output */

This ensures that you're testing the behavior the user would see in the browser. Learn more at https://react.dev/link/wrap-tests-with-act
An update to OrderForm inside a test was not wrapped in act(...).

When testing, code that causes React state updates should be wrapped into act(...):

act(() => {
  /* fire events that update state */
});
/* assert on the output */

This ensures that you're testing the behavior the user would see in the browser. Learn more at https://react.dev/link/wrap-tests-with-act
An update to OrderForm inside a test was not wrapped in act(...).

When testing, code that causes React state updates should be wrapped into act(...):

act(() => {
  /* fire events that update state */
});
/* assert on the output */

This ensures that you're testing the behavior the user would see in the browser. Learn more at https://react.dev/link/wrap-tests-with-act
An update to OrderForm inside a test was not wrapped in act(...).

When testing, code that causes React state updates should be wrapped into act(...):

act(() => {
  /* fire events that update state */
});
/* assert on the output */

This ensures that you're testing the behavior the user would see in the browser. Learn more at https://react.dev/link/wrap-tests-with-act
An update to OrderForm inside a test was not wrapped in act(...).

When testing, code that causes React state updates should be wrapped into act(...):

act(() => {
  /* fire events that update state */
});
/* assert on the output */

This ensures that you're testing the behavior the user would see in the browser. Learn more at https://react.dev/link/wrap-tests-with-act

stderr | tests/unit/pedidos-ui/pedidos-viewport.test.tsx > pantalla de pedidos en viewport angosto (375 px) > los campos y las acciones del formulario cumplen 44x44 px y 16 px de fuente (R45)
An update to OrderForm inside a test was not wrapped in act(...).

When testing, code that causes React state updates should be wrapped into act(...):

act(() => {
  /* fire events that update state */
});
/* assert on the output */

This ensures that you're testing the behavior the user would see in the browser. Learn more at https://react.dev/link/wrap-tests-with-act
An update to OrderForm inside a test was not wrapped in act(...).

When testing, code that causes React state updates should be wrapped into act(...):

act(() => {
  /* fire events that update state */
});
/* assert on the output */

This ensures that you're testing the behavior the user would see in the browser. Learn more at https://react.dev/link/wrap-tests-with-act
An update to OrderForm inside a test was not wrapped in act(...).

When testing, code that causes React state updates should be wrapped into act(...):

act(() => {
  /* fire events that update state */
});
/* assert on the output */

This ensures that you're testing the behavior the user would see in the browser. Learn more at https://react.dev/link/wrap-tests-with-act
An update to OrderForm inside a test was not wrapped in act(...).

When testing, code that causes React state updates should be wrapped into act(...):

act(() => {
  /* fire events that update state */
});
/* assert on the output */

This ensures that you're testing the behavior the user would see in the browser. Learn more at https://react.dev/link/wrap-tests-with-act
An update to OrderForm inside a test was not wrapped in act(...).

When testing, code that causes React state updates should be wrapped into act(...):

act(() => {
  /* fire events that update state */
});
/* assert on the output */

This ensures that you're testing the behavior the user would see in the browser. Learn more at https://react.dev/link/wrap-tests-with-act
An update to OrderForm inside a test was not wrapped in act(...).

When testing, code that causes React state updates should be wrapped into act(...):

act(() => {
  /* fire events that update state */
});
/* assert on the output */

This ensures that you're testing the behavior the user would see in the browser. Learn more at https://react.dev/link/wrap-tests-with-act

stderr | tests/unit/pedidos-ui/pedidos-viewport.test.tsx > pantalla de pedidos en viewport angosto (375 px) > la pantalla no usa 100vh como alto (R45)
An update to OrderForm inside a test was not wrapped in act(...).

When testing, code that causes React state updates should be wrapped into act(...):

act(() => {
  /* fire events that update state */
});
/* assert on the output */

This ensures that you're testing the behavior the user would see in the browser. Learn more at https://react.dev/link/wrap-tests-with-act
An update to OrderForm inside a test was not wrapped in act(...).

When testing, code that causes React state updates should be wrapped into act(...):

act(() => {
  /* fire events that update state */
});
/* assert on the output */

This ensures that you're testing the behavior the user would see in the browser. Learn more at https://react.dev/link/wrap-tests-with-act
An update to OrderForm inside a test was not wrapped in act(...).

When testing, code that causes React state updates should be wrapped into act(...):

act(() => {
  /* fire events that update state */
});
/* assert on the output */

This ensures that you're testing the behavior the user would see in the browser. Learn more at https://react.dev/link/wrap-tests-with-act
An update to OrderForm inside a test was not wrapped in act(...).

When testing, code that causes React state updates should be wrapped into act(...):

act(() => {
  /* fire events that update state */
});
/* assert on the output */

This ensures that you're testing the behavior the user would see in the browser. Learn more at https://react.dev/link/wrap-tests-with-act
An update to OrderForm inside a test was not wrapped in act(...).

When testing, code that causes React state updates should be wrapped into act(...):

act(() => {
  /* fire events that update state */
});
/* assert on the output */

This ensures that you're testing the behavior the user would see in the browser. Learn more at https://react.dev/link/wrap-tests-with-act
An update to OrderForm inside a test was not wrapped in act(...).

When testing, code that causes React state updates should be wrapped into act(...):

act(() => {
  /* fire events that update state */
});
/* assert on the output */

This ensures that you're testing the behavior the user would see in the browser. Learn more at https://react.dev/link/wrap-tests-with-act

stderr | tests/unit/pedidos-ui/pedidos-viewport.test.tsx > pantalla de pedidos en viewport angosto (375 px) > P2 — ninguna columna declara ancho y ninguna celda recibe uno en linea
An update to OrderForm inside a test was not wrapped in act(...).

When testing, code that causes React state updates should be wrapped into act(...):

act(() => {
  /* fire events that update state */
});
/* assert on the output */

This ensures that you're testing the behavior the user would see in the browser. Learn more at https://react.dev/link/wrap-tests-with-act
An update to OrderForm inside a test was not wrapped in act(...).

When testing, code that causes React state updates should be wrapped into act(...):

act(() => {
  /* fire events that update state */
});
/* assert on the output */

This ensures that you're testing the behavior the user would see in the browser. Learn more at https://react.dev/link/wrap-tests-with-act
An update to OrderForm inside a test was not wrapped in act(...).

When testing, code that causes React state updates should be wrapped into act(...):

act(() => {
  /* fire events that update state */
});
/* assert on the output */

This ensures that you're testing the behavior the user would see in the browser. Learn more at https://react.dev/link/wrap-tests-with-act
An update to OrderForm inside a test was not wrapped in act(...).

When testing, code that causes React state updates should be wrapped into act(...):

act(() => {
  /* fire events that update state */
});
/* assert on the output */

This ensures that you're testing the behavior the user would see in the browser. Learn more at https://react.dev/link/wrap-tests-with-act
An update to OrderForm inside a test was not wrapped in act(...).

When testing, code that causes React state updates should be wrapped into act(...):

act(() => {
  /* fire events that update state */
});
/* assert on the output */

This ensures that you're testing the behavior the user would see in the browser. Learn more at https://react.dev/link/wrap-tests-with-act
An update to OrderForm inside a test was not wrapped in act(...).

When testing, code that causes React state updates should be wrapped into act(...):

act(() => {
  /* fire events that update state */
});
/* assert on the output */

This ensures that you're testing the behavior the user would see in the browser. Learn more at https://react.dev/link/wrap-tests-with-act

stderr | tests/unit/pedidos-ui/pedidos-viewport.test.tsx > pantalla de pedidos en viewport angosto (375 px) > P2 — la tabla dimensiona por contenido y el unico fijado tiene offset 0
An update to OrderForm inside a test was not wrapped in act(...).

When testing, code that causes React state updates should be wrapped into act(...):

act(() => {
  /* fire events that update state */
});
/* assert on the output */

This ensures that you're testing the behavior the user would see in the browser. Learn more at https://react.dev/link/wrap-tests-with-act
An update to OrderForm inside a test was not wrapped in act(...).

When testing, code that causes React state updates should be wrapped into act(...):

act(() => {
  /* fire events that update state */
});
/* assert on the output */

This ensures that you're testing the behavior the user would see in the browser. Learn more at https://react.dev/link/wrap-tests-with-act
An update to OrderForm inside a test was not wrapped in act(...).

When testing, code that causes React state updates should be wrapped into act(...):

act(() => {
  /* fire events that update state */
});
/* assert on the output */

This ensures that you're testing the behavior the user would see in the browser. Learn more at https://react.dev/link/wrap-tests-with-act
An update to OrderForm inside a test was not wrapped in act(...).

When testing, code that causes React state updates should be wrapped into act(...):

act(() => {
  /* fire events that update state */
});
/* assert on the output */

This ensures that you're testing the behavior the user would see in the browser. Learn more at https://react.dev/link/wrap-tests-with-act
An update to OrderForm inside a test was not wrapped in act(...).

When testing, code that causes React state updates should be wrapped into act(...):

act(() => {
  /* fire events that update state */
});
/* assert on the output */

This ensures that you're testing the behavior the user would see in the browser. Learn more at https://react.dev/link/wrap-tests-with-act
An update to OrderForm inside a test was not wrapped in act(...).

When testing, code that causes React state updates should be wrapped into act(...):

act(() => {
  /* fire events that update state */
});
/* assert on the output */

This ensures that you're testing the behavior the user would see in the browser. Learn more at https://react.dev/link/wrap-tests-with-act

stderr | tests/unit/pedidos-ui/pedidos-viewport.test.tsx > pantalla de pedidos en viewport ancho (1280 px) > el desbordamiento se resuelve DENTRO de la tabla, no en el documento (R22)
An update to OrderForm inside a test was not wrapped in act(...).

When testing, code that causes React state updates should be wrapped into act(...):

act(() => {
  /* fire events that update state */
});
/* assert on the output */

This ensures that you're testing the behavior the user would see in the browser. Learn more at https://react.dev/link/wrap-tests-with-act
An update to OrderForm inside a test was not wrapped in act(...).

When testing, code that causes React state updates should be wrapped into act(...):

act(() => {
  /* fire events that update state */
});
/* assert on the output */

This ensures that you're testing the behavior the user would see in the browser. Learn more at https://react.dev/link/wrap-tests-with-act
An update to OrderForm inside a test was not wrapped in act(...).

When testing, code that causes React state updates should be wrapped into act(...):

act(() => {
  /* fire events that update state */
});
/* assert on the output */

This ensures that you're testing the behavior the user would see in the browser. Learn more at https://react.dev/link/wrap-tests-with-act
An update to OrderForm inside a test was not wrapped in act(...).

When testing, code that causes React state updates should be wrapped into act(...):

act(() => {
  /* fire events that update state */
});
/* assert on the output */

This ensures that you're testing the behavior the user would see in the browser. Learn more at https://react.dev/link/wrap-tests-with-act
An update to OrderForm inside a test was not wrapped in act(...).

When testing, code that causes React state updates should be wrapped into act(...):

act(() => {
  /* fire events that update state */
});
/* assert on the output */

This ensures that you're testing the behavior the user would see in the browser. Learn more at https://react.dev/link/wrap-tests-with-act
An update to OrderForm inside a test was not wrapped in act(...).

When testing, code that causes React state updates should be wrapped into act(...):

act(() => {
  /* fire events that update state */
});
/* assert on the output */

This ensures that you're testing the behavior the user would see in the browser. Learn more at https://react.dev/link/wrap-tests-with-act

stderr | tests/unit/pedidos-ui/pedidos-viewport.test.tsx > pantalla de pedidos en viewport ancho (1280 px) > las acciones de fila siguen siendo alcanzables dentro de la tabla (R22)
An update to OrderForm inside a test was not wrapped in act(...).

When testing, code that causes React state updates should be wrapped into act(...):

act(() => {
  /* fire events that update state */
});
/* assert on the output */

This ensures that you're testing the behavior the user would see in the browser. Learn more at https://react.dev/link/wrap-tests-with-act
An update to OrderForm inside a test was not wrapped in act(...).

When testing, code that causes React state updates should be wrapped into act(...):

act(() => {
  /* fire events that update state */
});
/* assert on the output */

This ensures that you're testing the behavior the user would see in the browser. Learn more at https://react.dev/link/wrap-tests-with-act
An update to OrderForm inside a test was not wrapped in act(...).

When testing, code that causes React state updates should be wrapped into act(...):

act(() => {
  /* fire events that update state */
});
/* assert on the output */

This ensures that you're testing the behavior the user would see in the browser. Learn more at https://react.dev/link/wrap-tests-with-act
An update to OrderForm inside a test was not wrapped in act(...).

When testing, code that causes React state updates should be wrapped into act(...):

act(() => {
  /* fire events that update state */
});
/* assert on the output */

This ensures that you're testing the behavior the user would see in the browser. Learn more at https://react.dev/link/wrap-tests-with-act
An update to OrderForm inside a test was not wrapped in act(...).

When testing, code that causes React state updates should be wrapped into act(...):

act(() => {
  /* fire events that update state */
});
/* assert on the output */

This ensures that you're testing the behavior the user would see in the browser. Learn more at https://react.dev/link/wrap-tests-with-act
An update to OrderForm inside a test was not wrapped in act(...).

When testing, code that causes React state updates should be wrapped into act(...):

act(() => {
  /* fire events that update state */
});
/* assert on the output */

This ensures that you're testing the behavior the user would see in the browser. Learn more at https://react.dev/link/wrap-tests-with-act

 ✓ |ui| tests/unit/identity/session-once-per-request-render.test.tsx (7 tests) 37922ms
stderr | tests/unit/pedidos-ui/pedidos-viewport.test.tsx > pantalla de pedidos en viewport ancho (1280 px) > ningun control se descubre ni se activa solo con :hover (R45)
An update to OrderForm inside a test was not wrapped in act(...).

When testing, code that causes React state updates should be wrapped into act(...):

act(() => {
  /* fire events that update state */
});
/* assert on the output */

This ensures that you're testing the behavior the user would see in the browser. Learn more at https://react.dev/link/wrap-tests-with-act
An update to OrderForm inside a test was not wrapped in act(...).

When testing, code that causes React state updates should be wrapped into act(...):

act(() => {
  /* fire events that update state */
});
/* assert on the output */

This ensures that you're testing the behavior the user would see in the browser. Learn more at https://react.dev/link/wrap-tests-with-act
An update to OrderForm inside a test was not wrapped in act(...).

When testing, code that causes React state updates should be wrapped into act(...):

act(() => {
  /* fire events that update state */
});
/* assert on the output */

This ensures that you're testing the behavior the user would see in the browser. Learn more at https://react.dev/link/wrap-tests-with-act
An update to OrderForm inside a test was not wrapped in act(...).

When testing, code that causes React state updates should be wrapped into act(...):

act(() => {
  /* fire events that update state */
});
/* assert on the output */

This ensures that you're testing the behavior the user would see in the browser. Learn more at https://react.dev/link/wrap-tests-with-act
An update to OrderForm inside a test was not wrapped in act(...).

When testing, code that causes React state updates should be wrapped into act(...):

act(() => {
  /* fire events that update state */
});
/* assert on the output */

This ensures that you're testing the behavior the user would see in the browser. Learn more at https://react.dev/link/wrap-tests-with-act
An update to OrderForm inside a test was not wrapped in act(...).

When testing, code that causes React state updates should be wrapped into act(...):

act(() => {
  /* fire events that update state */
});
/* assert on the output */

This ensures that you're testing the behavior the user would see in the browser. Learn more at https://react.dev/link/wrap-tests-with-act

stderr | tests/unit/pedidos-ui/pedidos-viewport.test.tsx > pantalla de pedidos en viewport ancho (1280 px) > los controles tactiles de la lista miden al menos 44x44 px (R45)
An update to OrderForm inside a test was not wrapped in act(...).

When testing, code that causes React state updates should be wrapped into act(...):

act(() => {
  /* fire events that update state */
});
/* assert on the output */

This ensures that you're testing the behavior the user would see in the browser. Learn more at https://react.dev/link/wrap-tests-with-act
An update to OrderForm inside a test was not wrapped in act(...).

When testing, code that causes React state updates should be wrapped into act(...):

act(() => {
  /* fire events that update state */
});
/* assert on the output */

This ensures that you're testing the behavior the user would see in the browser. Learn more at https://react.dev/link/wrap-tests-with-act
An update to OrderForm inside a test was not wrapped in act(...).

When testing, code that causes React state updates should be wrapped into act(...):

act(() => {
  /* fire events that update state */
});
/* assert on the output */

This ensures that you're testing the behavior the user would see in the browser. Learn more at https://react.dev/link/wrap-tests-with-act
An update to OrderForm inside a test was not wrapped in act(...).

When testing, code that causes React state updates should be wrapped into act(...):

act(() => {
  /* fire events that update state */
});
/* assert on the output */

This ensures that you're testing the behavior the user would see in the browser. Learn more at https://react.dev/link/wrap-tests-with-act
An update to OrderForm inside a test was not wrapped in act(...).

When testing, code that causes React state updates should be wrapped into act(...):

act(() => {
  /* fire events that update state */
});
/* assert on the output */

This ensures that you're testing the behavior the user would see in the browser. Learn more at https://react.dev/link/wrap-tests-with-act
An update to OrderForm inside a test was not wrapped in act(...).

When testing, code that causes React state updates should be wrapped into act(...):

act(() => {
  /* fire events that update state */
});
/* assert on the output */

This ensures that you're testing the behavior the user would see in the browser. Learn more at https://react.dev/link/wrap-tests-with-act

 ✓ |ui| tests/unit/shared/data-table-viewport.test.tsx (15 tests) 17417ms
     ✓ el menu de cabecera se abre y ofrece sus acciones  3307ms
     ✓ la paginacion avanza, retrocede y respeta los extremos  857ms
       ✓ se abre y un atajo emite su rango  3433ms
     ✓ una columna fijada conserva su position sticky y su desplazamiento  1120ms
     ✓ el menu de cabecera se abre y ofrece sus acciones  816ms
     ✓ la paginacion avanza, retrocede y respeta los extremos  803ms
       ✓ se abre y un atajo emite su rango  2731ms
     ✓ una columna fijada conserva su position sticky y su desplazamiento  968ms
     ✓ en viewport angosto, overflow-x-auto esta en div[data-slot=table-container] y ningun ancestro declara scroll propio  364ms
     ✓ el calendario del filtro de fechas ADAPTA el numero de meses por ancho, no lo hace desaparecer  2184ms
stderr | tests/unit/pedidos-ui/pedidos-viewport.test.tsx > pantalla de pedidos en viewport ancho (1280 px) > los campos y las acciones del formulario cumplen 44x44 px y 16 px de fuente (R45)
An update to OrderForm inside a test was not wrapped in act(...).

When testing, code that causes React state updates should be wrapped into act(...):

act(() => {
  /* fire events that update state */
});
/* assert on the output */

This ensures that you're testing the behavior the user would see in the browser. Learn more at https://react.dev/link/wrap-tests-with-act
An update to OrderForm inside a test was not wrapped in act(...).

When testing, code that causes React state updates should be wrapped into act(...):

act(() => {
  /* fire events that update state */
});
/* assert on the output */

This ensures that you're testing the behavior the user would see in the browser. Learn more at https://react.dev/link/wrap-tests-with-act
An update to OrderForm inside a test was not wrapped in act(...).

When testing, code that causes React state updates should be wrapped into act(...):

act(() => {
  /* fire events that update state */
});
/* assert on the output */

This ensures that you're testing the behavior the user would see in the browser. Learn more at https://react.dev/link/wrap-tests-with-act
An update to OrderForm inside a test was not wrapped in act(...).

When testing, code that causes React state updates should be wrapped into act(...):

act(() => {
  /* fire events that update state */
});
/* assert on the output */

This ensures that you're testing the behavior the user would see in the browser. Learn more at https://react.dev/link/wrap-tests-with-act
An update to OrderForm inside a test was not wrapped in act(...).

When testing, code that causes React state updates should be wrapped into act(...):

act(() => {
  /* fire events that update state */
});
/* assert on the output */

This ensures that you're testing the behavior the user would see in the browser. Learn more at https://react.dev/link/wrap-tests-with-act
An update to OrderForm inside a test was not wrapped in act(...).

When testing, code that causes React state updates should be wrapped into act(...):

act(() => {
  /* fire events that update state */
});
/* assert on the output */

This ensures that you're testing the behavior the user would see in the browser. Learn more at https://react.dev/link/wrap-tests-with-act

stderr | tests/unit/pedidos-ui/pedidos-viewport.test.tsx > pantalla de pedidos en viewport ancho (1280 px) > la pantalla no usa 100vh como alto (R45)
An update to OrderForm inside a test was not wrapped in act(...).

When testing, code that causes React state updates should be wrapped into act(...):

act(() => {
  /* fire events that update state */
});
/* assert on the output */

This ensures that you're testing the behavior the user would see in the browser. Learn more at https://react.dev/link/wrap-tests-with-act
An update to OrderForm inside a test was not wrapped in act(...).

When testing, code that causes React state updates should be wrapped into act(...):

act(() => {
  /* fire events that update state */
});
/* assert on the output */

This ensures that you're testing the behavior the user would see in the browser. Learn more at https://react.dev/link/wrap-tests-with-act
An update to OrderForm inside a test was not wrapped in act(...).

When testing, code that causes React state updates should be wrapped into act(...):

act(() => {
  /* fire events that update state */
});
/* assert on the output */

This ensures that you're testing the behavior the user would see in the browser. Learn more at https://react.dev/link/wrap-tests-with-act
An update to OrderForm inside a test was not wrapped in act(...).

When testing, code that causes React state updates should be wrapped into act(...):

act(() => {
  /* fire events that update state */
});
/* assert on the output */

This ensures that you're testing the behavior the user would see in the browser. Learn more at https://react.dev/link/wrap-tests-with-act
An update to OrderForm inside a test was not wrapped in act(...).

When testing, code that causes React state updates should be wrapped into act(...):

act(() => {
  /* fire events that update state */
});
/* assert on the output */

This ensures that you're testing the behavior the user would see in the browser. Learn more at https://react.dev/link/wrap-tests-with-act
An update to OrderForm inside a test was not wrapped in act(...).

When testing, code that causes React state updates should be wrapped into act(...):

act(() => {
  /* fire events that update state */
});
/* assert on the output */

This ensures that you're testing the behavior the user would see in the browser. Learn more at https://react.dev/link/wrap-tests-with-act

 ✓ |ui| tests/unit/proveedores-ui/supplier-detail-page.test.tsx (29 tests) 25354ms
     ✓ presenta nombre, telefono y correo del proveedor y, debajo, su catalogo  1557ms
     ✓ un proveedor sin telefono ni correo pinta la marca de «sin dato», nunca un hueco  764ms
     ✓ las unidades se piden UNA sola vez en el servidor y bajan por props  496ms
     ✓ la pagina no muestra el identificador ni la autoria del proveedor  703ms
     ✓ mientras el catalogo esta en vuelo se presenta el esqueleto, no la tabla  943ms
     ✓ si el catalogo falla se presenta el error con reintento, no una tabla vacia  1055ms
     ✓ presenta las ocho columnas de negocio de la linea, mas imagen y acciones  862ms
     ✓ presenta la presentacion y la unidad por su NOMBRE, no por su identificador  590ms
     ✓ cuando el nombre no se resuelve pinta el marcador y NUNCA el identificador  643ms
     ✓ una linea SIN unidad se lee distinto de una unidad que no se pudo resolver  716ms
     ✓ los diccionarios se construyen UNA vez por render, nunca por fila  913ms
     ✓ el costo y el minimo de compra se pintan REDONDEADOS A DOS DECIMALES  514ms
     ✓ el redondeo de la celda no esconde la cifra: el valor exacto viaja en el `title`  532ms
     ✓ un minimo y un tiempo de entrega ausentes pintan la marca de «sin dato»  563ms
     ✓ la tabla no muestra identificadores ni autoria de la linea  612ms
     ✓ la primera columna es la imagen de la linea, y la RUTA no se pinta como texto  1428ms
     ✓ sin ruta de imagen, la miniatura cae al marcador de `public/`  438ms
     ✓ ofrece exactamente dos tamanos de pagina y cambiarlos navega a la primera  4685ms
     ✓ permite avanzar y retroceder de pagina e indica la pagina actual y el total  1823ms
     ✓ en los extremos no ofrece avanzar ni retroceder mas alla  447ms
     ✓ el catalogo SI ofrece busqueda y orden, y ninguno se resuelve en el cliente  3952ms
     ✓ el desbordamiento lo absorbe la tabla, no el documento, en angosto y en ancho  911ms
stderr | tests/unit/pedidos-ui/pedidos-viewport.test.tsx > pantalla de pedidos en viewport ancho (1280 px) > P2 — ninguna columna declara ancho y ninguna celda recibe uno en linea
An update to OrderForm inside a test was not wrapped in act(...).

When testing, code that causes React state updates should be wrapped into act(...):

act(() => {
  /* fire events that update state */
});
/* assert on the output */

This ensures that you're testing the behavior the user would see in the browser. Learn more at https://react.dev/link/wrap-tests-with-act
An update to OrderForm inside a test was not wrapped in act(...).

When testing, code that causes React state updates should be wrapped into act(...):

act(() => {
  /* fire events that update state */
});
/* assert on the output */

This ensures that you're testing the behavior the user would see in the browser. Learn more at https://react.dev/link/wrap-tests-with-act
An update to OrderForm inside a test was not wrapped in act(...).

When testing, code that causes React state updates should be wrapped into act(...):

act(() => {
  /* fire events that update state */
});
/* assert on the output */

This ensures that you're testing the behavior the user would see in the browser. Learn more at https://react.dev/link/wrap-tests-with-act
An update to OrderForm inside a test was not wrapped in act(...).

When testing, code that causes React state updates should be wrapped into act(...):

act(() => {
  /* fire events that update state */
});
/* assert on the output */

This ensures that you're testing the behavior the user would see in the browser. Learn more at https://react.dev/link/wrap-tests-with-act
An update to OrderForm inside a test was not wrapped in act(...).

When testing, code that causes React state updates should be wrapped into act(...):

act(() => {
  /* fire events that update state */
});
/* assert on the output */

This ensures that you're testing the behavior the user would see in the browser. Learn more at https://react.dev/link/wrap-tests-with-act
An update to OrderForm inside a test was not wrapped in act(...).

When testing, code that causes React state updates should be wrapped into act(...):

act(() => {
  /* fire events that update state */
});
/* assert on the output */

This ensures that you're testing the behavior the user would see in the browser. Learn more at https://react.dev/link/wrap-tests-with-act

stderr | tests/unit/pedidos-ui/pedidos-viewport.test.tsx > pantalla de pedidos en viewport ancho (1280 px) > P2 — la tabla dimensiona por contenido y el unico fijado tiene offset 0
An update to OrderForm inside a test was not wrapped in act(...).

When testing, code that causes React state updates should be wrapped into act(...):

act(() => {
  /* fire events that update state */
});
/* assert on the output */

This ensures that you're testing the behavior the user would see in the browser. Learn more at https://react.dev/link/wrap-tests-with-act
An update to OrderForm inside a test was not wrapped in act(...).

When testing, code that causes React state updates should be wrapped into act(...):

act(() => {
  /* fire events that update state */
});
/* assert on the output */

This ensures that you're testing the behavior the user would see in the browser. Learn more at https://react.dev/link/wrap-tests-with-act
An update to OrderForm inside a test was not wrapped in act(...).

When testing, code that causes React state updates should be wrapped into act(...):

act(() => {
  /* fire events that update state */
});
/* assert on the output */

This ensures that you're testing the behavior the user would see in the browser. Learn more at https://react.dev/link/wrap-tests-with-act
An update to OrderForm inside a test was not wrapped in act(...).

When testing, code that causes React state updates should be wrapped into act(...):

act(() => {
  /* fire events that update state */
});
/* assert on the output */

This ensures that you're testing the behavior the user would see in the browser. Learn more at https://react.dev/link/wrap-tests-with-act
An update to OrderForm inside a test was not wrapped in act(...).

When testing, code that causes React state updates should be wrapped into act(...):

act(() => {
  /* fire events that update state */
});
/* assert on the output */

This ensures that you're testing the behavior the user would see in the browser. Learn more at https://react.dev/link/wrap-tests-with-act
An update to OrderForm inside a test was not wrapped in act(...).

When testing, code that causes React state updates should be wrapped into act(...):

act(() => {
  /* fire events that update state */
});
/* assert on the output */

This ensures that you're testing the behavior the user would see in the browser. Learn more at https://react.dev/link/wrap-tests-with-act

 ✓ |ui| tests/unit/pedidos-ui/pedidos-viewport.test.tsx (16 tests) 22957ms
     ✓ el desbordamiento se resuelve DENTRO de la tabla, no en el documento (R22)  4217ms
     ✓ las acciones de fila siguen siendo alcanzables dentro de la tabla (R22)  1671ms
     ✓ ningun control se descubre ni se activa solo con :hover (R45)  2588ms
     ✓ los controles tactiles de la lista miden al menos 44x44 px (R45)  999ms
     ✓ los campos y las acciones del formulario cumplen 44x44 px y 16 px de fuente (R45)  1994ms
     ✓ la pantalla no usa 100vh como alto (R45)  1333ms
     ✓ P2 — ninguna columna declara ancho y ninguna celda recibe uno en linea  993ms
     ✓ P2 — la tabla dimensiona por contenido y el unico fijado tiene offset 0  1631ms
     ✓ el desbordamiento se resuelve DENTRO de la tabla, no en el documento (R22)  1007ms
     ✓ las acciones de fila siguen siendo alcanzables dentro de la tabla (R22)  1382ms
     ✓ ningun control se descubre ni se activa solo con :hover (R45)  1618ms
     ✓ los controles tactiles de la lista miden al menos 44x44 px (R45)  402ms
     ✓ los campos y las acciones del formulario cumplen 44x44 px y 16 px de fuente (R45)  991ms
     ✓ la pantalla no usa 100vh como alto (R45)  789ms
     ✓ P2 — ninguna columna declara ancho y ninguna celda recibe uno en linea  523ms
     ✓ P2 — la tabla dimensiona por contenido y el unico fijado tiene offset 0  799ms
 ✓ |ui| tests/unit/configuracion-ui/usuarios-viewport.test.tsx (27 tests) 22110ms
     ✓ la lista es utilizable: las SEIS columnas, sus filas y la paginacion (R21)  2722ms
     ✓ el desbordamiento se resuelve DENTRO de la tabla, no en el documento (R21)  1062ms
     ✓ la columna de correo va DENTRO del desplazador y no mueve el documento (R21)  1325ms
     ✓ las acciones de fila siguen siendo alcanzables dentro de la tabla (R21)  910ms
     ✓ las TRES acciones estan en el DOM y visibles desde el primer render, sin :hover (R40)  2203ms
     ✓ los controles tactiles de la lista miden al menos 44x44 px (R40)  350ms
     ✓ el panel es utilizable: los NUEVE campos a 16 px y acciones de 44x44 px (R40)  3056ms
     ✓ el dialogo de borrado es utilizable y sus dos acciones miden 44x44 px (R40)  1658ms
     ✓ el dialogo de estado es utilizable: selector a 16 px y acciones de 44x44 px (R40)  1444ms
     ✓ la pantalla no usa 100vh como alto (R40)  431ms
     ✓ la lista es utilizable: las SEIS columnas, sus filas y la paginacion (R21)  777ms
     ✓ el desbordamiento se resuelve DENTRO de la tabla, no en el documento (R21)  547ms
     ✓ la columna de correo va DENTRO del desplazador y no mueve el documento (R21)  359ms
     ✓ las acciones de fila siguen siendo alcanzables dentro de la tabla (R21)  409ms
     ✓ las TRES acciones estan en el DOM y visibles desde el primer render, sin :hover (R40)  824ms
     ✓ el panel es utilizable: los NUEVE campos a 16 px y acciones de 44x44 px (R40)  958ms
     ✓ el dialogo de borrado es utilizable y sus dos acciones miden 44x44 px (R40)  618ms
     ✓ el dialogo de estado es utilizable: selector a 16 px y acciones de 44x44 px (R40)  893ms
     ✓ la pantalla no usa 100vh como alto (R40)  1248ms
 ✓ |ui| tests/unit/configuracion-ui/unidades-viewport.test.tsx (18 tests) 12610ms
     ✓ la lista es utilizable: las CUATRO columnas, sus filas y la paginacion (R27)  1895ms
     ✓ el desbordamiento se resuelve DENTRO de la tabla, no en el documento (R27)  539ms
     ✓ editar y borrar estan en el DOM y visibles desde el primer render, sin :hover (R48)  974ms
     ✓ los controles tactiles de la lista miden al menos 44x44 px (R48)  560ms
     ✓ el panel lateral es utilizable: los CUATRO campos a 16 px y acciones de 44x44 px (R48)  1469ms
     ✓ el dialogo de borrado es utilizable y sus dos acciones miden 44x44 px (R48)  999ms
     ✓ la pantalla no usa 100vh como alto (R48)  464ms
     ✓ la lista es utilizable: las CUATRO columnas, sus filas y la paginacion (R27)  678ms
     ✓ el desbordamiento se resuelve DENTRO de la tabla, no en el documento (R27)  591ms
     ✓ la columna de equivalencia va DENTRO del desplazador y no mueve el documento (R27)  423ms
     ✓ las acciones de fila siguen siendo alcanzables dentro de la tabla (R27)  343ms
     ✓ editar y borrar estan en el DOM y visibles desde el primer render, sin :hover (R48)  755ms
     ✓ el panel lateral es utilizable: los CUATRO campos a 16 px y acciones de 44x44 px (R48)  940ms
     ✓ el dialogo de borrado es utilizable y sus dos acciones miden 44x44 px (R48)  692ms
     ✓ la pantalla no usa 100vh como alto (R48)  588ms
 ✓ |ui| tests/unit/configuracion-ui/user-status-dialog.test.tsx (9 tests) 13304ms
     ✓ nombra a la persona y ofrece los cuatro estados, ni uno mas ni uno menos  2971ms
     ✓ NINGUN valor se excluye por el estado actual: ni el suyo, ni los demas  4120ms
     ✓ no hay un boton por verbo: solo confirmar y volver, mas el propio selector  630ms
     ✓ MIENTRAS no se confirme, la operacion NO se invoca  1771ms
     ✓ la cuenta bloqueada puede pasar a activa, y se envia el id y el destino  1844ms
     ✓ con exito cierra, avisa una vez y refresca sin tocar la URL (R29)  439ms
     ✓ `self_operation` deja el dialogo abierto y la fila con su estado de siempre  390ms
     ✓ `invalid_input` deja el dialogo abierto y la fila con su estado de siempre  490ms
     ✓ el dialogo no monta ninguna region de avisos propia (R29)  640ms
Not implemented: navigation to another Document
 ✓ |ui| tests/unit/configuracion-ui/grupos/work-group-table.test.tsx (28 tests) 12230ms
     ✓ monta `DataTable` con una fila por grupo  453ms
     ✓ las filas se pintan en el orden en que llegan: aqui no se ordena ni se recorta (R14, R15)  1433ms
     ✓ avanzar de pagina pide la lista de nuevo con la pagina siguiente  452ms
     ✓ retroceder de pagina pide la lista de nuevo con la pagina anterior  558ms
     ✓ las opciones son exactamente dos, las del componente compartido  1593ms
     ✓ elegir otro tamano navega con ese tamano y vuelve a la primera pagina  1169ms
     ✓ ordenar por la columna de acciones NO SE OFRECE  379ms
     ✓ la accion de abrir de una fila abre el panel SOBRE ESE grupo  436ms
     ✓ la accion de borrar de una fila abre el dialogo SOBRE ESE grupo (R33)  342ms
     ✓ cerrar suelta el estado, y la lista de detras conserva sus parametros (R20)  1284ms
     ✓ y cerrar el dialogo de borrado tampoco retira ninguna fila (R34)  1165ms
     ✓ sin `usuarios.modificar` no se emite NINGUNA escritura en el arbol servido (R9)  336ms
Not implemented: navigation to another Document
 ✓ |ui| tests/unit/sidebar-mobile.test.tsx (7 tests) 11511ms
     ✓ en viewport angosto la barra arranca oculta y ofrece el control de apertura  1360ms
     ✓ al abrir en viewport angosto muestra un dialogo modal y mueve el foco dentro  2617ms
     ✓ el control refleja el estado con aria-expanded y referencia el panel con aria-controls  1458ms
     ✓ Escape cierra el panel superpuesto y devuelve el foco al control de apertura  1130ms
     ✓ activar un enlace, simple o de submenu, cierra el panel superpuesto  3199ms
     ✓ en viewport angosto no se aplica el modo icono  1725ms
 ✓ |ui| tests/unit/async-autocomplete.test.tsx (10 tests) 9967ms
     ✓ no consulta nada mientras el desplegable esta cerrado  555ms
     ✓ al abrir pide la pagina 1 con pageSize 10 y muestra sus diez opciones  1055ms
     ✓ el tamano de pagina se puede cambiar y viaja tal cual a la consulta  479ms
     ✓ llegar al final del scroll anexa la pagina siguiente sin perder la anterior  823ms
     ✓ no vuelve a consultar cuando ya se vio la ultima pagina  753ms
     ✓ escribir reinicia la consulta a la pagina 1 con el texto nuevo  2744ms
     ✓ elegir una opcion la entrega al llamante y la deja en el campo  669ms
     ✓ el desplegable respeta el alto maximo que se le pide  435ms
     ✓ teclear una palabra entera dispara UNA sola consulta, no una por letra  1947ms
     ✓ un fallo del servidor se muestra y no deja el desplegable en «cargando»  495ms
 ✓ |ui| tests/unit/proveedores-ui/delete-catalog-line-dialog.test.tsx (9 tests) 12581ms
     ✓ cada fila ofrece la baja y abrir el dialogo NO invoca la operacion  1788ms
     ✓ cancelar cierra el dialogo sin invocar la operacion ni refrescar  1365ms
     ✓ cerrar con Escape tampoco invoca la operacion  1524ms
     ✓ invoca la baja con el id en campo oculto, cierra, avisa por toast y refresca la lista  1916ms
     ✓ una baja rechazada mantiene el dialogo abierto con el mensaje a la vista  1233ms
     ✓ la baja de una linea nombra SOLO esa linea y no promete arrastrar nada  835ms
     ✓ los controles se identifican por rol y cumplen el area tactil en angosto y en ancho  1612ms
     ✓ el error inesperado ensena el identificador como texto, con su etiqueta  1104ms
     ✓ un error del catalogo no ensena identificador ninguno  1194ms
 ✓ |ui| tests/unit/esperar-interactiva.test.tsx (2 tests) 5680ms
     ✓ espera de verdad: resuelve solo DESPUES de que el elemento suelte pointer-events  615ms
     ✓ comprueba de verdad: si el elemento NO se libera nunca, la espera falla  5058ms
stderr | tests/unit/pedidos-ui/order-table.test.tsx > la tabla estrena el componente compartido y no declara uno propio (R7) > monta `DataTable` con una fila por pedido
An update to OrderForm inside a test was not wrapped in act(...).

When testing, code that causes React state updates should be wrapped into act(...):

act(() => {
  /* fire events that update state */
});
/* assert on the output */

This ensures that you're testing the behavior the user would see in the browser. Learn more at https://react.dev/link/wrap-tests-with-act
An update to OrderForm inside a test was not wrapped in act(...).

When testing, code that causes React state updates should be wrapped into act(...):

act(() => {
  /* fire events that update state */
});
/* assert on the output */

This ensures that you're testing the behavior the user would see in the browser. Learn more at https://react.dev/link/wrap-tests-with-act
An update to OrderForm inside a test was not wrapped in act(...).

When testing, code that causes React state updates should be wrapped into act(...):

act(() => {
  /* fire events that update state */
});
/* assert on the output */

This ensures that you're testing the behavior the user would see in the browser. Learn more at https://react.dev/link/wrap-tests-with-act
An update to OrderForm inside a test was not wrapped in act(...).

When testing, code that causes React state updates should be wrapped into act(...):

act(() => {
  /* fire events that update state */
});
/* assert on the output */

This ensures that you're testing the behavior the user would see in the browser. Learn more at https://react.dev/link/wrap-tests-with-act
An update to OrderForm inside a test was not wrapped in act(...).

When testing, code that causes React state updates should be wrapped into act(...):

act(() => {
  /* fire events that update state */
});
/* assert on the output */

This ensures that you're testing the behavior the user would see in the browser. Learn more at https://react.dev/link/wrap-tests-with-act
An update to OrderForm inside a test was not wrapped in act(...).

When testing, code that causes React state updates should be wrapped into act(...):

act(() => {
  /* fire events that update state */
});
/* assert on the output */

This ensures that you're testing the behavior the user would see in the browser. Learn more at https://react.dev/link/wrap-tests-with-act
An update to OrderForm inside a test was not wrapped in act(...).

When testing, code that causes React state updates should be wrapped into act(...):

act(() => {
  /* fire events that update state */
});
/* assert on the output */

This ensures that you're testing the behavior the user would see in the browser. Learn more at https://react.dev/link/wrap-tests-with-act
An update to OrderForm inside a test was not wrapped in act(...).

When testing, code that causes React state updates should be wrapped into act(...):

act(() => {
  /* fire events that update state */
});
/* assert on the output */

This ensures that you're testing the behavior the user would see in the browser. Learn more at https://react.dev/link/wrap-tests-with-act
An update to OrderForm inside a test was not wrapped in act(...).

When testing, code that causes React state updates should be wrapped into act(...):

act(() => {
  /* fire events that update state */
});
/* assert on the output */

This ensures that you're testing the behavior the user would see in the browser. Learn more at https://react.dev/link/wrap-tests-with-act

stderr | tests/unit/pedidos-ui/order-table.test.tsx > las filas se pintan en el orden en que llegan (R13) > no se reordena, ni se filtra, ni se recorta en el cliente aunque los parametros digan otra cosa
An update to OrderForm inside a test was not wrapped in act(...).

When testing, code that causes React state updates should be wrapped into act(...):

act(() => {
  /* fire events that update state */
});
/* assert on the output */

This ensures that you're testing the behavior the user would see in the browser. Learn more at https://react.dev/link/wrap-tests-with-act
An update to OrderForm inside a test was not wrapped in act(...).

When testing, code that causes React state updates should be wrapped into act(...):

act(() => {
  /* fire events that update state */
});
/* assert on the output */

This ensures that you're testing the behavior the user would see in the browser. Learn more at https://react.dev/link/wrap-tests-with-act
An update to OrderForm inside a test was not wrapped in act(...).

When testing, code that causes React state updates should be wrapped into act(...):

act(() => {
  /* fire events that update state */
});
/* assert on the output */

This ensures that you're testing the behavior the user would see in the browser. Learn more at https://react.dev/link/wrap-tests-with-act
An update to OrderForm inside a test was not wrapped in act(...).

When testing, code that causes React state updates should be wrapped into act(...):

act(() => {
  /* fire events that update state */
});
/* assert on the output */

This ensures that you're testing the behavior the user would see in the browser. Learn more at https://react.dev/link/wrap-tests-with-act
An update to OrderForm inside a test was not wrapped in act(...).

When testing, code that causes React state updates should be wrapped into act(...):

act(() => {
  /* fire events that update state */
});
/* assert on the output */

This ensures that you're testing the behavior the user would see in the browser. Learn more at https://react.dev/link/wrap-tests-with-act
An update to OrderForm inside a test was not wrapped in act(...).

When testing, code that causes React state updates should be wrapped into act(...):

act(() => {
  /* fire events that update state */
});
/* assert on the output */

This ensures that you're testing the behavior the user would see in the browser. Learn more at https://react.dev/link/wrap-tests-with-act
An update to OrderForm inside a test was not wrapped in act(...).

When testing, code that causes React state updates should be wrapped into act(...):

act(() => {
  /* fire events that update state */
});
/* assert on the output */

This ensures that you're testing the behavior the user would see in the browser. Learn more at https://react.dev/link/wrap-tests-with-act
An update to OrderForm inside a test was not wrapped in act(...).

When testing, code that causes React state updates should be wrapped into act(...):

act(() => {
  /* fire events that update state */
});
/* assert on the output */

This ensures that you're testing the behavior the user would see in the browser. Learn more at https://react.dev/link/wrap-tests-with-act
An update to OrderForm inside a test was not wrapped in act(...).

When testing, code that causes React state updates should be wrapped into act(...):

act(() => {
  /* fire events that update state */
});
/* assert on the output */

This ensures that you're testing the behavior the user would see in the browser. Learn more at https://react.dev/link/wrap-tests-with-act

stderr | tests/unit/pedidos-ui/order-table.test.tsx > la caja de busqueda NO existe (R20) > no se pinta inerte ni deshabilitada: no esta en el DOM
An update to OrderForm inside a test was not wrapped in act(...).

When testing, code that causes React state updates should be wrapped into act(...):

act(() => {
  /* fire events that update state */
});
/* assert on the output */

This ensures that you're testing the behavior the user would see in the browser. Learn more at https://react.dev/link/wrap-tests-with-act
An update to OrderForm inside a test was not wrapped in act(...).

When testing, code that causes React state updates should be wrapped into act(...):

act(() => {
  /* fire events that update state */
});
/* assert on the output */

This ensures that you're testing the behavior the user would see in the browser. Learn more at https://react.dev/link/wrap-tests-with-act
An update to OrderForm inside a test was not wrapped in act(...).

When testing, code that causes React state updates should be wrapped into act(...):

act(() => {
  /* fire events that update state */
});
/* assert on the output */

This ensures that you're testing the behavior the user would see in the browser. Learn more at https://react.dev/link/wrap-tests-with-act
An update to OrderForm inside a test was not wrapped in act(...).

When testing, code that causes React state updates should be wrapped into act(...):

act(() => {
  /* fire events that update state */
});
/* assert on the output */

This ensures that you're testing the behavior the user would see in the browser. Learn more at https://react.dev/link/wrap-tests-with-act
An update to OrderForm inside a test was not wrapped in act(...).

When testing, code that causes React state updates should be wrapped into act(...):

act(() => {
  /* fire events that update state */
});
/* assert on the output */

This ensures that you're testing the behavior the user would see in the browser. Learn more at https://react.dev/link/wrap-tests-with-act
An update to OrderForm inside a test was not wrapped in act(...).

When testing, code that causes React state updates should be wrapped into act(...):

act(() => {
  /* fire events that update state */
});
/* assert on the output */

This ensures that you're testing the behavior the user would see in the browser. Learn more at https://react.dev/link/wrap-tests-with-act
An update to OrderForm inside a test was not wrapped in act(...).

When testing, code that causes React state updates should be wrapped into act(...):

act(() => {
  /* fire events that update state */
});
/* assert on the output */

This ensures that you're testing the behavior the user would see in the browser. Learn more at https://react.dev/link/wrap-tests-with-act
An update to OrderForm inside a test was not wrapped in act(...).

When testing, code that causes React state updates should be wrapped into act(...):

act(() => {
  /* fire events that update state */
});
/* assert on the output */

This ensures that you're testing the behavior the user would see in the browser. Learn more at https://react.dev/link/wrap-tests-with-act
An update to OrderForm inside a test was not wrapped in act(...).

When testing, code that causes React state updates should be wrapped into act(...):

act(() => {
  /* fire events that update state */
});
/* assert on the output */

This ensures that you're testing the behavior the user would see in the browser. Learn more at https://react.dev/link/wrap-tests-with-act

 ❯ |ui| tests/unit/inventario/product-page.test.tsx (61 tests | 1 failed) 200731ms
     ✓ la pantalla de productos se renderiza dentro del armazon privado y no declara main propio  2564ms
     ✓ la tabla presenta todas las columnas de negocio declaradas  1569ms
     ✓ la tabla no muestra el id de la unidad  954ms
     ✓ la primera columna es la imagen del producto, y la RUTA no se pinta como texto  1130ms
     ✓ sin ruta de imagen, la miniatura cae al marcador de `public/`  792ms
     ✓ el costo, la compra minima y el tiempo de entrega no aparecen en la lista por ninguna via  3140ms
     ✓ R16 — la existencia se pinta en rojo cuando la alerta de cantidad supera la del lote mas reciente  1456ms
     ✓ R17 — un producto sin lotes y con alerta de cantidad configurada se marca en alerta  852ms
     ✓ R18 — sin cantidad de alerta configurada, la existencia no se marca, tenga o no lotes  779ms
     ✓ R16 — la alerta ignora la existencia de otras unidades  707ms
     ✓ R6 — la celda muestra una existencia por unidad, separadas por «·»  783ms
     ✓ R7 — un producto sin lotes muestra su existencia como 0  1096ms
     ✓ sin catalogo de unidades, la celda pinta la cantidad sin etiqueta  982ms
     ✓ el desbordamiento horizontal lo absorbe el envoltorio de la tabla y ningun ancestro  1561ms
     ✓ el selector de tamano de pagina ofrece 10 y 25 y usa 10 por defecto  4659ms
     ✓ permite avanzar y retroceder de pagina e indica la pagina actual y el total  2025ms
     ✓ en los extremos no ofrece avanzar ni retroceder mas alla  534ms
     ✓ la pantalla SI ofrece busqueda y orden, y ninguno de los dos se resuelve en el cliente  5616ms
     ✓ sin productos presenta el estado vacio con la accion de crear  701ms
     ✓ una pagina que se quedo atras ofrece volver a la primera 227ms
     ✓ mientras carga presenta el esqueleto en lugar de la tabla  931ms
     ✓ un error de la consulta presenta el estado de error con reintento y no una tabla vacia  620ms
     ✓ un error unauthorized se presenta como error y no se muestran datos del catalogo 241ms
     ✓ presenta lista y acciones en viewport angosto y en ancho  1814ms
     ✓ crear abre un panel lateral sobre la lista, sin navegar ni perder la pagina  2376ms
     ✓ la edicion precarga los valores actuales y envia el reemplazo completo, sin la existencia (R9)  3092ms
     × un guardado rechazado por un campo muestra el error en linea y no cierra el panel 20369ms
     ✓ un guardado rechazado por la operacion muestra el error del formulario y conserva lo escrito  9872ms
     ✓ un guardado con exito cierra el panel, avisa por toast y refresca la lista  6447ms
     ✓ tras un alta con éxito, ProductForm llama a onSaved con el lote devuelto por el servidor (R12)  6087ms
     ✓ el aviso de alta nombra el lote asignado por el sistema (R14)  5832ms
     ✓ el aviso de alta nombra el lote tecleado a mano sin decir que lo asignó el sistema (R15)  6147ms
     ✓ el aviso de edición no cambia y no nombra ningún lote (R9)  1573ms
     ✓ elegir un producto existente autocompleta la alerta de cantidad, no la existencia  3029ms
     ✓ el alta pide el primer lote: presentacion obligatoria y uno de los dos costos  9653ms
     ✓ la edicion no pide nada del lote: ni presentacion, ni costos, ni caducidad  990ms
     ✓ el alta rechaza un costo de 0 en SU campo y no llama a la operacion  9373ms
     ✓ los dos importes no dejan escribir texto, ni un tercer decimal, ni una coma suelta  7038ms
     ✓ escribir el costo unitario rellena el total, y escribir el total rellena el unitario  2590ms
     ✓ sin existencia utilizable el importe derivado se queda vacio, no obsoleto  2389ms
     ✓ con solo costo total y existencia 0 el rechazo se pinta en el campo de la EXISTENCIA  8550ms
     ✓ el alta hace viajar los CINCO campos del primer lote en el FormData  6709ms
     ✓ la edicion no envia ningun campo del lote  1756ms
     ✓ un rechazo del servidor deja el panel abierto y conserva los cinco campos del lote  10276ms
     ✓ el panel de alta nunca permite enviar sin fecha de compra escrita (R3)  4749ms
     ✓ el alta de producto envía la fecha de compra elegida como YYYY-MM-DD (R4)  4073ms
     ✓ la edición no muestra el campo de fecha de compra (R9)  643ms
     ✓ los campos con ayuda la ofrecen en la etiqueta y la muestran al pasar por encima  1906ms
     ✓ el campo lote explica que un valor vacío lo asigna el sistema (R6)  2280ms
     ✓ el campo lote sigue siendo un input de texto opcional (R7)  1265ms
     ✓ el formulario no captura la unidad, y el alta viaja sin ella (QC-80, R21)  4390ms
     ✓ el borrado pide confirmacion nombrando el producto y sin confirmar no invoca la operacion  1478ms
     ✓ un borrado con exito cierra el dialogo, avisa por toast y refresca la lista  1028ms
     ✓ el alta rapida manda la unidad y sin elegirla no llega a la operacion  3407ms
     ✓ sin catalogo de unidades no se ofrece el alta rapida, pero elegir una presentacion existente sigue funcionando  3747ms
     ✓ la lista con el error inesperado ensena el identificador como texto y con su etiqueta 261ms
     ✓ la lista con un error del catalogo no ensena identificador ninguno 122ms
     ✓ el formulario conserva el identificador que devolvio la operacion  4437ms
     ✓ el formulario con un error del catalogo no ensena identificador ninguno  4517ms
     ✓ el dialogo de borrado ensena el identificador del error inesperado  903ms
     ✓ el dialogo de borrado con un error del catalogo no ensena identificador ninguno  1607ms
stderr | tests/unit/pedidos-ui/order-list-section.test.tsx > los tres estados son mutuamente excluyentes y se distinguen por data-testid (R21, R44) > lista: con pedidos se pinta la lista y ninguno de los otros dos estados
An update to OrderForm inside a test was not wrapped in act(...).

When testing, code that causes React state updates should be wrapped into act(...):

act(() => {
  /* fire events that update state */
});
/* assert on the output */

This ensures that you're testing the behavior the user would see in the browser. Learn more at https://react.dev/link/wrap-tests-with-act
An update to OrderForm inside a test was not wrapped in act(...).

When testing, code that causes React state updates should be wrapped into act(...):

act(() => {
  /* fire events that update state */
});
/* assert on the output */

This ensures that you're testing the behavior the user would see in the browser. Learn more at https://react.dev/link/wrap-tests-with-act
An update to OrderForm inside a test was not wrapped in act(...).

When testing, code that causes React state updates should be wrapped into act(...):

act(() => {
  /* fire events that update state */
});
/* assert on the output */

This ensures that you're testing the behavior the user would see in the browser. Learn more at https://react.dev/link/wrap-tests-with-act

stderr | tests/unit/pedidos-ui/order-row-wiring.test.tsx > desde una fila viva, cada accion abre lo suyo (R23, R25, R37, R38) > la fila trae los tres controles y, cerrada, no monta ningun panel ni dialogo
An update to OrderForm inside a test was not wrapped in act(...).

When testing, code that causes React state updates should be wrapped into act(...):

act(() => {
  /* fire events that update state */
});
/* assert on the output */

This ensures that you're testing the behavior the user would see in the browser. Learn more at https://react.dev/link/wrap-tests-with-act
An update to OrderForm inside a test was not wrapped in act(...).

When testing, code that causes React state updates should be wrapped into act(...):

act(() => {
  /* fire events that update state */
});
/* assert on the output */

This ensures that you're testing the behavior the user would see in the browser. Learn more at https://react.dev/link/wrap-tests-with-act
An update to OrderForm inside a test was not wrapped in act(...).

When testing, code that causes React state updates should be wrapped into act(...):

act(() => {
  /* fire events that update state */
});
/* assert on the output */

This ensures that you're testing the behavior the user would see in the browser. Learn more at https://react.dev/link/wrap-tests-with-act

stderr | tests/unit/pedidos-ui/order-table.test.tsx > la columna del correlativo esta fijada al montar (R19) > sin ninguna preferencia guardada, su cabecera y sus celdas nacen fijadas a la izquierda
An update to OrderForm inside a test was not wrapped in act(...).

When testing, code that causes React state updates should be wrapped into act(...):

act(() => {
  /* fire events that update state */
});
/* assert on the output */

This ensures that you're testing the behavior the user would see in the browser. Learn more at https://react.dev/link/wrap-tests-with-act
An update to OrderForm inside a test was not wrapped in act(...).

When testing, code that causes React state updates should be wrapped into act(...):

act(() => {
  /* fire events that update state */
});
/* assert on the output */

This ensures that you're testing the behavior the user would see in the browser. Learn more at https://react.dev/link/wrap-tests-with-act
An update to OrderForm inside a test was not wrapped in act(...).

When testing, code that causes React state updates should be wrapped into act(...):

act(() => {
  /* fire events that update state */
});
/* assert on the output */

This ensures that you're testing the behavior the user would see in the browser. Learn more at https://react.dev/link/wrap-tests-with-act
An update to OrderForm inside a test was not wrapped in act(...).

When testing, code that causes React state updates should be wrapped into act(...):

act(() => {
  /* fire events that update state */
});
/* assert on the output */

This ensures that you're testing the behavior the user would see in the browser. Learn more at https://react.dev/link/wrap-tests-with-act
An update to OrderForm inside a test was not wrapped in act(...).

When testing, code that causes React state updates should be wrapped into act(...):

act(() => {
  /* fire events that update state */
});
/* assert on the output */

This ensures that you're testing the behavior the user would see in the browser. Learn more at https://react.dev/link/wrap-tests-with-act
An update to OrderForm inside a test was not wrapped in act(...).

When testing, code that causes React state updates should be wrapped into act(...):

act(() => {
  /* fire events that update state */
});
/* assert on the output */

This ensures that you're testing the behavior the user would see in the browser. Learn more at https://react.dev/link/wrap-tests-with-act
An update to OrderForm inside a test was not wrapped in act(...).

When testing, code that causes React state updates should be wrapped into act(...):

act(() => {
  /* fire events that update state */
});
/* assert on the output */

This ensures that you're testing the behavior the user would see in the browser. Learn more at https://react.dev/link/wrap-tests-with-act
An update to OrderForm inside a test was not wrapped in act(...).

When testing, code that causes React state updates should be wrapped into act(...):

act(() => {
  /* fire events that update state */
});
/* assert on the output */

This ensures that you're testing the behavior the user would see in the browser. Learn more at https://react.dev/link/wrap-tests-with-act
An update to OrderForm inside a test was not wrapped in act(...).

When testing, code that causes React state updates should be wrapped into act(...):

act(() => {
  /* fire events that update state */
});
/* assert on the output */

This ensures that you're testing the behavior the user would see in the browser. Learn more at https://react.dev/link/wrap-tests-with-act

stderr | tests/unit/pedidos-ui/order-list-section.test.tsx > una sola llamada de lectura por pantalla (R7, R41) > se invoca listOrdersAction UNA vez, con los parametros enteros y sin traducir
An update to OrderForm inside a test was not wrapped in act(...).

When testing, code that causes React state updates should be wrapped into act(...):

act(() => {
  /* fire events that update state */
});
/* assert on the output */

This ensures that you're testing the behavior the user would see in the browser. Learn more at https://react.dev/link/wrap-tests-with-act
An update to OrderForm inside a test was not wrapped in act(...).

When testing, code that causes React state updates should be wrapped into act(...):

act(() => {
  /* fire events that update state */
});
/* assert on the output */

This ensures that you're testing the behavior the user would see in the browser. Learn more at https://react.dev/link/wrap-tests-with-act
An update to OrderForm inside a test was not wrapped in act(...).

When testing, code that causes React state updates should be wrapped into act(...):

act(() => {
  /* fire events that update state */
});
/* assert on the output */

This ensures that you're testing the behavior the user would see in the browser. Learn more at https://react.dev/link/wrap-tests-with-act

stderr | tests/unit/pedidos-ui/order-list-section.test.tsx > QC-102 — el listado trae los responsables de su pagina (R16) > pide el lote UNA sola vez por render, con los ids de la pagina y en una sola llamada
An update to OrderForm inside a test was not wrapped in act(...).

When testing, code that causes React state updates should be wrapped into act(...):

act(() => {
  /* fire events that update state */
});
/* assert on the output */

This ensures that you're testing the behavior the user would see in the browser. Learn more at https://react.dev/link/wrap-tests-with-act
An update to OrderForm inside a test was not wrapped in act(...).

When testing, code that causes React state updates should be wrapped into act(...):

act(() => {
  /* fire events that update state */
});
/* assert on the output */

This ensures that you're testing the behavior the user would see in the browser. Learn more at https://react.dev/link/wrap-tests-with-act
An update to OrderForm inside a test was not wrapped in act(...).

When testing, code that causes React state updates should be wrapped into act(...):

act(() => {
  /* fire events that update state */
});
/* assert on the output */

This ensures that you're testing the behavior the user would see in the browser. Learn more at https://react.dev/link/wrap-tests-with-act
An update to OrderForm inside a test was not wrapped in act(...).

When testing, code that causes React state updates should be wrapped into act(...):

act(() => {
  /* fire events that update state */
});
/* assert on the output */

This ensures that you're testing the behavior the user would see in the browser. Learn more at https://react.dev/link/wrap-tests-with-act
An update to OrderForm inside a test was not wrapped in act(...).

When testing, code that causes React state updates should be wrapped into act(...):

act(() => {
  /* fire events that update state */
});
/* assert on the output */

This ensures that you're testing the behavior the user would see in the browser. Learn more at https://react.dev/link/wrap-tests-with-act
An update to OrderForm inside a test was not wrapped in act(...).

When testing, code that causes React state updates should be wrapped into act(...):

act(() => {
  /* fire events that update state */
});
/* assert on the output */

This ensures that you're testing the behavior the user would see in the browser. Learn more at https://react.dev/link/wrap-tests-with-act

stderr | tests/unit/pedidos-ui/order-table.test.tsx > la columna del correlativo esta fijada al montar (R19) > la columna de acciones NO nace fijada: no puede tapar a la del correlativo
An update to OrderForm inside a test was not wrapped in act(...).

When testing, code that causes React state updates should be wrapped into act(...):

act(() => {
  /* fire events that update state */
});
/* assert on the output */

This ensures that you're testing the behavior the user would see in the browser. Learn more at https://react.dev/link/wrap-tests-with-act
An update to OrderForm inside a test was not wrapped in act(...).

When testing, code that causes React state updates should be wrapped into act(...):

act(() => {
  /* fire events that update state */
});
/* assert on the output */

This ensures that you're testing the behavior the user would see in the browser. Learn more at https://react.dev/link/wrap-tests-with-act
An update to OrderForm inside a test was not wrapped in act(...).

When testing, code that causes React state updates should be wrapped into act(...):

act(() => {
  /* fire events that update state */
});
/* assert on the output */

This ensures that you're testing the behavior the user would see in the browser. Learn more at https://react.dev/link/wrap-tests-with-act
An update to OrderForm inside a test was not wrapped in act(...).

When testing, code that causes React state updates should be wrapped into act(...):

act(() => {
  /* fire events that update state */
});
/* assert on the output */

This ensures that you're testing the behavior the user would see in the browser. Learn more at https://react.dev/link/wrap-tests-with-act
An update to OrderForm inside a test was not wrapped in act(...).

When testing, code that causes React state updates should be wrapped into act(...):

act(() => {
  /* fire events that update state */
});
/* assert on the output */

This ensures that you're testing the behavior the user would see in the browser. Learn more at https://react.dev/link/wrap-tests-with-act
An update to OrderForm inside a test was not wrapped in act(...).

When testing, code that causes React state updates should be wrapped into act(...):

act(() => {
  /* fire events that update state */
});
/* assert on the output */

This ensures that you're testing the behavior the user would see in the browser. Learn more at https://react.dev/link/wrap-tests-with-act
An update to OrderForm inside a test was not wrapped in act(...).

When testing, code that causes React state updates should be wrapped into act(...):

act(() => {
  /* fire events that update state */
});
/* assert on the output */

This ensures that you're testing the behavior the user would see in the browser. Learn more at https://react.dev/link/wrap-tests-with-act
An update to OrderForm inside a test was not wrapped in act(...).

When testing, code that causes React state updates should be wrapped into act(...):

act(() => {
  /* fire events that update state */
});
/* assert on the output */

This ensures that you're testing the behavior the user would see in the browser. Learn more at https://react.dev/link/wrap-tests-with-act
An update to OrderForm inside a test was not wrapped in act(...).

When testing, code that causes React state updates should be wrapped into act(...):

act(() => {
  /* fire events that update state */
});
/* assert on the output */

This ensures that you're testing the behavior the user would see in the browser. Learn more at https://react.dev/link/wrap-tests-with-act

stderr | tests/unit/pedidos-ui/order-list-section.test.tsx > QC-102 — el listado trae los responsables de su pagina (R16) > la llamada del lote va DESPUES de la de la lista: sus ids salen de ella
An update to OrderForm inside a test was not wrapped in act(...).

When testing, code that causes React state updates should be wrapped into act(...):

act(() => {
  /* fire events that update state */
});
/* assert on the output */

This ensures that you're testing the behavior the user would see in the browser. Learn more at https://react.dev/link/wrap-tests-with-act
An update to OrderForm inside a test was not wrapped in act(...).

When testing, code that causes React state updates should be wrapped into act(...):

act(() => {
  /* fire events that update state */
});
/* assert on the output */

This ensures that you're testing the behavior the user would see in the browser. Learn more at https://react.dev/link/wrap-tests-with-act
An update to OrderForm inside a test was not wrapped in act(...).

When testing, code that causes React state updates should be wrapped into act(...):

act(() => {
  /* fire events that update state */
});
/* assert on the output */

This ensures that you're testing the behavior the user would see in the browser. Learn more at https://react.dev/link/wrap-tests-with-act

stderr | tests/unit/pedidos-ui/order-table.test.tsx > cambiar orden, filtro o pagina navega con la consulta esperada (R15, R17) > ordenar por una cabecera pide la lista de nuevo con ese orden
An update to OrderForm inside a test was not wrapped in act(...).

When testing, code that causes React state updates should be wrapped into act(...):

act(() => {
  /* fire events that update state */
});
/* assert on the output */

This ensures that you're testing the behavior the user would see in the browser. Learn more at https://react.dev/link/wrap-tests-with-act
An update to OrderForm inside a test was not wrapped in act(...).

When testing, code that causes React state updates should be wrapped into act(...):

act(() => {
  /* fire events that update state */
});
/* assert on the output */

This ensures that you're testing the behavior the user would see in the browser. Learn more at https://react.dev/link/wrap-tests-with-act
An update to OrderForm inside a test was not wrapped in act(...).

When testing, code that causes React state updates should be wrapped into act(...):

act(() => {
  /* fire events that update state */
});
/* assert on the output */

This ensures that you're testing the behavior the user would see in the browser. Learn more at https://react.dev/link/wrap-tests-with-act
An update to OrderForm inside a test was not wrapped in act(...).

When testing, code that causes React state updates should be wrapped into act(...):

act(() => {
  /* fire events that update state */
});
/* assert on the output */

This ensures that you're testing the behavior the user would see in the browser. Learn more at https://react.dev/link/wrap-tests-with-act
An update to OrderForm inside a test was not wrapped in act(...).

When testing, code that causes React state updates should be wrapped into act(...):

act(() => {
  /* fire events that update state */
});
/* assert on the output */

This ensures that you're testing the behavior the user would see in the browser. Learn more at https://react.dev/link/wrap-tests-with-act
An update to OrderForm inside a test was not wrapped in act(...).

When testing, code that causes React state updates should be wrapped into act(...):

act(() => {
  /* fire events that update state */
});
/* assert on the output */

This ensures that you're testing the behavior the user would see in the browser. Learn more at https://react.dev/link/wrap-tests-with-act
An update to OrderForm inside a test was not wrapped in act(...).

When testing, code that causes React state updates should be wrapped into act(...):

act(() => {
  /* fire events that update state */
});
/* assert on the output */

This ensures that you're testing the behavior the user would see in the browser. Learn more at https://react.dev/link/wrap-tests-with-act
An update to OrderForm inside a test was not wrapped in act(...).

When testing, code that causes React state updates should be wrapped into act(...):

act(() => {
  /* fire events that update state */
});
/* assert on the output */

This ensures that you're testing the behavior the user would see in the browser. Learn more at https://react.dev/link/wrap-tests-with-act
An update to OrderForm inside a test was not wrapped in act(...).

When testing, code that causes React state updates should be wrapped into act(...):

act(() => {
  /* fire events that update state */
});
/* assert on the output */

This ensures that you're testing the behavior the user would see in the browser. Learn more at https://react.dev/link/wrap-tests-with-act

stderr | tests/unit/pedidos-ui/order-list-section.test.tsx > QC-102 — el listado trae los responsables de su pagina (R16) > cada fila recibe los suyos: el reparto se hace en el SERVIDOR y baja ya repartido
An update to OrderForm inside a test was not wrapped in act(...).

When testing, code that causes React state updates should be wrapped into act(...):

act(() => {
  /* fire events that update state */
});
/* assert on the output */

This ensures that you're testing the behavior the user would see in the browser. Learn more at https://react.dev/link/wrap-tests-with-act
An update to OrderForm inside a test was not wrapped in act(...).

When testing, code that causes React state updates should be wrapped into act(...):

act(() => {
  /* fire events that update state */
});
/* assert on the output */

This ensures that you're testing the behavior the user would see in the browser. Learn more at https://react.dev/link/wrap-tests-with-act
An update to OrderForm inside a test was not wrapped in act(...).

When testing, code that causes React state updates should be wrapped into act(...):

act(() => {
  /* fire events that update state */
});
/* assert on the output */

This ensures that you're testing the behavior the user would see in the browser. Learn more at https://react.dev/link/wrap-tests-with-act
An update to OrderForm inside a test was not wrapped in act(...).

When testing, code that causes React state updates should be wrapped into act(...):

act(() => {
  /* fire events that update state */
});
/* assert on the output */

This ensures that you're testing the behavior the user would see in the browser. Learn more at https://react.dev/link/wrap-tests-with-act
An update to OrderForm inside a test was not wrapped in act(...).

When testing, code that causes React state updates should be wrapped into act(...):

act(() => {
  /* fire events that update state */
});
/* assert on the output */

This ensures that you're testing the behavior the user would see in the browser. Learn more at https://react.dev/link/wrap-tests-with-act
An update to OrderForm inside a test was not wrapped in act(...).

When testing, code that causes React state updates should be wrapped into act(...):

act(() => {
  /* fire events that update state */
});
/* assert on the output */

This ensures that you're testing the behavior the user would see in the browser. Learn more at https://react.dev/link/wrap-tests-with-act

 ✓ |ui| tests/unit/configuracion-ui/unit-table.test.tsx (18 tests) 9642ms
     ✓ monta `DataTable` con una fila por unidad  752ms
     ✓ no se reordena, ni se filtra, ni se recorta en el cliente aunque los parametros digan otra cosa  809ms
     ✓ avanzar de pagina pide la lista de nuevo con la pagina siguiente  343ms
     ✓ retroceder de pagina pide la lista de nuevo con la pagina anterior  311ms
     ✓ las opciones son exactamente las del componente compartido  1599ms
     ✓ elegir otro tamano navega con ese tamano y vuelve a la primera pagina  1309ms
     ✓ sin tamano en la URL la tabla parte del tamano por defecto (10)  306ms
     ✓ la cabecera del nombre pide la lista de nuevo con ese orden  491ms
     ✓ ordenar por equivalencia NO SE OFRECE: no esta en la lista blanca (R19)  983ms
     ✓ ni barra de filtros por columna, ni chips de filtro, ni entrada de filtro en los menus  666ms
     ✓ escribir un termino navega con ese termino en la URL, sobre el conjunto entero  417ms
stderr | tests/unit/pedidos-ui/order-list-section.test.tsx > QC-102 — si el lote falla, la lista NO se cae (R20) > con el lote en `unauthorized` se siguen pintando los pedidos y la columna queda sin resolver
An update to OrderForm inside a test was not wrapped in act(...).

When testing, code that causes React state updates should be wrapped into act(...):

act(() => {
  /* fire events that update state */
});
/* assert on the output */

This ensures that you're testing the behavior the user would see in the browser. Learn more at https://react.dev/link/wrap-tests-with-act
An update to OrderForm inside a test was not wrapped in act(...).

When testing, code that causes React state updates should be wrapped into act(...):

act(() => {
  /* fire events that update state */
});
/* assert on the output */

This ensures that you're testing the behavior the user would see in the browser. Learn more at https://react.dev/link/wrap-tests-with-act
An update to OrderForm inside a test was not wrapped in act(...).

When testing, code that causes React state updates should be wrapped into act(...):

act(() => {
  /* fire events that update state */
});
/* assert on the output */

This ensures that you're testing the behavior the user would see in the browser. Learn more at https://react.dev/link/wrap-tests-with-act

stderr | tests/unit/pedidos-ui/order-list-section.test.tsx > QC-102 — si el lote falla, la lista NO se cae (R20) > con el lote en `invalid_input` se siguen pintando los pedidos y la columna queda sin resolver
An update to OrderForm inside a test was not wrapped in act(...).

When testing, code that causes React state updates should be wrapped into act(...):

act(() => {
  /* fire events that update state */
});
/* assert on the output */

This ensures that you're testing the behavior the user would see in the browser. Learn more at https://react.dev/link/wrap-tests-with-act
An update to OrderForm inside a test was not wrapped in act(...).

When testing, code that causes React state updates should be wrapped into act(...):

act(() => {
  /* fire events that update state */
});
/* assert on the output */

This ensures that you're testing the behavior the user would see in the browser. Learn more at https://react.dev/link/wrap-tests-with-act
An update to OrderForm inside a test was not wrapped in act(...).

When testing, code that causes React state updates should be wrapped into act(...):

act(() => {
  /* fire events that update state */
});
/* assert on the output */

This ensures that you're testing the behavior the user would see in the browser. Learn more at https://react.dev/link/wrap-tests-with-act

stderr | tests/unit/pedidos-ui/order-list-section.test.tsx > QC-102 — si el lote falla, la lista NO se cae (R20) > con el lote en `unexpected` se siguen pintando los pedidos y la columna queda sin resolver
An update to OrderForm inside a test was not wrapped in act(...).

When testing, code that causes React state updates should be wrapped into act(...):

act(() => {
  /* fire events that update state */
});
/* assert on the output */

This ensures that you're testing the behavior the user would see in the browser. Learn more at https://react.dev/link/wrap-tests-with-act
An update to OrderForm inside a test was not wrapped in act(...).

When testing, code that causes React state updates should be wrapped into act(...):

act(() => {
  /* fire events that update state */
});
/* assert on the output */

This ensures that you're testing the behavior the user would see in the browser. Learn more at https://react.dev/link/wrap-tests-with-act
An update to OrderForm inside a test was not wrapped in act(...).

When testing, code that causes React state updates should be wrapped into act(...):

act(() => {
  /* fire events that update state */
});
/* assert on the output */

This ensures that you're testing the behavior the user would see in the browser. Learn more at https://react.dev/link/wrap-tests-with-act

stderr | tests/unit/pedidos-ui/order-list-section.test.tsx > QC-102 — los catalogos del panel solo se piden si el actor puede escribir (R27, R28) > con `asignaciones.modificar` se piden los dos, una vez cada uno
An update to OrderForm inside a test was not wrapped in act(...).

When testing, code that causes React state updates should be wrapped into act(...):

act(() => {
  /* fire events that update state */
});
/* assert on the output */

This ensures that you're testing the behavior the user would see in the browser. Learn more at https://react.dev/link/wrap-tests-with-act
An update to OrderForm inside a test was not wrapped in act(...).

When testing, code that causes React state updates should be wrapped into act(...):

act(() => {
  /* fire events that update state */
});
/* assert on the output */

This ensures that you're testing the behavior the user would see in the browser. Learn more at https://react.dev/link/wrap-tests-with-act
An update to OrderForm inside a test was not wrapped in act(...).

When testing, code that causes React state updates should be wrapped into act(...):

act(() => {
  /* fire events that update state */
});
/* assert on the output */

This ensures that you're testing the behavior the user would see in the browser. Learn more at https://react.dev/link/wrap-tests-with-act

stderr | tests/unit/pedidos-ui/order-list-section.test.tsx > QC-102 — los catalogos del panel solo se piden si el actor puede escribir (R27, R28) > sin el permiso no se pide ningun catalogo: no hay control de escritura que alimentar
An update to OrderForm inside a test was not wrapped in act(...).

When testing, code that causes React state updates should be wrapped into act(...):

act(() => {
  /* fire events that update state */
});
/* assert on the output */

This ensures that you're testing the behavior the user would see in the browser. Learn more at https://react.dev/link/wrap-tests-with-act
An update to OrderForm inside a test was not wrapped in act(...).

When testing, code that causes React state updates should be wrapped into act(...):

act(() => {
  /* fire events that update state */
});
/* assert on the output */

This ensures that you're testing the behavior the user would see in the browser. Learn more at https://react.dev/link/wrap-tests-with-act
An update to OrderForm inside a test was not wrapped in act(...).

When testing, code that causes React state updates should be wrapped into act(...):

act(() => {
  /* fire events that update state */
});
/* assert on the output */

This ensures that you're testing the behavior the user would see in the browser. Learn more at https://react.dev/link/wrap-tests-with-act

 ✓ |ui| tests/unit/pedidos-ui/order-table.test.tsx (10 tests) 9726ms
     ✓ monta `DataTable` con una fila por pedido  967ms
     ✓ no se reordena, ni se filtra, ni se recorta en el cliente aunque los parametros digan otra cosa  1371ms
     ✓ no se pinta inerte ni deshabilitada: no esta en el DOM  595ms
     ✓ ninguna navegacion de la tabla escribe un termino de busqueda en la URL  1436ms
     ✓ la columna de acciones NO nace fijada: no puede tapar a la del correlativo  765ms
     ✓ ordenar por una cabecera pide la lista de nuevo con ese orden  808ms
     ✓ marcar un valor del filtro de estado pide la lista de nuevo con ese filtro  2035ms
     ✓ avanzar de pagina pide la lista de nuevo con la pagina siguiente  714ms
     ✓ el destino sale SIEMPRE de la constante de ruta (R2)  728ms
stderr | tests/unit/pedidos-ui/order-list-section.test.tsx > QC-102 — los catalogos del panel solo se piden si el actor puede escribir (R27, R28) > si un catalogo falla, el panel se degrada y la lista NO se tumba (H1)
An update to OrderForm inside a test was not wrapped in act(...).

When testing, code that causes React state updates should be wrapped into act(...):

act(() => {
  /* fire events that update state */
});
/* assert on the output */

This ensures that you're testing the behavior the user would see in the browser. Learn more at https://react.dev/link/wrap-tests-with-act
An update to OrderForm inside a test was not wrapped in act(...).

When testing, code that causes React state updates should be wrapped into act(...):

act(() => {
  /* fire events that update state */
});
/* assert on the output */

This ensures that you're testing the behavior the user would see in the browser. Learn more at https://react.dev/link/wrap-tests-with-act
An update to OrderForm inside a test was not wrapped in act(...).

When testing, code that causes React state updates should be wrapped into act(...):

act(() => {
  /* fire events that update state */
});
/* assert on the output */

This ensures that you're testing the behavior the user would see in the browser. Learn more at https://react.dev/link/wrap-tests-with-act

 ✓ |ui| tests/unit/pedidos-ui/order-list-section.test.tsx (19 tests) 7126ms
     ✓ cargando: el esqueleto pinta tantas filas como el tamano de pagina pedido  525ms
     ✓ lista: con pedidos se pinta la lista y ninguno de los otros dos estados  537ms
     ✓ se invoca listOrdersAction UNA vez, con los parametros enteros y sin traducir  639ms
     ✓ pide el lote UNA sola vez por render, con los ids de la pagina y en una sola llamada  459ms
     ✓ la llamada del lote va DESPUES de la de la lista: sus ids salen de ella  655ms
     ✓ cada fila recibe los suyos: el reparto se hace en el SERVIDOR y baja ya repartido  1178ms
     ✓ con el lote en `unauthorized` se siguen pintando los pedidos y la columna queda sin resolver  774ms
     ✓ con el lote en `invalid_input` se siguen pintando los pedidos y la columna queda sin resolver  486ms
     ✓ con el lote en `unexpected` se siguen pintando los pedidos y la columna queda sin resolver  342ms
     ✓ sin el permiso no se pide ningun catalogo: no hay control de escritura que alimentar  303ms
     ✓ si un catalogo falla, el panel se degrada y la lista NO se tumba (H1)  614ms
 ✓ |ui| tests/unit/pedidos-ui/order-row-wiring.test.tsx (6 tests) 6437ms
     ✓ la fila trae los tres controles y, cerrada, no monta ningun panel ni dialogo  867ms
     ✓ pulsar editar abre el panel lateral con el pedido precargado  2259ms
     ✓ pulsar cancelar abre el dialogo de motivo, y solo ese  1109ms
     ✓ pulsar borrar abre la confirmacion, y solo esa  825ms
     ✓ estado ENTREGADO: los tres controles deshabilitados y ningun panel ni dialogo montado  688ms
     ✓ estado CANCELADO: los tres controles deshabilitados y ningun panel ni dialogo montado  680ms
 ✓ |ui| tests/unit/login-form.test.tsx (26 tests) 8460ms
     ✓ la pantalla de login se renderiza sin sesion  450ms
     ✓ muestra campo de usuario, campo de contrasena enmascarado y boton dentro de un form  899ms
     ✓ activar la etiqueta enfoca su campo  401ms
     ✓ deshabilita el boton mientras el envio esta en curso  587ms
     ✓ marca aria-busy mientras el envio esta en curso  898ms
     ✓ rehabilita el boton cuando el envio termina con error  349ms
     ✓ emite un toast de error cuando las credenciales no son aceptadas  759ms
     ✓ conserva el usuario escrito tras un intento rechazado  518ms
     ✓ deja el campo de contrasena vacio tras un intento rechazado  413ms
     ✓ el toast de error se anuncia por region live sin mover el foco  351ms
     ✓ envia el formulario al pulsar Enter dentro de un campo  377ms
     ✓ no reemite el toast en un re-render del mismo intento  580ms
     ✓ emite un toast nuevo por cada intento rechazado, aunque la entrada sea identica  867ms
     ✓ el campo oculto viaja en el FormData que recibe la Server Action  402ms
 ✓ |ui| tests/unit/configuracion-ui/configuracion-viewport.test.tsx (16 tests) 8062ms
     ✓ la lista es utilizable: tabla, filas, celdas y paginacion estan montadas (R18)  1397ms
     ✓ el desbordamiento se resuelve DENTRO de la tabla, no en el documento (R18)  463ms
     ✓ las acciones de fila siguen siendo alcanzables dentro de la tabla (R18)  379ms
     ✓ editar y borrar estan en el DOM y visibles desde el primer render, sin :hover (R34)  691ms
     ✓ el panel lateral es utilizable: campo de 16 px y acciones de 44x44 px (R34)  1237ms
     ✓ el dialogo de borrado es utilizable y sus dos acciones miden 44x44 px (R34)  559ms
     ✓ editar y borrar estan en el DOM y visibles desde el primer render, sin :hover (R34)  354ms
     ✓ el panel lateral es utilizable: campo de 16 px y acciones de 44x44 px (R34)  719ms
     ✓ el dialogo de borrado es utilizable y sus dos acciones miden 44x44 px (R34)  430ms
     ✓ la pantalla no usa 100vh como alto (R34)  361ms
stderr | tests/unit/configuracion-ui/grupos/work-group-members.test.tsx > el buscador saca sus candidatos de la consulta de personas (R28) > busca en el servidor sobre el conjunto entero, con rebote
An update to WorkGroupMembers inside a test was not wrapped in act(...).

When testing, code that causes React state updates should be wrapped into act(...):

act(() => {
  /* fire events that update state */
});
/* assert on the output */

This ensures that you're testing the behavior the user would see in the browser. Learn more at https://react.dev/link/wrap-tests-with-act

stderr | tests/unit/configuracion-ui/grupos/work-group-members.test.tsx > el buscador saca sus candidatos de la consulta de personas (R28) > busca en el servidor sobre el conjunto entero, con rebote
An update to WorkGroupMembers inside a test was not wrapped in act(...).

When testing, code that causes React state updates should be wrapped into act(...):

act(() => {
  /* fire events that update state */
});
/* assert on the output */

This ensures that you're testing the behavior the user would see in the browser. Learn more at https://react.dev/link/wrap-tests-with-act

 ✓ |ui| tests/unit/configuracion-ui/grupos/work-group-members.test.tsx (18 tests) 8207ms
     ✓ avanzar y retroceder vuelven a pedir la lista con esa pagina  1408ms
     ✓ elegir a una persona la mete DE A UNA, con los dos campos y ninguno mas  512ms
     ✓ cada codigo produce una presentacion propia, y las cuatro son distintas  2460ms
     ✓ el rechazo se queda DENTRO del panel y la lista no se toca  894ms
     ✓ meter a alguien vuelve a pedir la lista y pinta lo que devuelva  812ms
     ✓ sacar a alguien tambien vuelve a pedir la lista  346ms
     ✓ `work_group_member_not_found` se pinta por su codigo y NO retira la fila  374ms
stderr | tests/unit/configuracion-ui/grupos/work-group-form.test.tsx > la validacion es EN VIVO y se deriva del contrato (R21, R22) > y con ese nombre el boton NO invoca ninguna operacion
An update to form inside a test was not wrapped in act(...).

When testing, code that causes React state updates should be wrapped into act(...):

act(() => {
  /* fire events that update state */
});
/* assert on the output */

This ensures that you're testing the behavior the user would see in the browser. Learn more at https://react.dev/link/wrap-tests-with-act
An update to form inside a test was not wrapped in act(...).

When testing, code that causes React state updates should be wrapped into act(...):

act(() => {
  /* fire events that update state */
});
/* assert on the output */

This ensures that you're testing the behavior the user would see in the browser. Learn more at https://react.dev/link/wrap-tests-with-act
An update to WorkGroupForm inside a test was not wrapped in act(...).

When testing, code that causes React state updates should be wrapped into act(...):

act(() => {
  /* fire events that update state */
});
/* assert on the output */

This ensures that you're testing the behavior the user would see in the browser. Learn more at https://react.dev/link/wrap-tests-with-act
An update to WorkGroupForm inside a test was not wrapped in act(...).

When testing, code that causes React state updates should be wrapped into act(...):

act(() => {
  /* fire events that update state */
});
/* assert on the output */

This ensures that you're testing the behavior the user would see in the browser. Learn more at https://react.dev/link/wrap-tests-with-act
An update to form inside a test was not wrapped in act(...).

When testing, code that causes React state updates should be wrapped into act(...):

act(() => {
  /* fire events that update state */
});
/* assert on the output */

This ensures that you're testing the behavior the user would see in the browser. Learn more at https://react.dev/link/wrap-tests-with-act

 ✓ |ui| tests/unit/shared/data-table.test.tsx (19 tests) 4740ms
     ✓ pinta las filas exactamente como llegan, en el mismo orden, aunque sort/filtros/pagina digan otra cosa  983ms
     ✓ fijar una columna le aplica position sticky y un desplazamiento calculado por getStart/getAfter, no un numero magico propio  1460ms
     ✓ la columna fijada por defecto se puede soltar desde el menu de su cabecera (R25)  672ms
 ✓ |ui| tests/unit/configuracion-ui/grupos/work-group-form.test.tsx (13 tests) 5832ms
     ✓ un nombre sin ninguna letra ni numero avisa MIENTRAS se escribe  941ms
     ✓ la FORMA la pone el esquema del modulo: vacio y tope de longitud (R22)  357ms
     ✓ captura EXACTAMENTE un campo en el alta, y ninguna lista de miembros (R22)  405ms
     ✓ el alta invoca la creacion, con el nombre y nada mas  397ms
     ✓ la edicion invoca el renombrado, con el identificador del grupo  557ms
     ✓ y el renombrado NO altera los miembros: no manda ninguno (R23)  697ms
     ✓ con exito avisa al panel, que es quien cierra y refresca (R35)  514ms
     ✓ el nombre duplicado se pinta EN LINEA, junto al campo  487ms
     ✓ cualquier otro codigo va a la REGION de error del formulario  703ms
     ✓ el rechazo del renombrado tampoco cierra el panel ni pierde lo escrito  507ms
 ✓ |ui| tests/unit/recetas-ui/step-reader.test.tsx (45 tests) 7136ms
     ✓ renderiza solo el paso actual y el resto NO esta en el DOM  901ms
     ✓ avanza y retrocede entre pasos con Siguiente y Anterior  920ms
     ✓ en el ultimo paso ofrece Finalizar y ya NO ofrece Siguiente  1109ms
     ✓ permite marcar un item y avanzar sin tocar el raton  365ms
     ✓ anuncia el paso actual en una region `aria-live="polite"`  329ms
 ✓ |ui| tests/unit/configuracion-ui/grupos/work-group-a11y.test.tsx (16 tests) 6062ms
     ✓ la lista se pinta entera: ninguna excepcion de escritorio  386ms
     ✓ el desbordamiento lo resuelve la TABLA, sin scroll horizontal del documento  600ms
     ✓ NINGUN elemento usa `100vh` como alto de pantalla  542ms
     ✓ las acciones de fila estan SIEMPRE en el DOM: nada depende de `:hover`  488ms
     ✓ y son alcanzables con el dedo: pulsarlas abre la escritura sin pasar por `:hover`  1015ms
     ✓ NINGUN elemento usa `100vh` como alto de pantalla  361ms
     ✓ las acciones de fila estan SIEMPRE en el DOM: nada depende de `:hover`  432ms
     ✓ y son alcanzables con el dedo: pulsarlas abre la escritura sin pasar por `:hover`  572ms
 ✓ |ui| tests/unit/sidebar-desktop.test.tsx (8 tests) 6529ms
     ✓ en viewport ancho la barra es persistente y el control declara aria-expanded y aria-controls  1033ms
     ✓ activar el control alterna a modo icono y muestra la marca corta  917ms
     ✓ en modo icono cada entrada conserva su nombre accesible  880ms
     ✓ en modo icono los hijos de un submenu siguen siendo alcanzables desde su control  1464ms
     ✓ en modo icono el cierre de sesion sigue alcanzable, ahora desde el encabezado  868ms
     ✓ el modo colapsado se conserva al volver a montar el layout  946ms
     ✓ el modo expandido se conserva al volver a montar el layout  404ms
 ✓ |ui| tests/unit/configuracion-ui/presentation-unit-select.test.tsx (8 tests) 5591ms
     ✓ ofrece TODAS las unidades que recibe, sin filtrar por empresa  2104ms
     ✓ muestra el simbolo cuando existe y el nombre cuando no  830ms
     ✓ no ofrece NINGUNA opcion vacia ni «sin unidad»  605ms
     ✓ al elegir una unidad, el formulario envia SU identificador  1104ms
     ✓ no ofrece crear una unidad ni escribir texto libre  724ms
 ✓ |ui| tests/unit/shared/data-table-filter-date.test.tsx (19 tests) 7353ms
     ✓ activar el atajo "lastWeek" emite el rango con from/to en YYYY-MM-DD  2263ms
     ✓ activar el atajo "lastMonth" emite el rango con from/to en YYYY-MM-DD  1177ms
     ✓ activar el atajo "lastYear" emite el rango con from/to en YYYY-MM-DD  1000ms
     ✓ el rango del atajo activado queda seleccionado y visible en el calendario (R18)  1071ms
     ✓ elegir dos dias en el calendario (controlado) emite el rango completo  1779ms
 ✓ |ui| tests/unit/app-sidebar.test.tsx (16 tests) 5325ms
     ✓ la barra lateral expone sus tres regiones: marca, navegacion y pie de usuario  322ms
     ✓ la navegacion es un landmark de navegacion con nombre accesible  742ms
     ✓ la marca es un enlace a DASHBOARD_ROUTE con nombre accesible  336ms
     ✓ un item con hijos se renderiza como control de expansion, no como enlace, y es activable por teclado  1717ms
     ✓ el submenu colapsado expone aria-expanded=false y no expone sus hijos; expandido los expone  423ms
     ✓ activar el control del submenu alterna entre expandido y colapsado  715ms
     ✓ el item de recetas apunta a la constante FORMULAS_ROUTE, es el unico, y ya no dice Formulas (R5)  359ms
 ✓ |ui| tests/unit/configuracion-ui/presentation-table.test.tsx (13 tests) 6194ms
     ✓ monta `DataTable` con una fila por presentacion  555ms
     ✓ el indicador de pagina y el selector de tamano son los del componente compartido (R12, R13)  572ms
     ✓ no se reordena, ni se filtra, ni se recorta en el cliente aunque los parametros digan otra cosa  645ms
     ✓ avanzar de pagina pide la lista de nuevo con la pagina siguiente  448ms
     ✓ el destino sale SIEMPRE de la constante de ruta (R2)  362ms
     ✓ las opciones son exactamente las del componente compartido  1406ms
     ✓ elegir otro tamano navega con ese tamano y vuelve a la primera pagina  964ms
 ✓ |ui| tests/unit/proveedores-ui/unit-select.test.tsx (9 tests) 4893ms
     ✓ ofrece unicamente las unidades existentes mas la opcion explicita «sin unidad»  2014ms
     ✓ al elegir una unidad, el formulario envia SU identificador  1102ms
     ✓ elegir «sin unidad» despues de haber elegido una vuelve a enviar cadena vacia  811ms
     ✓ no ofrece ninguna forma de crear una unidad ni de escribir uno libre  554ms
 ✓ |ui| tests/unit/shared/data-table-header-menu.test.tsx (10 tests) 4223ms
     ✓ activar la cabecera con teclado emite el orden ascendente cuando no habia orden previo  731ms
     ✓ el disparador cumple el objetivo tactil minimo y se abre por teclado  707ms
     ✓ ordenar ascendente y descendente emiten el orden esperado y solo aparecen si la columna es sortable  991ms
     ✓ fijar emite onTogglePin y una columna pinnable:false no ofrece la accion de fijar  666ms
     ✓ abrir el filtro emite onOpenFilter y una columna sin filter no ofrece la accion  564ms
stderr | tests/unit/pedidos-ui/cancel-order-dialog.test.tsx > mientras el motivo este vacio no se invoca la cancelacion (R37) > enviar el formulario sin motivo lo rechaza la validacion previa, sin llamar a la operacion
An update to form inside a test was not wrapped in act(...).

When testing, code that causes React state updates should be wrapped into act(...):

act(() => {
  /* fire events that update state */
});
/* assert on the output */

This ensures that you're testing the behavior the user would see in the browser. Learn more at https://react.dev/link/wrap-tests-with-act
An update to form inside a test was not wrapped in act(...).

When testing, code that causes React state updates should be wrapped into act(...):

act(() => {
  /* fire events that update state */
});
/* assert on the output */

This ensures that you're testing the behavior the user would see in the browser. Learn more at https://react.dev/link/wrap-tests-with-act
An update to CancelOrderDialog inside a test was not wrapped in act(...).

When testing, code that causes React state updates should be wrapped into act(...):

act(() => {
  /* fire events that update state */
});
/* assert on the output */

This ensures that you're testing the behavior the user would see in the browser. Learn more at https://react.dev/link/wrap-tests-with-act
An update to CancelOrderDialog inside a test was not wrapped in act(...).

When testing, code that causes React state updates should be wrapped into act(...):

act(() => {
  /* fire events that update state */
});
/* assert on the output */

This ensures that you're testing the behavior the user would see in the browser. Learn more at https://react.dev/link/wrap-tests-with-act
An update to form inside a test was not wrapped in act(...).

When testing, code that causes React state updates should be wrapped into act(...):

act(() => {
  /* fire events that update state */
});
/* assert on the output */

This ensures that you're testing the behavior the user would see in the browser. Learn more at https://react.dev/link/wrap-tests-with-act

 ✓ |ui| tests/unit/pedidos-ui/recipe-picker.test.tsx (6 tests) 4753ms
     ✓ escribir dispara la operacion de listado de recetas CON el termino de busqueda  2291ms
     ✓ NO recorta por texto la coleccion ya descargada: pinta lo que devuelve el servidor  926ms
     ✓ alcanza una receta que NO esta en la primera pagina y la envia en el campo del formulario  1003ms
     ✓ escribir algo distinto de lo elegido RETIRA la eleccion y avisa con null  461ms
 ✓ |ui| tests/unit/pedidos-ui/cancel-order-dialog.test.tsx (8 tests) 5961ms
     ✓ el boton de confirmar esta deshabilitado y pulsarlo no llama a `cancelOrderAction`  902ms
     ✓ un motivo de solo espacios tampoco habilita la confirmacion ni invoca nada  473ms
     ✓ llama a `cancelOrderAction` con el `id` del pedido y el motivo escrito  582ms
     ✓ el dialogo sigue abierto, con su region de error y el codigo estable  1033ms
     ✓ cierra el dialogo, avisa por toast y refresca la lista sin navegar  859ms
     ✓ el error inesperado ensena el identificador como texto, con su etiqueta  1134ms
     ✓ un error del catalogo no ensena identificador ninguno  778ms
 ✓ |ui| tests/unit/shared/data-table-filters.test.tsx (15 tests) 4700ms
     ✓ la columna sin filter NO aparece en la barra (negativo)  339ms
     ✓ forma "text": escribir en el campo emite { kind: "text", value }  747ms
     ✓ forma "select": marcar una opcion emite { kind: "select", values }  1331ms
     ✓ forma "dateRange": un atajo del filtro de fecha emite { kind: "dateRange", from, to }  1401ms
 ✓ |ui| tests/unit/configuracion-ui/delete-unit-dialog.test.tsx (13 tests) 4258ms
     ✓ el mensaje de confirmacion contiene el nombre que el usuario ve en la lista  737ms
     ✓ abrir el dialogo no llama a `deleteUnitAction`  371ms
     ✓ pedir el borrado desde la fila abre el dialogo y tampoco invoca nada  473ms
     ✓ volver atras cierra sin borrar nada  312ms
     ✓ llama a la action con el `id` y luego cierra, avisa y refresca la misma URL  473ms
     ✓ tras un `unit_in_use` la fila sigue montada con sus dos acciones  610ms
 ✓ |ui| tests/unit/asignaciones-ui/order-execution-lines.test.tsx (8 tests) 4541ms
     ✓ presenta el producto y la cantidad tal cual, sin ningun control de edicion  703ms
     ✓ el selector ofrece SOLO la unidad propia y sus hermanas de la misma base efectiva (R22)  1326ms
     ✓ al elegir una unidad hermana muestra la cantidad CONVERTIDA con `convertQuantity` (R22)  1081ms
     ✓ remontar la lista devuelve la cantidad y la unidad original  808ms
     ✓ elegir una unidad de otra base efectiva propaga `IncompatibleUnitsError` sin capturarla  475ms
stderr | tests/unit/configuracion-ui/user-list-section.test.tsx > los tres estados son mutuamente excluyentes y se distinguen por data-testid (R41) > cargando: mientras la lista esta en vuelo, la pagina pinta el esqueleto (R19)
<UserListSection> is an async Client Component. Only Server Components can be async at the moment. This error is often caused by accidentally adding `'use client'` to a module that was originally written for the server.

stderr | tests/unit/configuracion-ui/user-list-section.test.tsx > los tres estados son mutuamente excluyentes y se distinguen por data-testid (R41) > cargando: mientras la lista esta en vuelo, la pagina pinta el esqueleto (R19)
A component suspended inside an `act` scope, but the `act` call was not awaited. When testing React components that depend on asynchronous data, you must await the result:

await act(() => ...)
A suspended resource finished loading inside a test, but the event was not wrapped in act(...).

When testing, code that resolves suspended data should be wrapped into act(...):

act(() => {
  /* finish loading suspended data */
});
/* assert on the output */

This ensures that you're testing the behavior the user would see in the browser. Learn more at https://react.dev/link/wrap-tests-with-act

 ✓ |ui| tests/unit/pedidos-ui/assign.test.tsx (11 tests) 5490ms
     ✓ dos personas y dos grupos viajan en la MISMA invocacion  1653ms
     ✓ lo que viaja es un `FormData` con los campos EN INGLES (R32, QC-87 R44)  507ms
     ✓ el aviso lleva el `added` que devolvio la ACCION, no la cuenta de lo marcado  437ms
     ✓ se refresca con `router.refresh()` y NO se navega a ninguna URL  507ms
     ✓ el error se pinta DENTRO de la seccion y lleva su `code`  320ms
     ✓ lo ya marcado SIGUE marcado y se puede reintentar sin volver a marcar  603ms
     ✓ tras un exito posterior el error desaparece  649ms
 ✓ |ui| tests/unit/inventario/product-batches-sheet.test.tsx (4 tests) 3555ms
     ✓ pide los lotes de ese producto y pinta lote, cantidad con unidad y fecha  1742ms
     ✓ pinta el mensaje con role="alert" y no el panel de lotes  895ms
     ✓ sin canAdjust el panel se ve pero el control de ajuste NO existe  404ms
     ✓ con canAdjust el control de ajuste SI existe  506ms
 ✓ |ui| tests/unit/configuracion-ui/user-list-section.test.tsx (23 tests) 4349ms
     ✓ lista: con usuarios se pinta la tabla compartida y ninguno de los otros dos  565ms
     ✓ y con filas tambien: el alta no depende del estado de la lista  323ms
     ✓ cargando: mientras la lista esta en vuelo, la pagina pinta el esqueleto (R19)  333ms
     ✓ la seccion pasa el mismo objeto que recibio, sin una sola clave de mas  534ms
     ✓ en positivo: con la consulta resuelta, el dato del usuario SI se pinta  327ms
     ✓ se pintan exactamente las filas que devolvio la consulta, ni una mas  718ms
     ✓ no se anuncia que falte nadie: ninguna region de aviso acompana a la lista  384ms
     ✓ la lista NO cae al estado de error por no poder rellenar el selector  364ms
 ✓ |ui| tests/unit/pedidos-ui/delete-order-dialog.test.tsx (8 tests) 2602ms
     ✓ el texto de confirmacion contiene el correlativo derivado del contrato  634ms
     ✓ volver atras cierra sin borrar nada  359ms
     ✓ llama a `deleteOrderAction` con el `id` y luego cierra, avisa y refresca  320ms
     ✓ el dialogo sigue abierto con su region de error y el codigo estable  399ms
 ✓ |ui| tests/unit/asignaciones-ui/order-execution-screen.test.tsx (13 tests) 2686ms
     ✓ muestra la cantidad del pedido y la cantidad de la linea CARACTER A CARACTER  651ms
     ✓ si la operacion falla, muestra el error  429ms
     ✓ todo archivo cambiado de `components/shared/step-reader/**` esta en la lista permitida  576ms
 ✓ |ui| tests/unit/configuracion-ui/user-create-action.test.tsx (5 tests) 2864ms
     ✓ abre el panel SIN sujeto: no precarga ninguna ficha ni navega (R22)  1381ms
     ✓ cerrar desmonta el panel, de modo que la siguiente apertura arranca limpia  1292ms
 ✓ |ui| tests/unit/credential-field.test.tsx (8 tests) 3416ms
     ✓ mientras falte alguna de las seis el control de envio esta deshabilitado  1134ms
     ✓ con las seis en verde el envio se habilita aunque la septima siga neutra  339ms
     ✓ avisa al montar y solo cuando cambia si las seis se cumplen  672ms
     ✓ escribir no dispara ninguna peticion de red  337ms
     ✓ el veredicto del servidor solo entra por props  333ms
     ✓ el flujo completo se ejercita en un formulario de prueba sin red ni servidor  326ms
 ✓ |ui| tests/unit/configuracion-ui/grupos/work-group-sheet.test.tsx (9 tests) 3726ms
     ✓ lo que se monta es el primitivo del panel, anclado a un lado  1205ms
     ✓ cerrarlo por cancelacion tampoco navega: solo suelta el estado del panel  467ms
     ✓ el alta cierra el panel, avisa por toast y reejecuta la lista con la MISMA URL  687ms
 ✓ |ui| tests/unit/shared/data-table-pagination.test.tsx (8 tests) 3204ms
     ✓ avanzar emite page + 1 sin tocar el resto de parametros  510ms
     ✓ el selector de tamano ofrece exactamente las opciones de PAGE_SIZE_OPTIONS  923ms
     ✓ cambiar el tamano de pagina emite page: 1 con el nuevo tamano  1110ms
 ✓ |ui| tests/unit/inventario/product-batch-date-field.test.tsx (2 tests) 3426ms
     ✓ el campo de fecha de compra abre con la fecha de hoy seleccionada (R2)  2172ms
     ✓ el campo de fecha de compra no permite elegir un día futuro (R5)  1246ms
 ✓ |ui| tests/unit/inventario/batch-history.test.tsx (5 tests) 2833ms
     ✓ R23 — con asientos, muestra motivo, autor y fecha en el orden en que llegan, alta incluida  1223ms
     ✓ R24 — sin ningun asiento, dice que el lote es anterior al libro y no parece un error ni una lista  342ms
     ✓ no vuelve a pedir los movimientos en aperturas posteriores  1004ms
 ✓ |ui| tests/unit/shared/presentation-select-helper.test.tsx (4 tests) 2174ms
     ✓ sin `helper` no pinta ningun disparador de ayuda  830ms
     ✓ al activar el disparador sale el contenido de la ayuda  1100ms
 ✓ |ui| tests/unit/identity-ui/set-credential-form.test.tsx (17 tests) 2606ms
     ✓ tampoco los muestra despues de establecerla: el exito no dice de quien es la cuenta  658ms
     ✓ mostrar/ocultar la contrasena es un BOTON y no depende de `:hover`  387ms
stderr | tests/unit/recetas-ui/recipe-step-editor.test.tsx > RecipeStepEditor > R3 — pegar contenido ajeno > R3: pegar HTML con h1, enlace e imagen conserva el texto y no deja ningun nodo ni marca fuera de las cuatro
An update to Harness inside a test was not wrapped in act(...).

When testing, code that causes React state updates should be wrapped into act(...):

act(() => {
  /* fire events that update state */
});
/* assert on the output */

This ensures that you're testing the behavior the user would see in the browser. Learn more at https://react.dev/link/wrap-tests-with-act

 ✓ |ui| tests/unit/credential-requirements.test.tsx (13 tests) 2111ms
     ✓ con la candidata vacia la lista es visible sin interaccion y muestra cinco incumplidas con max_length cumplida  466ms
     ✓ el estado mostrado de las seis coincide con evaluateCredentialRules para cada candidata  469ms
stderr | tests/unit/recetas-ui/recipe-step-editor.test.tsx > RecipeStepEditor > R8 — ningun tope de caracteres > R8: un texto muy largo se acepta entero, sin recortarlo
An update to Harness inside a test was not wrapped in act(...).

When testing, code that causes React state updates should be wrapped into act(...):

act(() => {
  /* fire events that update state */
});
/* assert on the output */

This ensures that you're testing the behavior the user would see in the browser. Learn more at https://react.dev/link/wrap-tests-with-act

 ✓ |ui| tests/unit/recetas-ui/recipe-step-editor.test.tsx (14 tests) 2640ms
       ✓ R2: la interfaz del editor no ofrece ningun control de encabezado, enlace, imagen, tabla, cita, lista numerada ni bloque de codigo  981ms
       ✓ R27: los tres botones de la barra son alcanzables por tabulador y se activan sin raton, y aria-pressed refleja el estado  339ms
       ✓ R26: en viewport angosto y ancho los botones de la barra miden al menos 44x44 px y el area editable usa text-base  300ms
 ✓ |ui| tests/unit/configuracion-ui/end-user-sessions-dialog.test.tsx (12 tests) 2901ms
     ✓ R9 — el titulo y la descripcion nombran a la persona y advierten con los textos de user-labels  844ms
     ✓ R9 — abrir el dialogo NO invoca la action, y volver tampoco  363ms
 ✓ |ui| tests/unit/shared-ui/responsible-avatars.test.tsx (17 tests) 2139ms
     ✓ el nombre ACCESIBLE de cada circulo es el nombre COMPLETO  444ms
     ✓ al pulsarlo abre el panel: el dato no depende de `:hover` (R35, H5)  1193ms
 ✓ |ui| tests/unit/configuracion-ui/delete-presentation-dialog.test.tsx (10 tests) 2033ms
     ✓ el mensaje de confirmacion contiene el nombre que el usuario ve en la lista  530ms
     ✓ llama a la action con el `id` y luego cierra, avisa y refresca la misma URL  385ms
 ✓ |ui| tests/unit/dashboard-page.test.tsx (6 tests) 2318ms
     ✓ la pantalla del dashboard se renderiza dentro del armazon privado  721ms
     ✓ presenta exactamente un encabezado de primer nivel  484ms
     ✓ no anade landmarks: el main sigue siendo unico y no aparece ninguna region nueva  488ms
     ✓ renderiza titulo y area de contenido en viewport angosto y en ancho  507ms
 ✓ |ui| tests/unit/pedidos-ui/read-only.test.tsx (29 tests) 2395ms
     ✓ lo que SI se ve es lo que R28 permite ver: iniciales, nombres y nombre de grupo  583ms
     ✓ desde la fila viva: se abre el panel y no hay por donde escribir, ni se invoca ninguna accion  1505ms
 ✓ |ui| tests/unit/configuracion-ui/usuarios-page.test.tsx (16 tests) 2829ms
     ✓ no monta ningun landmark principal, ni barra lateral, ni cabecera de aplicacion  804ms
     ✓ con `usuarios.consultar` la pantalla se sirve y pinta su cabecera  708ms
     ✓ el titulo se identifica por la constante exportada, no por un literal (R41)  410ms
     ✓ sin `usuarios.modificar` no se emite ninguna escritura, pero la pantalla se sirve  690ms
 ✓ |ui| tests/unit/recetas-ui/recipe-lines-unavailable.test.tsx (6 tests) 2450ms
     ✓ (a) sin líneas de baja, el aviso no existe y ninguna celda lleva marcador  533ms
     ✓ (c) al quitar una de las dos líneas de baja, data-count pasa a 1  978ms
     ✓ (d) al quitar la última línea de baja, el aviso desaparece del DOM  501ms
 ✓ |ui| tests/unit/configuracion-ui/grupos/delete-work-group-dialog.test.tsx (7 tests) 2951ms
     ✓ abrir el dialogo NO invoca nada  934ms
     ✓ descartar tampoco invoca nada: cierra y ya  338ms
     ✓ confirmar SI la invoca, con el identificador de ese grupo y nada mas  343ms
     ✓ se pinta el error, el dialogo sigue abierto y no se avisa de ningun exito  470ms
     ✓ cierra el dialogo, avisa por toast y reejecuta la lista con la MISMA URL  442ms
 ✓ |ui| tests/unit/configuracion-ui/delete-user-dialog.test.tsx (8 tests) 2150ms
     ✓ el mensaje nombra al usuario  718ms
     ✓ `last_administrator` se pinta dentro, el dialogo sigue abierto y la fila no se retira  369ms
 ✓ |ui| tests/ui/login-form-uncontrolled-warning.test.tsx (4 tests) 1992ms
     ✓ no avisa por cambiar el defaultValue en intentos rechazados sucesivos  1293ms
 ✓ |ui| tests/unit/navegacion/private-layout-menu.test.tsx (10 tests) 2074ms
     ✓ con solo `inventario.consultar`, ningun otro item aparece en el arbol  497ms
     ✓ con todos los permisos del catalogo estan los ocho items del menu  494ms
 ✓ |ui| tests/unit/shared/data-table-contrato.test.tsx (8 tests) 2545ms
     ✓ renderiza con columnas declaradas como funciones y un manejador de cliente  991ms
     ✓ fijar una columna SI cambia lo pintado sin que cambien los params, y NO emite onParamsChange  842ms
 ✓ |ui| tests/unit/logout-button.test.tsx (4 tests) 1298ms
     ✓ el control vive dentro de un form real cuya accion es logoutAction  727ms
 ✓ |ui| tests/unit/configuracion-ui/grupos/usuarios-page.test.tsx (14 tests) 2320ms
     ✓ monta la seccion de personas, su tabla y el conmutador, y nada de grupos  524ms
     ✓ un `tab` desconocido tampoco rompe nada: se sirve personas (R2, R6)  710ms
 ✓ |ui| tests/unit/sidebar-ajuste.test.tsx (13 tests) 1847ms
     ✓ cada item de nivel superior dibuja el icono que trae el array, y ninguno se queda sin el  432ms
     ✓ la pastilla del borde apunta al panel y alterna su estado  765ms
 ✓ |ui| tests/unit/configuracion-ui/user-row-actions.test.tsx (11 tests) 1410ms
     ✓ editar, cambiar estado y borrar, las tres presentes sin interaccion previa  482ms
 ✓ |ui| tests/unit/unidades/consumidores-catalogo.test.tsx (6 tests | 1 skipped) 1460ms
     ✓ se monta con el catalogo ampliado y presenta su disparador  488ms
 ✓ |ui| tests/unit/configuracion-ui/grupos/work-group-create-action.test.tsx (5 tests) 2034ms
     ✓ abre el panel SIN sujeto y sin navegar a ninguna otra URL (R20)  1089ms
     ✓ cerrar desmonta el panel, de modo que la siguiente apertura arranca limpia  780ms
 ✓ |ui| tests/unit/theme/private-header.test.tsx (4 tests) 1551ms
     ✓ muestra el control de tema junto al de la barra lateral  1016ms
     ✓ el cierre de sesion es vecino del control de tema en el encabezado  333ms
 ✓ |ui| tests/unit/pedidos-ui/order-row-actions.test.tsx (12 tests) 1875ms
     ✓ editar, cancelar y borrar existen en el DOM sin ninguna interaccion previa  510ms
     ✓ con un pedido ENTREGADO: los tres controles `disabled`, el motivo visible y ninguna operacion invocada  331ms
 ✓ |ui| tests/unit/theme/theme-toggle.test.tsx (8 tests) 1273ms
     ✓ alterna claro -> oscuro y oscuro -> claro con un solo gesto  681ms
 ✓ |ui| tests/unit/pedidos-ui/unassign.test.tsx (5 tests) 1471ms
     ✓ una sola invocacion, con esa persona y ese pedido  851ms
 ✓ |ui| tests/unit/private-layout.test.tsx (8 tests) 1134ms
     ✓ renderiza el contenido de la pantalla dentro del armazon privado  486ms
stderr | tests/unit/configuracion-ui/unit-page.test.tsx > los tres estados son mutuamente excluyentes y se distinguen por data-testid (R49) > cargando: mientras la lista esta en vuelo se pinta el esqueleto, no la tabla (R25)
<UnitListSection> is an async Client Component. Only Server Components can be async at the moment. This error is often caused by accidentally adding `'use client'` to a module that was originally written for the server.

stderr | tests/unit/configuracion-ui/unit-page.test.tsx > los tres estados son mutuamente excluyentes y se distinguen por data-testid (R49) > cargando: mientras la lista esta en vuelo se pinta el esqueleto, no la tabla (R25)
A component suspended inside an `act` scope, but the `act` call was not awaited. When testing React components that depend on asynchronous data, you must await the result:

await act(() => ...)
A suspended resource finished loading inside a test, but the event was not wrapped in act(...).

When testing, code that resolves suspended data should be wrapped into act(...):

act(() => {
  /* finish loading suspended data */
});
/* assert on the output */

This ensures that you're testing the behavior the user would see in the browser. Learn more at https://react.dev/link/wrap-tests-with-act

 ✓ |ui| tests/unit/configuracion-ui/unit-page.test.tsx (20 tests) 1366ms
     ✓ una con la consulta entera y otra sin ninguna: pagina + catalogo  371ms
 ✓ |ui| tests/unit/inventario/product-field.test.tsx (3 tests) 1486ms
     ✓ R9, R10 — el alta pide la existencia del lote y la edicion no la muestra  1239ms
 ✓ |ui| tests/unit/theme/theme-provider.test.tsx (7 tests) 1204ms
     ✓ sirve la clase oscura ya en el HTML cuando la cookie dice dark  605ms
     ✓ deja de seguir al sistema operativo cuando la preferencia es explicita  388ms
stderr | tests/unit/pedidos-ui/a11y-tactil.test.tsx > ninguna informacion accesible SOLO por `:hover` (R35, H5) > el `+N` es alcanzable por teclado y ABRE el panel al activarse
An update to TooltipTrigger inside a test was not wrapped in act(...).

When testing, code that causes React state updates should be wrapped into act(...):

act(() => {
  /* fire events that update state */
});
/* assert on the output */

This ensures that you're testing the behavior the user would see in the browser. Learn more at https://react.dev/link/wrap-tests-with-act
An update to TooltipRoot inside a test was not wrapped in act(...).

When testing, code that causes React state updates should be wrapped into act(...):

act(() => {
  /* fire events that update state */
});
/* assert on the output */

This ensures that you're testing the behavior the user would see in the browser. Learn more at https://react.dev/link/wrap-tests-with-act

 ✓ |ui| tests/unit/pedidos-ui/a11y-tactil.test.tsx (5 tests) 1007ms
     ✓ el `+N` es alcanzable por teclado y ABRE el panel al activarse  529ms
 ✓ |ui| tests/unit/shared/countdown-timer.test.tsx (13 tests) 587ms
     ✓ expone role="timer" con el tiempo restante en el nombre accesible  313ms
stderr | tests/unit/configuracion-ui/presentation-page.test.tsx > los tres estados son mutuamente excluyentes y se distinguen por data-testid (R35) > cargando: mientras la lista esta en vuelo se pinta el esqueleto, no la tabla (R16)
<PresentationListSection> is an async Client Component. Only Server Components can be async at the moment. This error is often caused by accidentally adding `'use client'` to a module that was originally written for the server.

stderr | tests/unit/configuracion-ui/presentation-page.test.tsx > los tres estados son mutuamente excluyentes y se distinguen por data-testid (R35) > cargando: mientras la lista esta en vuelo se pinta el esqueleto, no la tabla (R16)
A component suspended inside an `act` scope, but the `act` call was not awaited. When testing React components that depend on asynchronous data, you must await the result:

await act(() => ...)
A suspended resource finished loading inside a test, but the event was not wrapped in act(...).

When testing, code that resolves suspended data should be wrapped into act(...):

act(() => {
  /* finish loading suspended data */
});
/* assert on the output */

This ensures that you're testing the behavior the user would see in the browser. Learn more at https://react.dev/link/wrap-tests-with-act

 ✓ |ui| tests/unit/configuracion-ui/grupos/work-group-list-section.test.tsx (17 tests) 1499ms
     ✓ lista: con grupos se pinta la tabla compartida y ninguno de los otros dos  367ms
 ✓ |ui| tests/unit/configuracion-ui/presentation-page.test.tsx (16 tests) 1184ms
     ✓ lista: con presentaciones se pinta la tabla y ninguno de los otros dos estados  426ms
 ✓ |ui| tests/unit/configuracion-ui/unit-columns.test.tsx (20 tests) 935ms
     ✓ los dos botones estan en el DOM desde el primer render y son botones de verdad  533ms
 ✓ |ui| tests/unit/pedidos-ui/remove-work-group.test.tsx (5 tests) 1370ms
     ✓ se invoca la operacion de quitar grupo EXACTAMENTE una vez  612ms
     ✓ con exito se avisa con cuantas se llevo el grupo y se refresca (R33)  339ms
stderr | tests/unit/configuracion-ui/grupos/usuarios-tabs-switch.test.tsx > activar una pestana NAVEGA al destino derivado de la ruta (R3) > con el teclado navega igual: la flecha mueve el foco y activar empuja el destino
An update to TabsList inside a test was not wrapped in act(...).

When testing, code that causes React state updates should be wrapped into act(...):

act(() => {
  /* fire events that update state */
});
/* assert on the output */

This ensures that you're testing the behavior the user would see in the browser. Learn more at https://react.dev/link/wrap-tests-with-act

 ✓ |ui| tests/unit/configuracion-ui/grupos/usuarios-tabs-switch.test.tsx (9 tests) 1251ms
     ✓ es un `tablist` con exactamente dos `tab`, uno por constante  687ms
 ✓ |ui| tests/unit/pedidos-ui/order-responsibles.test.tsx (13 tests) 744ms
 ✓ |ui| tests/unit/asignaciones-ui/assigned-orders-states.test.tsx (7 tests) 655ms
     ✓ lo pintado coincide con lo declarado: tantas cabeceras como columnas  396ms
 ✓ |ui| tests/unit/theme/sidebar-panel.test.tsx (4 tests) 447ms
     ✓ usa 272px de ancho expandido y 78px en modo icono  427ms
 ✓ |ui| tests/unit/shared/data-table-states.test.tsx (11 tests) 935ms
     ✓ se identifica por role="alert" y su data-testid propio  629ms
 ✓ |ui| tests/unit/login-skin.test.tsx (26 tests) 917ms
     ✓ expone un unico landmark main, que es el ambito del login  580ms
 ✓ |ui| tests/unit/pedidos-ui/order-list-skeleton.test.tsx (4 tests) 851ms
     ✓ lo pintado coincide con lo declarado: tantas cabeceras como columnas  805ms
 ✓ |ui| tests/unit/asignaciones-ui/assigned-orders-delivered-notice.test.tsx (2 tests) 561ms
     ✓ con el parametro presente, el aviso queda visible y nombra el pedido  543ms
 ✓ |ui| tests/unit/inventario/product-batches-panel.test.tsx (6 tests) 728ms
     ✓ pinta tres lotes con numero, cantidad con su unidad derivada (sin convertir) y fecha (R22)  632ms
 ✓ |ui| tests/unit/configuracion-ui/grupos/work-group-list-error.test.tsx (6 tests) 565ms
     ✓ pulsarlo vuelve a pedir los datos con `router.refresh`, no navega a la misma URL  337ms
 ✓ |ui| tests/unit/configuracion-ui/presentation-columns.test.tsx (13 tests) 617ms
stderr | tests/unit/configuracion-ui/grupos/work-group-list-skeleton.test.tsx > mientras la lista esta en vuelo, la pantalla pinta el esqueleto y NO la tabla (R19) > con `tab=grupos`, el `fallback` del <Suspense> es el esqueleto de GRUPOS
<WorkGroupListSection> is an async Client Component. Only Server Components can be async at the moment. This error is often caused by accidentally adding `'use client'` to a module that was originally written for the server.

stderr | tests/unit/configuracion-ui/grupos/work-group-list-skeleton.test.tsx > mientras la lista esta en vuelo, la pantalla pinta el esqueleto y NO la tabla (R19) > con `tab=grupos`, el `fallback` del <Suspense> es el esqueleto de GRUPOS
A component suspended inside an `act` scope, but the `act` call was not awaited. When testing React components that depend on asynchronous data, you must await the result:

await act(() => ...)

 ✓ |ui| tests/unit/configuracion-ui/grupos/work-group-list-skeleton.test.tsx (5 tests) 421ms
 ✓ |ui| tests/unit/shared-ui/unexpected-error-notice.test.tsx (6 tests) 155ms
 ✓ |ui| tests/unit/identity/login-page-marca.test.tsx (3 tests) 259ms
 ✓ |ui| tests/unit/nav-user.test.tsx (4 tests) 250ms
 ✓ |ui| tests/unit/asignaciones-ui/assigned-orders-columns.test.tsx (9 tests) 791ms
     ✓ pinta un avatar con el nombre accesible completo por cada otherResponsible  428ms
 ✓ |ui| tests/unit/asignaciones-ui/assigned-order-enter-trigger.test.tsx (6 tests) 721ms
     ✓ el aviso es VISIBLE en pantalla, no solo un `title` (R32)  511ms
 ✓ |ui| tests/unit/asignaciones-ui/a11y-tactil.test.tsx (5 tests) 599ms
     ✓ es texto en el DOM, no un `title`, y su id coincide con `aria-describedby`  404ms
 ✓ |ui| tests/unit/configuracion-ui/user-columns.test.tsx (21 tests) 342ms
 ✓ |ui| tests/unit/configuracion-ui/grupos/work-group-columns.test.tsx (16 tests) 207ms
 ✓ |ui| tests/unit/configuracion-ui/user-list-empty.test.tsx (7 tests) 321ms
 ✓ |ui| tests/unit/configuracion-ui/grupos/work-group-list-empty.test.tsx (7 tests) 291ms
 ✓ |ui| tests/unit/shared/use-pinned-columns.test.tsx (8 tests) 125ms
 ✓ |ui| tests/unit/navegacion/private-not-found.test.tsx (4 tests) 160ms
 ✓ |ui| tests/unit/theme/theme-init-script.test.tsx (5 tests) 81ms
 ✓ |ui| tests/unit/asignaciones-ui/order-execution-page.test.tsx (4 tests) 166ms
 ✓ |ui| tests/ui/smoke.test.ts (2 tests) 17ms
 ✓ |ui| tests/unit/pedidos-ui/order-columns.test.tsx (23 tests) 195ms
 ✓ |ui| tests/unit/navegacion/pantallas-exigen-permiso.test.tsx (34 tests) 127ms
stdout | tests/integration/infra/ciclo-de-vida-de-la-base.int.test.ts
test-db: plantilla reutilizada: qct_tpl_b6f834eb0913 (las migraciones no han cambiado)

stdout | tests/integration/infra/ciclo-de-vida-de-la-base.int.test.ts > R9 — la corrida siguiente recoge lo que dejo una corrida muerta
test-db: borrada qct_qc77_aab28b3a_mu8etmsk_lflr: la dejo la corrida del pid 999999 (creada 2026-09-19T13:15:10.251Z), que ya no esta viva.

 ✓ |integration| tests/integration/infra/ciclo-de-vida-de-la-base.int.test.ts (5 tests) 35778ms
     ✓ `dropRunDatabase` borra la base de verdad, y `pg_database` lo confirma  3651ms
     ✓ `destroyRunDatabase` se lleva tambien el rastro de `.qc-test-db/` (R7)  3399ms
     ✓ `dropRunDatabaseSync` no devuelve una promesa y la base ya no existe al volver  5347ms
 ✓ |integration| tests/integration/identity/login.int.test.ts (20 tests) 7707ms
     ✓ cinco fallos dejan la cuenta bloqueada en la base  709ms
     ✓ un login correcto reinicia contador, nivel y bloqueo en la base  464ms
     ✓ intentos fallidos en paralelo se cuentan todos  458ms
     ✓ cinco intentos fallidos en paralelo bloquean la cuenta  741ms
     ✓ un fallo tras un bloqueo caducado si se registra  372ms
     ✓ fallos en paralelo sobre una cuenta bloqueada no la desbloquean  796ms
     ✓ intentos en paralelo durante el bloqueo no lo alargan  582ms
     ✓ el quinto fallo deja la fila en blocked, con plazo y sin autor  709ms
     ✓ una cuenta pending o inactive no entra contra la base ni con la contrasena correcta  437ms
 ✓ |integration| tests/integration/inventario/product-batch-lot.int.test.ts (19 tests) 3527ms
     ✓ R8, R9: empresa sin lotes, el alta con lot ausente genera "1" y la siguiente "2"  350ms
     ✓ R14, R15: 3 rondas de 8 altas con Promise.all resuelven todas, sin excepcion, sin reintentos y con lotes consecutivos  690ms
     ✓ R18, R19: numera las filas sin lote por orden de creacion y por empresa desde el maximo, conserva los lotes y pone el dia UTC de created_at  410ms
 ✓ |integration| tests/integration/identity/work-group-membership.int.test.ts (13 tests) 1207ms
 ✓ |integration| tests/integration/unidades/unidades-constraints.int.test.ts (32 tests) 716ms
 ✓ |integration| tests/integration/identity/credential-setup.int.test.ts (15 tests) 2316ms
     ✓ R12, R20 — dos usos CONCURRENTES del mismo enlace: uno responde `ok`, el otro `invalid`, y el enlace queda consumido una sola vez  433ms
     ✓ R19, R22 — usuario YA ACTIVO: responde `invalid`, el enlace NO queda consumido y la credencial que ya tenia sigue siendo la suya  355ms
 ✓ |integration| tests/integration/identity/identity-seed.int.test.ts (14 tests) 2231ms
     ✓ la primera corrida sobre base vacia crea los dos roles y el administrador; la segunda no cambia nada  387ms
 ✓ |integration| tests/integration/identity/identity-constraints.int.test.ts (47 tests) 1782ms
 ✓ |integration| tests/integration/pedidos/order-repository.int.test.ts (7 tests) 2446ms
     ✓ sin `pageSize` devuelve el defecto, y con 100 devuelve el tope — tambien en la `Page`  598ms
     ✓ prioridad DESC, antiguedad ASC dentro de cada prioridad, y el correlativo desempata  341ms
     ✓ cuenta todos los pedidos que cumplen el filtro, y los filtros se combinan  599ms
 ✓ |integration| tests/integration/asignaciones/order-assignments-constraints.int.test.ts (30 tests) 2671ms
 ✓ |integration| tests/integration/proveedores/catalog-line.int.test.ts (14 tests) 2031ms
     ✓ el indice rechaza con 23505 la segunda linea viva con el mismo nombre normalizado y la misma presentacion  314ms
 ✓ |integration| tests/integration/identity/user-crud.int.test.ts (36 tests) 2843ms
     ✓ sin tamano de pagina devuelve 10 elementos y el `pageSize` efectivo es 10  438ms
 ✓ |integration| tests/integration/proveedores/company-scope.int.test.ts (29 tests) 1750ms
 ✓ |integration| tests/integration/proveedores/supplier-crud.int.test.ts (11 tests) 1269ms
 ✓ |integration| tests/integration/identity/work-group-crud.int.test.ts (18 tests) 2405ms
     ✓ R25 — el orden por nombre es estable: recorrer las tres paginas devuelve a cada grupo EXACTAMENTE una vez, y en orden  495ms
 ✓ |integration| tests/integration/identity/session-revocation.int.test.ts (12 tests) 2111ms
     ✓ el segundo cierre del MISMO `sid` no lanza y no duplica la fila  473ms
     ✓ los TRES casos son indistinguibles desde fuera del adaptador  406ms
 ✓ |integration| tests/integration/pedidos/order-sequence-race.int.test.ts (2 tests) 1490ms
     ✓ 3 rondas de 8 altas a la vez resuelven todas, sin duplicate_number, sin reintentos y consecutivas  963ms
     ✓ con el lock de la empresa A tomado, el alta de B termina y la de A espera hasta soltarlo  327ms
 ✓ |integration| tests/integration/inventario/company-scope-queries.int.test.ts (34 tests) 1816ms
 ✓ |integration| tests/integration/recetas/recetas-constraints.int.test.ts (25 tests) 1678ms
 ✓ |integration| tests/integration/proveedores/company-scope-queries.int.test.ts (28 tests) 2166ms
     ✓ R35: el retrato de A y el de B, sobre las dos tablas, es identico con FORCE y sin FORCE  408ms
 ✓ |integration| tests/integration/pedidos/company-scope.int.test.ts (12 tests) 2065ms
     ✓ rechaza con 23502 un pedido SIN empresa y no escribe la fila  497ms
     ✓ si la empresa no se puede resolver de forma univoca, el UP aborta ENTERO y el esquema queda como antes  375ms
 ✓ |integration| tests/integration/recetas/company-scope-queries.int.test.ts (27 tests) 1614ms
 ✓ |integration| tests/integration/proveedores/proveedores-constraints.int.test.ts (30 tests) 2682ms
 ✓ |integration| tests/integration/pedidos/company-scope-queries.int.test.ts (26 tests) 2135ms
 ✓ |integration| tests/integration/identity/work-groups-constraints.int.test.ts (24 tests) 2357ms
 ✓ |integration| tests/integration/identity/last-administrator.int.test.ts (16 tests) 1655ms
 ✓ |integration| tests/integration/pedidos/pedidos-constraints.int.test.ts (23 tests) 1907ms
 ✓ |integration| tests/integration/pedidos/list-query-orders.int.test.ts (22 tests) 1554ms
 ✓ |integration| tests/integration/inventario/product-batch-write.int.test.ts (11 tests) 2209ms
     ✓ guarda el derivado de total/existencia tal cual, sin perder decimales  512ms
     ✓ devuelve null cuando todos los homonimos estan borrados logicamente  521ms
 ✓ |integration| tests/integration/identity/session-stamp-writes.int.test.ts (17 tests) 3609ms
     ✓ mover a `blocked` SUBE el sello — R33: una cuenta bloqueada no puede seguir dentro  394ms
     ✓ R38: si el consumo REVIERTE, ni la contrasena ni el sello quedaron escritos  362ms
     ✓ R3: un objetivo de otra empresa (`not_found`) conserva sus tres contadores  344ms
 ✓ |integration| tests/integration/inventario/list-query-products.int.test.ts (15 tests) 966ms
 ✓ |integration| tests/integration/identity/work-group-assignments.int.test.ts (5 tests) 1702ms
     ✓ las tres filas quedan identicas, con el nombre CONGELADO del dia en que se asigno  563ms
 ✓ |integration| tests/integration/recetas/recipe-crud.int.test.ts (9 tests) 1098ms
 ✓ |integration| tests/integration/proveedores/list-query-catalog-lines.int.test.ts (17 tests) 1552ms
 ✓ |integration| tests/integration/unidades/unit-write.int.test.ts (16 tests) 1309ms
 ✓ |integration| tests/integration/unidades/unit-repository.int.test.ts (5 tests) 1003ms
     ✓ cada empresa ve las suyas MAS las de sistema y ninguna de la otra, en los dos modos  301ms
 ✓ |integration| tests/integration/inventario/ledger-cuadre.int.test.ts (5 tests) 1803ms
     ✓ cuadra con el lote del alta de un producto nuevo  595ms
     ✓ cuadra con un lote ajustado -stock = alta + ajustes, sumando y restando  352ms
     ✓ detecta un stock alterado por SQL crudo sin su asiento  332ms
 ✓ |integration| tests/integration/inventario/inventario-constraints.int.test.ts (19 tests) 1108ms
 ✓ |integration| tests/integration/identity/assignment-directory.int.test.ts (10 tests) 1006ms
 ✓ |integration| tests/integration/asignaciones/reapply-work-group.int.test.ts (4 tests) 1004ms
     ✓ R22, R23: reaplicar anade SOLO a los que faltan y no toca ni una fila vieja  788ms
 ✓ |integration| tests/integration/pedidos/order-crud.int.test.ts (16 tests) 2898ms
 ✓ |integration| tests/integration/inventario/list-query-presentations.int.test.ts (7 tests) 1651ms
     ✓ la fila que en el orden de hoy esta en la pagina 3 aparece en la 1 al ordenar al reves (R13)  344ms
 ✓ |integration| tests/integration/recetas/company-scope.int.test.ts (15 tests) 2627ms
     ✓ rechaza con 23502 una receta SIN empresa y no escribe la fila  408ms
     ✓ el retrato de despues es el de antes sin la columna, con el unico GLOBAL y PARCIAL restaurado, sin la constraint y con RLS forzada en las dos tablas  409ms
     ✓ el ROLLBACK devuelve la base a su estado real: el DDL de Postgres es transaccional  405ms
 ✓ |integration| tests/integration/pedidos/order-sequence.int.test.ts (5 tests) 1969ms
     ✓ la primera alta de un ano arranca en 1 y NO crea ninguna secuencia  613ms
     ✓ dos altas seguidas del mismo ano obtienen posiciones distintas y consecutivas  322ms
     ✓ un alta abortada NO consume su numero: la siguiente recibe el que le tocaba  374ms
     ✓ un ano nuevo vuelve a arrancar en 1, y el anterior sigue donde estaba  331ms
 ✓ |integration| tests/integration/proveedores/list-query-suppliers.int.test.ts (9 tests) 1560ms
 ✓ |integration| tests/integration/recetas/list-query-recipes.int.test.ts (10 tests) 1745ms
 ✓ |integration| tests/integration/asignaciones/list-order-responsibles.int.test.ts (5 tests) 1832ms
     ✓ R37: la persona de baja, la inactiva y la bloqueada siguen saliendo, con su nombre mostrable  914ms
     ✓ R35, R39: cada entrada trae identificador, nombre y origen, y NADA de la cuenta  343ms
 ✓ |integration| tests/integration/inventario/company-scope.int.test.ts (13 tests) 1828ms
     ✓ rechaza con 23502 un producto, una presentacion y un lote SIN empresa  748ms
 ✓ |integration| tests/integration/inventario/list-query-indexes.int.test.ts (19 tests) 2271ms
 ✓ |integration| tests/integration/identity/session-user.int.test.ts (10 tests) 883ms
 ✓ |integration| tests/integration/inventario/product-crud.int.test.ts (4 tests) 911ms
 ✓ |integration| tests/integration/unidades/list-query-units.int.test.ts (11 tests) 527ms
 ✓ |integration| tests/integration/asignaciones/assigned-orders.int.test.ts (6 tests) 567ms
 ✓ |integration| tests/integration/pedidos/order-duplicate-number.int.test.ts (1 test) 538ms
     ✓ con el correlativo ocupado en los tres intentos devuelve duplicate_number, sin lanzar, tras 3 transacciones  527ms
 ✓ |integration| tests/integration/inventario/presentation-unit.int.test.ts (6 tests) 651ms
 ✓ |integration| tests/integration/asignaciones/active-members-only.int.test.ts (4 tests) 672ms
     ✓ R19, R20: entra el `active` y NO entran el pending, el inactive ni el bloqueado; la operacion no falla por ellos  403ms
 ✓ |integration| tests/integration/inventario/inventory-movements-constraints.int.test.ts (8 tests) 775ms
 ✓ |integration| tests/integration/inventario/presentation-uniqueness.int.test.ts (5 tests) 651ms
 ✓ |integration| tests/integration/asignaciones/unassign.int.test.ts (3 tests) 794ms
     ✓ R29: borra FISICAMENTE su fila y ninguna otra, ni del grupo, ni suelta, ni de otro pedido  432ms
 ✓ |integration| tests/integration/asignaciones/company-scope.int.test.ts (6 tests) 632ms
 ✓ |integration| tests/integration/asignaciones/frozen-name.int.test.ts (3 tests) 664ms
     ✓ R28: renombrar y dar de baja el grupo despues NO cambia ninguna fila ya creada  329ms
 ✓ |integration| tests/integration/asignaciones/remove-work-group.int.test.ts (3 tests) 874ms
     ✓ R32, R34: borra las filas de ESE grupo y ninguna otra, y dice cuantas  455ms
 ✓ |integration| tests/integration/recetas/recipe-lines.int.test.ts (5 tests) 449ms
 ✓ |integration| tests/integration/documentos/document-batch-claim-concurrency.int.test.ts (2 tests) 713ms
     ✓ de dos claim concurrentes sobre la misma fila, exactamente uno se lleva el RETURNING  595ms
 ✓ |integration| tests/integration/asignaciones/order-assignment-prisma.int.test.ts (8 tests) 589ms
     ✓ insertMissing con el MISMO lote dos veces crea filas SOLO la primera vez  327ms
 ✓ |integration| tests/integration/asignaciones/batch-company-scope.int.test.ts (5 tests) 676ms
     ✓ R3: con dos pedidos propios y uno de OTRA empresa, el ajeno vuelve VACIO  455ms
 ✓ |integration| tests/integration/asignaciones/batch-states.int.test.ts (2 tests) 614ms
     ✓ R10: los cuatro estados devuelven EXACTAMENTE el mismo resultado  469ms
 ✓ |integration| tests/integration/asignaciones/atomicity.int.test.ts (2 tests) 513ms
     ✓ R27: si una fila del lote viola una clave ajena, NO entra ninguna de las demas  381ms
 ✓ |integration| tests/integration/documentos/document-batches-and-files-constraints.int.test.ts (4 tests) 604ms
 ✓ |integration| tests/integration/identity/role-catalog.int.test.ts (6 tests) 139ms

⎯⎯⎯⎯⎯⎯⎯ Failed Tests 2 ⎯⎯⎯⎯⎯⎯⎯

 FAIL  |ui| tests/unit/inventario/product-page.test.tsx > pantalla de productos — alta, edicion y borrado > un guardado rechazado por un campo muestra el error en linea y no cierra el panel
Error: Test timed out in 20000ms.
If this is a long-running test, pass a timeout value as the last argument or configure it globally with "testTimeout".
 ❯ tests/unit/inventario/product-page.test.tsx:1110:3
    1108|   });
    1109|
    1110|   it('un guardado rechazado por un campo muestra el error en linea y n…
       |   ^
    1111|     // R20 (primera mitad) — el error identifica campo, asi que va jun…
    1112|     // siquiera a llamar a la operacion: la validacion previa usa el m…

⎯⎯⎯⎯⎯⎯⎯⎯⎯⎯⎯⎯⎯⎯⎯⎯⎯⎯⎯⎯⎯⎯⎯⎯[1/2]⎯

 FAIL  |node| tests/unit/pedidos/module-contract.test.ts > lib/modules/pedidos — forma del modulo, fronteras y limite de alcance > ningun archivo del repo consulta prisma.order, y el barrido señala una entrada sintetica que si lo hace
AssertionError: expected [ 'lib/composition/index.ts', …(2) ] to deeply equal [ …(2) ]

- Expected
+ Received

  [
+   "lib/composition/index.ts",
    "lib/modules/pedidos/adapters/driven/persistence/order-catalog-prisma.ts",
    "lib/modules/pedidos/adapters/driven/persistence/order-prisma.ts",
  ]

 ❯ tests/unit/pedidos/module-contract.test.ts:365:58
    363|     expect(todoElCodigo.length).toBeGreaterThan(0)
    364|     expect(entradasReales).toHaveLength(todoElCodigo.length)
    365|     expect(nombresQueConsultan(entradasReales, 'order')).toEqual(DUENO…
       |                                                          ^
    366|
    367|     // Y la MISMA funcion, sobre los MISMOS archivos reales mas una en…

⎯⎯⎯⎯⎯⎯⎯⎯⎯⎯⎯⎯⎯⎯⎯⎯⎯⎯⎯⎯⎯⎯⎯⎯[2/2]⎯


 Test Files  2 failed | 572 passed (574)
      Tests  2 failed | 8271 passed | 109 skipped (8382)
   Start at  08:02:55
   Duration  987.67s (transform 379.73s, setup 318.45s, import 3034.41s, tests 1946.03s, environment 1234.88s)

JSON report written to C:/Users/Cristian/Documents/trabajo/arc/labs/.worktrees/QC-111-procesamiento-de-pdf-en-cola/.vitest-rojos.json
test-db: borrada la base de la corrida: qct_qc111_71152143_mu8ee2z3_as4.
 ELIFECYCLE  Command failed with exit code 1.
hay 2 archivo(s) de test en rojo que NO estan en el baseline:
  tests/unit/inventario/product-page.test.tsx
  tests/unit/pedidos/module-contract.test.ts
si el rojo es tuyo, arreglalo. Si es deuda ajena de dev, añadelo a
tests/baseline-rojos.json con su motivo y su fecha, y dilo en el PR.
[0;31m✗ hay rojos NUEVOS respecto del baseline (el detalle esta justo arriba)[0m
