== Arnes SDD :: init (modo: completo) ==
[0;32m✓ node v22.13.1[0m
[0;32m✓ dependencias presentes[0m
[0;32m✓ cliente de Prisma al dia[0m
[0;32m✓ tipos de ruta de Next al dia[0m
[0;32m✓ las 116 fichas vienen del proyecto QC[0m
[0;32m✓ regla max-2-por-zona respetada (in_progress=2)[0m
[0;32m✓ specs presentes para features sdd en vuelo[0m
[0;32m✓ ninguna ficha sembrada esperando al board[0m
[0;32m✓ cada spec sembrado tiene su ficha, con el mismo slug[0m
[1;33m! 10 worktree(s) ademas del principal, 0 con el directorio ya borrado.[0m
[1;33m! Revisa cuales se pueden desmontar: ./scripts/wt.sh list[0m
[0;32m✓ .env cargado en el entorno del gate[0m
-> pnpm run db:test status
[1;33m! la base de desarrollo «QuimiCloude» va 1 migracion(es) atras; la mas antigua que falta es 20260918130000_document_batches_and_files. Ponla al dia con: pnpm run db:migrate[0m
[1;33m! Los tests de integracion NO se ven afectados (corren sobre base propia), pero la app a mano si.[0m
-> pnpm run typecheck

> quimicloude@0.1.0 typecheck C:\Users\Cristian\Documents\trabajo\arc\labs\.worktrees\QC-111-procesamiento-de-pdf-en-cola
> tsc --noEmit

[0;32m✓ typecheck paso[0m
-> pnpm run lint

> quimicloude@0.1.0 lint C:\Users\Cristian\Documents\trabajo\arc\labs\.worktrees\QC-111-procesamiento-de-pdf-en-cola
> eslint

[0;32m✓ lint paso[0m
-> pnpm run test:json

> quimicloude@0.1.0 test:json C:\Users\Cristian\Documents\trabajo\arc\labs\.worktrees\QC-111-procesamiento-de-pdf-en-cola
> vitest run --reporter=default --reporter=json --outputFile.json=.vitest-rojos.json


 RUN  v4.1.10 C:/Users/Cristian/Documents/trabajo/arc/labs/.worktrees/QC-111-procesamiento-de-pdf-en-cola

test-db: plantilla reutilizada: qct_tpl_b6f834eb0913 (las migraciones no han cambiado)
test-db: la corrida de integracion va contra qct_qc111_71152143_mu8fwafz_do (copia de qct_tpl_b6f834eb0913).
 ✓ |node| tests/unit/identity/roles/scope.test.ts (17 tests | 4 skipped) 2021ms
     ✓ `git merge-base origin/dev HEAD` resuelve; si no, estos casos fallan ruidosamente  444ms
 ✓ |node| tests/unit/identity/qc78-alcance.test.ts (16 tests | 4 skipped) 2025ms
     ✓ `git merge-base origin/dev HEAD` resuelve; si no, esta guardia falla ruidosamente en vez de saltarse  478ms
 ✓ |node| tests/unit/identity/usuarios/scope.test.ts (24 tests | 5 skipped) 2397ms
     ✓ `git merge-base origin/dev HEAD` resuelve; si no, estos casos fallan ruidosamente  412ms
 ✓ |node| tests/unit/identity/grupos/scope.test.ts (18 tests | 5 skipped) 2388ms
     ✓ `git merge-base origin/dev HEAD` resuelve; si no, estos casos fallan ruidosamente  448ms
 ✓ |node| tests/unit/identity/password/password-hash.test.ts (8 tests) 2542ms
     ✓ dos transformaciones de la misma contrasena dan valores distintos, y las dos verifican correctamente  498ms
     ✓ verifica la contrasena correcta  718ms
     ✓ rechaza la contrasena incorrecta  653ms
 ✓ |node| tests/unit/identity/qc101-alcance.test.ts (19 tests | 7 skipped) 3159ms
     ✓ `git merge-base origin/dev HEAD` resuelve; si no, este test falla ruidosamente en vez de saltarse  423ms
 ✓ |node| tests/unit/documentos/module-contract.test.ts (19 tests) 3469ms
       ✓ R27, R33 — el barril expone el actor, los dos errores, los limites, la ruta y el esquema  2213ms
 ✓ |node| tests/unit/configuracion-ui/grupos/alcance.test.ts (33 tests | 16 skipped) 3316ms
 ✓ |node| tests/unit/test-database/nombres-y-huella.test.ts (18 tests) 4468ms
     ✓ son 12 hex y no cambia si no cambia nada del arbol  753ms
     ✓ cambia cuando se anade una migracion  689ms
     ✓ cambia cuando se borra una migracion  799ms
     ✓ cambia cuando cambia el contenido de una migracion  641ms
     ✓ cambia cuando cambia el sembrado  1032ms
 ✓ |node| tests/unit/configuracion-ui/configuracion-convenciones.test.ts (22 tests | 3 skipped) 1707ms
     ✓ nadie en el repo importa los componentes de la ruta por ruta profunda  374ms
 ✓ |node| tests/guards/guard-qc95-alcance-del-pr-70.test.ts (22 tests) 1259ms
     ✓ ancla (1): el merge f777c56 tiene exactamente los padres 0ed8431 (dev) y f728d15 (la feature)  586ms
     ✓ R8: cada archivo vigilado por R8 existe en el arbol del merge f777c56 (una ruta mal escrita tira la guardia en vez de medir aire)  646ms
 ✓ |node| tests/unit/identity/qc23-alcance.test.ts (11 tests | 3 skipped) 1861ms
     ✓ `git merge-base origin/dev HEAD` resuelve; si no, este test falla ruidosamente en vez de saltarse  441ms
 ✓ |node| tests/guards/guard-teclear-y-plazo.test.ts (6 tests) 1302ms
     ✓ tests/setup.ts llama a configure() con asyncUtilTimeout >= 5000  815ms
 ✓ |node| tests/unit/identity/account-status-scope.test.ts (12 tests | 3 skipped) 2081ms
     ✓ `git merge-base origin/dev HEAD` resuelve; si no, este archivo falla ruidosamente  452ms
 ✓ |node| tests/unit/recetas-ui/recipe-route-contract.test.ts (26 tests) 1110ms
     ✓ el asistente solo se importa desde recipe-form.tsx  434ms
 ✓ |node| tests/guards/guard-arquitectura-modulos.test.ts (62 tests) 1646ms
       ✓ los contratos reales (identity, inventario) no arrastran servidor  1251ms
 ✓ |node| tests/unit/asignaciones/module-contract.test.ts (24 tests) 1068ms
       ✓ el cierre de imports del barril real no arrastra next/*, @prisma/client ni use server (R31)  561ms
 ✓ |node| tests/unit/shared/data-table-alcance.test.ts (16 tests | 2 skipped) 1033ms
     ✓ ningun consumidor fuera de la feature importa una ruta profunda en vez del barrel  334ms
 ✓ |node| tests/guards/guard-editor-aislado.test.ts (7 tests) 1092ms
     ✓ solo los dos archivos que enumera design.md > 7 mencionan @tiptap  342ms
     ✓ @tiptap/starter-kit no aparece ni en package.json ni en el fuente  361ms
     ✓ TaskList y TaskItem se importan de ./task-list y ./task-item, nunca del kit ni de la raiz  362ms
 ✓ |node| tests/unit/configuracion-ui/data-table-intacta.test.ts (6 tests | 2 skipped) 862ms
     ✓ `git diff --name-only dev...HEAD` resuelve; si no, este archivo falla ruidosamente  356ms
 ✓ |node| tests/unit/configuracion-ui/usuarios-convenciones.test.ts (23 tests | 4 skipped) 916ms
     ✓ nadie en el repo importa los componentes de la ruta por ruta profunda  373ms
 ✓ |node| tests/unit/unidades/unidades-convenciones.test.ts (21 tests | 4 skipped) 819ms
 ✓ |node| tests/unit/documentos/pdf-converter.test.ts (10 tests) 845ms
       ✓ R24 — unpdf lo importa un UNICO archivo, el adaptador  411ms
       ✓ R24 — @napi-rs/canvas lo importa un UNICO archivo, el adaptador  382ms
 ✓ |node| tests/unit/configuracion-ui/unidades-convenciones.test.ts (28 tests | 2 skipped) 669ms
     ✓ nadie en el repo importa los componentes de la ruta por ruta profunda  355ms
 ✓ |node| tests/guards/guard-validador-ve-worktrees-hermanos.test.ts (2 tests) 430ms
 ✓ |node| tests/unit/identity/verify-credentials.test.ts (57 tests) 747ms
     ✓ no se registra la contrasena ni el hash en ninguno de los caminos  653ms
 ✓ |node| tests/unit/pedidos/module-contract.test.ts (9 tests) 722ms
 ✓ |node| tests/guards/guard-politica-de-contrasenas.test.ts (12 tests) 523ms
     ✓ todo archivo que produce un hash referencia tambien la politica  457ms
 ✓ |node| tests/unit/proveedores/module-contract.test.ts (9 tests) 595ms
 ✓ |node| tests/unit/proveedores-ui/guard-convenciones-proveedores.test.ts (7 tests | 3 skipped) 431ms
     ✓ nadie fuera de las dos rutas importa sus componentes por ruta profunda  408ms
 ✓ |node| tests/unit/composition/identity-facade.test.ts (15 tests) 8294ms
 ✓ |node| tests/unit/unidades/module-contract.test.ts (8 tests) 534ms
 ✓ |node| tests/unit/inventario/product-route-contract.test.ts (23 tests) 627ms
 ✓ |node| tests/guards/guard-permisos-no-administrables.test.ts (12 tests) 683ms
     ✓ ningun archivo de produccion escribe sobre permissions ni role_permissions, salvo el adaptador del seed  306ms
 ✓ |node| tests/unit/identity/credencial/scope.test.ts (110 tests) 624ms
 ✓ |node| tests/unit/unidades/modulo-intacto.test.ts (6 tests | 2 skipped) 437ms
 ✓ |node| tests/unit/documentos/qc111-alcance.test.ts (35 tests) 425ms
 ✓ |node| tests/unit/identity/session-once-per-request-actions.test.ts (40 tests) 9246ms
 ✓ |node| tests/unit/identity/password/password-verify-fail-closed.test.ts (12 tests) 446ms
 ✓ |node| tests/guards/guard-password-never-plaintext.test.ts (8 tests) 303ms
 ✓ |node| tests/unit/pedidos-ui/pedidos-convenciones.test.ts (23 tests | 3 skipped) 456ms
     ✓ nadie en el repo importa los componentes de la ruta por ruta profunda  362ms
 ✓ |node| tests/unit/documentos/ai-reader-adapter.test.ts (11 tests) 337ms
 ✓ |node| tests/guards/guard-middleware-edge.test.ts (8 tests) 264ms
 ✓ |node| tests/unit/recetas/module-contract.test.ts (5 tests) 512ms
 ✓ |node| tests/unit/credential-help-contract.test.ts (16 tests) 302ms
 ✓ |node| tests/unit/inventario/authorization.test.ts (20 tests) 364ms
 ✓ |node| tests/guards/guard-firma-sesion-unica.test.ts (7 tests) 310ms
 ✓ |node| tests/guards/guard-rol-administrador-unico.test.ts (5 tests) 287ms
 ✓ |node| tests/unit/inventario/schema/inventario-schema.test.ts (28 tests) 275ms
 ✓ |node| tests/unit/configuracion-ui/data-table-intacta-unidades.test.ts (5 tests | 2 skipped) 245ms
 ✓ |node| tests/unit/identity/usuarios/credential-factory.test.ts (9 tests) 296ms
 ✓ |node| tests/unit/documentos/storage-config.test.ts (12 tests) 224ms
 ✓ |node| tests/unit/configuracion-ui/usuarios-route-contract.test.ts (8 tests) 235ms
 ✓ |node| tests/unit/proveedores/authorization.test.ts (10 tests) 290ms
 ✓ |node| tests/unit/identity/grupos/authorization.test.ts (10 tests) 219ms
 ✓ |node| tests/unit/proveedores/supplier-route-contract.test.ts (14 tests) 204ms
 ✓ |node| tests/unit/configuracion-ui/units-route-contract.test.ts (11 tests) 184ms
 ✓ |node| tests/unit/identity/route-guard-middleware.test.ts (28 tests) 281ms
 ✓ |node| tests/guards/guard-identificador-de-request.test.ts (23 tests) 159ms
stderr | tests/unit/identity/grupos/work-group-actions.test.ts > R43 — el error se traduce por su code > un error ajeno al dominio sale como unexpected, con referencia y sin filtrar su texto
[error] requestId=7c9e6679-7425-40de-944b-e07fc1f90ae7 origen=borde code=unexpected error=Error: connection terminated unexpectedly
Error: connection terminated unexpectedly
    at C:/Users/Cristian/Documents/trabajo/arc/labs/.worktrees/QC-111-procesamiento-de-pdf-en-cola/tests/unit/identity/grupos/work-group-actions.test.ts:314:42
    at file:///C:/Users/Cristian/Documents/trabajo/arc/labs/.worktrees/QC-111-procesamiento-de-pdf-en-cola/node_modules/.pnpm/@vitest+runner@4.1.10/node_modules/@vitest/runner/dist/chunk-artifact.js:302:11
    at file:///C:/Users/Cristian/Documents/trabajo/arc/labs/.worktrees/QC-111-procesamiento-de-pdf-en-cola/node_modules/.pnpm/@vitest+runner@4.1.10/node_modules/@vitest/runner/dist/chunk-artifact.js:1903:26
    at file:///C:/Users/Cristian/Documents/trabajo/arc/labs/.worktrees/QC-111-procesamiento-de-pdf-en-cola/node_modules/.pnpm/@vitest+runner@4.1.10/node_modules/@vitest/runner/dist/chunk-artifact.js:2326:20
    at new Promise (<anonymous>)
    at runWithCancel (file:///C:/Users/Cristian/Documents/trabajo/arc/labs/.worktrees/QC-111-procesamiento-de-pdf-en-cola/node_modules/.pnpm/@vitest+runner@4.1.10/node_modules/@vitest/runner/dist/chunk-artifact.js:2323:10)
    at file:///C:/Users/Cristian/Documents/trabajo/arc/labs/.worktrees/QC-111-procesamiento-de-pdf-en-cola/node_modules/.pnpm/@vitest+runner@4.1.10/node_modules/@vitest/runner/dist/chunk-artifact.js:2305:20
    at new Promise (<anonymous>)
    at runWithTimeout (file:///C:/Users/Cristian/Documents/trabajo/arc/labs/.worktrees/QC-111-procesamiento-de-pdf-en-cola/node_modules/.pnpm/@vitest+runner@4.1.10/node_modules/@vitest/runner/dist/chunk-artifact.js:2272:10)
    at file:///C:/Users/Cristian/Documents/trabajo/arc/labs/.worktrees/QC-111-procesamiento-de-pdf-en-cola/node_modules/.pnpm/@vitest+runner@4.1.10/node_modules/@vitest/runner/dist/chunk-artifact.js:2955:64

 ✓ |node| tests/unit/identity/grupos/work-group-actions.test.ts (29 tests) 129ms
 ✓ |node| tests/unit/configuracion-ui/data-table-intacta-usuarios.test.ts (5 tests | 2 skipped) 189ms
 ✓ |node| tests/guards/guard-sesiones-cortadas.test.ts (17 tests) 198ms
 ✓ |node| tests/unit/documentos/qc109-alcance.test.ts (20 tests | 2 skipped) 195ms
 ✓ |node| tests/unit/documentos/limits-and-path.test.ts (13 tests) 147ms
 ✓ |node| tests/unit/identity/credential-policy-contract.test.ts (7 tests) 264ms
 ✓ |node| tests/unit/configuracion-ui/presentations-route-contract.test.ts (10 tests) 194ms
 ✓ |node| tests/unit/identity/usuarios/authorization.test.ts (10 tests) 184ms
 ✓ |node| tests/unit/proveedores/company-isolation-service.test.ts (52 tests) 120ms
 ✓ |node| tests/unit/inventario/movement-reason.test.ts (4 tests) 159ms
 ✓ |node| tests/guards/guard-ambito-empresa-proveedores.test.ts (29 tests) 82ms
stderr | tests/unit/inventario/product-actions.test.ts > QC-81 — la fecha de compra viaja del FormData al caso de uso > entrega batch_duplicate_lot al llamante con el texto del catalogo, como los demas codigos (R13)
{
  code: 'batch_duplicate_lot',
  diagnostic: 'company-a: lote L-2026-001'
}

 ✓ |node| tests/unit/inventario/product-actions.test.ts (34 tests) 154ms
 ✓ |node| tests/guards/guard-contrato-listados.test.ts (20 tests) 172ms
 ✓ |node| tests/guards/guard-libro-de-inventario.test.ts (13 tests) 189ms
 ✓ |node| tests/unit/inventario/schema/inventory-movements-migration.test.ts (9 tests) 158ms
 ✓ |node| tests/guards/guard-autorizacion-por-permiso.test.ts (10 tests) 130ms
stderr | tests/unit/asignaciones/order-assignment-actions.test.ts > R43 — el error se traduce por su code > un error ajeno al dominio sale como unexpected, con referencia y sin filtrar su texto
[error] requestId=7c9e6679-7425-40de-944b-e07fc1f90ae7 origen=borde code=unexpected error=Error: connection terminated unexpectedly
Error: connection terminated unexpectedly
    at C:/Users/Cristian/Documents/trabajo/arc/labs/.worktrees/QC-111-procesamiento-de-pdf-en-cola/tests/unit/asignaciones/order-assignment-actions.test.ts:360:49
    at file:///C:/Users/Cristian/Documents/trabajo/arc/labs/.worktrees/QC-111-procesamiento-de-pdf-en-cola/node_modules/.pnpm/@vitest+runner@4.1.10/node_modules/@vitest/runner/dist/chunk-artifact.js:302:11
    at file:///C:/Users/Cristian/Documents/trabajo/arc/labs/.worktrees/QC-111-procesamiento-de-pdf-en-cola/node_modules/.pnpm/@vitest+runner@4.1.10/node_modules/@vitest/runner/dist/chunk-artifact.js:1903:26
    at file:///C:/Users/Cristian/Documents/trabajo/arc/labs/.worktrees/QC-111-procesamiento-de-pdf-en-cola/node_modules/.pnpm/@vitest+runner@4.1.10/node_modules/@vitest/runner/dist/chunk-artifact.js:2326:20
    at new Promise (<anonymous>)
    at runWithCancel (file:///C:/Users/Cristian/Documents/trabajo/arc/labs/.worktrees/QC-111-procesamiento-de-pdf-en-cola/node_modules/.pnpm/@vitest+runner@4.1.10/node_modules/@vitest/runner/dist/chunk-artifact.js:2323:10)
    at file:///C:/Users/Cristian/Documents/trabajo/arc/labs/.worktrees/QC-111-procesamiento-de-pdf-en-cola/node_modules/.pnpm/@vitest+runner@4.1.10/node_modules/@vitest/runner/dist/chunk-artifact.js:2305:20
    at new Promise (<anonymous>)
    at runWithTimeout (file:///C:/Users/Cristian/Documents/trabajo/arc/labs/.worktrees/QC-111-procesamiento-de-pdf-en-cola/node_modules/.pnpm/@vitest+runner@4.1.10/node_modules/@vitest/runner/dist/chunk-artifact.js:2272:10)
    at file:///C:/Users/Cristian/Documents/trabajo/arc/labs/.worktrees/QC-111-procesamiento-de-pdf-en-cola/node_modules/.pnpm/@vitest+runner@4.1.10/node_modules/@vitest/runner/dist/chunk-artifact.js:2955:64

 ✓ |node| tests/unit/recetas/authorization.test.ts (13 tests) 144ms
stderr | tests/unit/asignaciones/order-assignment-actions.test.ts > QC-102 R13 - listResponsiblesForOrdersAction > un error ajeno al dominio sale como unexpected, con referencia y sin filtrar su texto
[error] requestId=7c9e6679-7425-40de-944b-e07fc1f90ae7 origen=borde code=unexpected error=Error: connection terminated unexpectedly
Error: connection terminated unexpectedly
    at C:/Users/Cristian/Documents/trabajo/arc/labs/.worktrees/QC-111-procesamiento-de-pdf-en-cola/tests/unit/asignaciones/order-assignment-actions.test.ts:683:53
    at file:///C:/Users/Cristian/Documents/trabajo/arc/labs/.worktrees/QC-111-procesamiento-de-pdf-en-cola/node_modules/.pnpm/@vitest+runner@4.1.10/node_modules/@vitest/runner/dist/chunk-artifact.js:302:11
    at file:///C:/Users/Cristian/Documents/trabajo/arc/labs/.worktrees/QC-111-procesamiento-de-pdf-en-cola/node_modules/.pnpm/@vitest+runner@4.1.10/node_modules/@vitest/runner/dist/chunk-artifact.js:1903:26
    at file:///C:/Users/Cristian/Documents/trabajo/arc/labs/.worktrees/QC-111-procesamiento-de-pdf-en-cola/node_modules/.pnpm/@vitest+runner@4.1.10/node_modules/@vitest/runner/dist/chunk-artifact.js:2326:20
    at new Promise (<anonymous>)
    at runWithCancel (file:///C:/Users/Cristian/Documents/trabajo/arc/labs/.worktrees/QC-111-procesamiento-de-pdf-en-cola/node_modules/.pnpm/@vitest+runner@4.1.10/node_modules/@vitest/runner/dist/chunk-artifact.js:2323:10)
    at file:///C:/Users/Cristian/Documents/trabajo/arc/labs/.worktrees/QC-111-procesamiento-de-pdf-en-cola/node_modules/.pnpm/@vitest+runner@4.1.10/node_modules/@vitest/runner/dist/chunk-artifact.js:2305:20
    at new Promise (<anonymous>)
    at runWithTimeout (file:///C:/Users/Cristian/Documents/trabajo/arc/labs/.worktrees/QC-111-procesamiento-de-pdf-en-cola/node_modules/.pnpm/@vitest+runner@4.1.10/node_modules/@vitest/runner/dist/chunk-artifact.js:2272:10)
    at file:///C:/Users/Cristian/Documents/trabajo/arc/labs/.worktrees/QC-111-procesamiento-de-pdf-en-cola/node_modules/.pnpm/@vitest+runner@4.1.10/node_modules/@vitest/runner/dist/chunk-artifact.js:2955:64

stderr | tests/unit/asignaciones/order-assignment-actions.test.ts > QC-88 T9 — listAssignedOrdersAction > un error ajeno al dominio sale como unexpected, con referencia y sin filtrar su texto
[error] requestId=7c9e6679-7425-40de-944b-e07fc1f90ae7 origen=borde code=unexpected error=Error: connection terminated unexpectedly
Error: connection terminated unexpectedly
    at C:/Users/Cristian/Documents/trabajo/arc/labs/.worktrees/QC-111-procesamiento-de-pdf-en-cola/tests/unit/asignaciones/order-assignment-actions.test.ts:764:46
    at file:///C:/Users/Cristian/Documents/trabajo/arc/labs/.worktrees/QC-111-procesamiento-de-pdf-en-cola/node_modules/.pnpm/@vitest+runner@4.1.10/node_modules/@vitest/runner/dist/chunk-artifact.js:302:11
    at file:///C:/Users/Cristian/Documents/trabajo/arc/labs/.worktrees/QC-111-procesamiento-de-pdf-en-cola/node_modules/.pnpm/@vitest+runner@4.1.10/node_modules/@vitest/runner/dist/chunk-artifact.js:1903:26
    at file:///C:/Users/Cristian/Documents/trabajo/arc/labs/.worktrees/QC-111-procesamiento-de-pdf-en-cola/node_modules/.pnpm/@vitest+runner@4.1.10/node_modules/@vitest/runner/dist/chunk-artifact.js:2326:20
    at new Promise (<anonymous>)
    at runWithCancel (file:///C:/Users/Cristian/Documents/trabajo/arc/labs/.worktrees/QC-111-procesamiento-de-pdf-en-cola/node_modules/.pnpm/@vitest+runner@4.1.10/node_modules/@vitest/runner/dist/chunk-artifact.js:2323:10)
    at file:///C:/Users/Cristian/Documents/trabajo/arc/labs/.worktrees/QC-111-procesamiento-de-pdf-en-cola/node_modules/.pnpm/@vitest+runner@4.1.10/node_modules/@vitest/runner/dist/chunk-artifact.js:2305:20
    at new Promise (<anonymous>)
    at runWithTimeout (file:///C:/Users/Cristian/Documents/trabajo/arc/labs/.worktrees/QC-111-procesamiento-de-pdf-en-cola/node_modules/.pnpm/@vitest+runner@4.1.10/node_modules/@vitest/runner/dist/chunk-artifact.js:2272:10)
    at file:///C:/Users/Cristian/Documents/trabajo/arc/labs/.worktrees/QC-111-procesamiento-de-pdf-en-cola/node_modules/.pnpm/@vitest+runner@4.1.10/node_modules/@vitest/runner/dist/chunk-artifact.js:2955:64

 ✓ |node| tests/unit/identity/usuarios/user-actions.test.ts (89 tests) 179ms
 ✓ |node| tests/unit/asignaciones/order-assignment-actions.test.ts (44 tests) 197ms
 ✓ |node| tests/unit/inventario/create-product.test.ts (53 tests) 116ms
 ✓ |node| tests/unit/proveedores-ui/guard-herencia-armazon-privado.test.ts (7 tests | 1 skipped) 120ms
 ✓ |node| tests/unit/proveedores/schema/proveedores-migration.test.ts (49 tests) 135ms
stderr | tests/unit/pedidos/order-actions.test.ts > Server Actions de pedidos — actor, forma de entrada y errores > traduce cada error de dominio a status error con el code estable de la clase, nunca con el texto
{ code: 'recipe_not_found', diagnostic: 'receta 42 dada de baja' }

stderr | tests/unit/pedidos/order-actions.test.ts > Server Actions de pedidos — actor, forma de entrada y errores > lo que no es un error de dominio se devuelve como unexpected, sin una brizna del detalle
[error] requestId=7c9e6679-7425-40de-944b-e07fc1f90ae7 origen=borde code=unexpected error=Error: la conexion con la base se cayo
Error: la conexion con la base se cayo
    at C:/Users/Cristian/Documents/trabajo/arc/labs/.worktrees/QC-111-procesamiento-de-pdf-en-cola/tests/unit/pedidos/order-actions.test.ts:472:19
    at file:///C:/Users/Cristian/Documents/trabajo/arc/labs/.worktrees/QC-111-procesamiento-de-pdf-en-cola/node_modules/.pnpm/@vitest+runner@4.1.10/node_modules/@vitest/runner/dist/chunk-artifact.js:302:11
    at file:///C:/Users/Cristian/Documents/trabajo/arc/labs/.worktrees/QC-111-procesamiento-de-pdf-en-cola/node_modules/.pnpm/@vitest+runner@4.1.10/node_modules/@vitest/runner/dist/chunk-artifact.js:1903:26
    at file:///C:/Users/Cristian/Documents/trabajo/arc/labs/.worktrees/QC-111-procesamiento-de-pdf-en-cola/node_modules/.pnpm/@vitest+runner@4.1.10/node_modules/@vitest/runner/dist/chunk-artifact.js:2326:20
    at new Promise (<anonymous>)
    at runWithCancel (file:///C:/Users/Cristian/Documents/trabajo/arc/labs/.worktrees/QC-111-procesamiento-de-pdf-en-cola/node_modules/.pnpm/@vitest+runner@4.1.10/node_modules/@vitest/runner/dist/chunk-artifact.js:2323:10)
    at file:///C:/Users/Cristian/Documents/trabajo/arc/labs/.worktrees/QC-111-procesamiento-de-pdf-en-cola/node_modules/.pnpm/@vitest+runner@4.1.10/node_modules/@vitest/runner/dist/chunk-artifact.js:2305:20
    at new Promise (<anonymous>)
    at runWithTimeout (file:///C:/Users/Cristian/Documents/trabajo/arc/labs/.worktrees/QC-111-procesamiento-de-pdf-en-cola/node_modules/.pnpm/@vitest+runner@4.1.10/node_modules/@vitest/runner/dist/chunk-artifact.js:2272:10)
    at file:///C:/Users/Cristian/Documents/trabajo/arc/labs/.worktrees/QC-111-procesamiento-de-pdf-en-cola/node_modules/.pnpm/@vitest+runner@4.1.10/node_modules/@vitest/runner/dist/chunk-artifact.js:2955:64

stderr | tests/unit/pedidos/order-actions.test.ts > Server Actions de pedidos — actor, forma de entrada y errores > lo que no es un error de dominio se devuelve como unexpected, sin una brizna del detalle
[error] requestId=7c9e6679-7425-40de-944b-e07fc1f90ae7 origen=borde code=unexpected error=Error: la conexion con la base se cayo
Error: la conexion con la base se cayo
    at C:/Users/Cristian/Documents/trabajo/arc/labs/.worktrees/QC-111-procesamiento-de-pdf-en-cola/tests/unit/pedidos/order-actions.test.ts:472:19
    at file:///C:/Users/Cristian/Documents/trabajo/arc/labs/.worktrees/QC-111-procesamiento-de-pdf-en-cola/node_modules/.pnpm/@vitest+runner@4.1.10/node_modules/@vitest/runner/dist/chunk-artifact.js:302:11
    at file:///C:/Users/Cristian/Documents/trabajo/arc/labs/.worktrees/QC-111-procesamiento-de-pdf-en-cola/node_modules/.pnpm/@vitest+runner@4.1.10/node_modules/@vitest/runner/dist/chunk-artifact.js:1903:26
    at file:///C:/Users/Cristian/Documents/trabajo/arc/labs/.worktrees/QC-111-procesamiento-de-pdf-en-cola/node_modules/.pnpm/@vitest+runner@4.1.10/node_modules/@vitest/runner/dist/chunk-artifact.js:2326:20
    at new Promise (<anonymous>)
    at runWithCancel (file:///C:/Users/Cristian/Documents/trabajo/arc/labs/.worktrees/QC-111-procesamiento-de-pdf-en-cola/node_modules/.pnpm/@vitest+runner@4.1.10/node_modules/@vitest/runner/dist/chunk-artifact.js:2323:10)
    at file:///C:/Users/Cristian/Documents/trabajo/arc/labs/.worktrees/QC-111-procesamiento-de-pdf-en-cola/node_modules/.pnpm/@vitest+runner@4.1.10/node_modules/@vitest/runner/dist/chunk-artifact.js:2305:20
    at new Promise (<anonymous>)
    at runWithTimeout (file:///C:/Users/Cristian/Documents/trabajo/arc/labs/.worktrees/QC-111-procesamiento-de-pdf-en-cola/node_modules/.pnpm/@vitest+runner@4.1.10/node_modules/@vitest/runner/dist/chunk-artifact.js:2272:10)
    at file:///C:/Users/Cristian/Documents/trabajo/arc/labs/.worktrees/QC-111-procesamiento-de-pdf-en-cola/node_modules/.pnpm/@vitest+runner@4.1.10/node_modules/@vitest/runner/dist/chunk-artifact.js:2955:64

stderr | tests/unit/pedidos/order-actions.test.ts > Server Actions de pedidos — actor, forma de entrada y errores > lo que no es un error de dominio se devuelve como unexpected, sin una brizna del detalle
[error] requestId=7c9e6679-7425-40de-944b-e07fc1f90ae7 origen=borde code=unexpected error=Error: la conexion con la base se cayo
Error: la conexion con la base se cayo
    at C:/Users/Cristian/Documents/trabajo/arc/labs/.worktrees/QC-111-procesamiento-de-pdf-en-cola/tests/unit/pedidos/order-actions.test.ts:472:19
    at file:///C:/Users/Cristian/Documents/trabajo/arc/labs/.worktrees/QC-111-procesamiento-de-pdf-en-cola/node_modules/.pnpm/@vitest+runner@4.1.10/node_modules/@vitest/runner/dist/chunk-artifact.js:302:11
    at file:///C:/Users/Cristian/Documents/trabajo/arc/labs/.worktrees/QC-111-procesamiento-de-pdf-en-cola/node_modules/.pnpm/@vitest+runner@4.1.10/node_modules/@vitest/runner/dist/chunk-artifact.js:1903:26
    at file:///C:/Users/Cristian/Documents/trabajo/arc/labs/.worktrees/QC-111-procesamiento-de-pdf-en-cola/node_modules/.pnpm/@vitest+runner@4.1.10/node_modules/@vitest/runner/dist/chunk-artifact.js:2326:20
    at new Promise (<anonymous>)
    at runWithCancel (file:///C:/Users/Cristian/Documents/trabajo/arc/labs/.worktrees/QC-111-procesamiento-de-pdf-en-cola/node_modules/.pnpm/@vitest+runner@4.1.10/node_modules/@vitest/runner/dist/chunk-artifact.js:2323:10)
    at file:///C:/Users/Cristian/Documents/trabajo/arc/labs/.worktrees/QC-111-procesamiento-de-pdf-en-cola/node_modules/.pnpm/@vitest+runner@4.1.10/node_modules/@vitest/runner/dist/chunk-artifact.js:2305:20
    at new Promise (<anonymous>)
    at runWithTimeout (file:///C:/Users/Cristian/Documents/trabajo/arc/labs/.worktrees/QC-111-procesamiento-de-pdf-en-cola/node_modules/.pnpm/@vitest+runner@4.1.10/node_modules/@vitest/runner/dist/chunk-artifact.js:2272:10)
    at file:///C:/Users/Cristian/Documents/trabajo/arc/labs/.worktrees/QC-111-procesamiento-de-pdf-en-cola/node_modules/.pnpm/@vitest+runner@4.1.10/node_modules/@vitest/runner/dist/chunk-artifact.js:2955:64

stderr | tests/unit/pedidos/order-actions.test.ts > Server Actions de pedidos — actor, forma de entrada y errores > lo que no es un error de dominio se devuelve como unexpected, sin una brizna del detalle
[error] requestId=7c9e6679-7425-40de-944b-e07fc1f90ae7 origen=borde code=unexpected error=Error: la conexion con la base se cayo
Error: la conexion con la base se cayo
    at C:/Users/Cristian/Documents/trabajo/arc/labs/.worktrees/QC-111-procesamiento-de-pdf-en-cola/tests/unit/pedidos/order-actions.test.ts:472:19
    at file:///C:/Users/Cristian/Documents/trabajo/arc/labs/.worktrees/QC-111-procesamiento-de-pdf-en-cola/node_modules/.pnpm/@vitest+runner@4.1.10/node_modules/@vitest/runner/dist/chunk-artifact.js:302:11
    at file:///C:/Users/Cristian/Documents/trabajo/arc/labs/.worktrees/QC-111-procesamiento-de-pdf-en-cola/node_modules/.pnpm/@vitest+runner@4.1.10/node_modules/@vitest/runner/dist/chunk-artifact.js:1903:26
    at file:///C:/Users/Cristian/Documents/trabajo/arc/labs/.worktrees/QC-111-procesamiento-de-pdf-en-cola/node_modules/.pnpm/@vitest+runner@4.1.10/node_modules/@vitest/runner/dist/chunk-artifact.js:2326:20
    at new Promise (<anonymous>)
    at runWithCancel (file:///C:/Users/Cristian/Documents/trabajo/arc/labs/.worktrees/QC-111-procesamiento-de-pdf-en-cola/node_modules/.pnpm/@vitest+runner@4.1.10/node_modules/@vitest/runner/dist/chunk-artifact.js:2323:10)
    at file:///C:/Users/Cristian/Documents/trabajo/arc/labs/.worktrees/QC-111-procesamiento-de-pdf-en-cola/node_modules/.pnpm/@vitest+runner@4.1.10/node_modules/@vitest/runner/dist/chunk-artifact.js:2305:20
    at new Promise (<anonymous>)
    at runWithTimeout (file:///C:/Users/Cristian/Documents/trabajo/arc/labs/.worktrees/QC-111-procesamiento-de-pdf-en-cola/node_modules/.pnpm/@vitest+runner@4.1.10/node_modules/@vitest/runner/dist/chunk-artifact.js:2272:10)
    at file:///C:/Users/Cristian/Documents/trabajo/arc/labs/.worktrees/QC-111-procesamiento-de-pdf-en-cola/node_modules/.pnpm/@vitest+runner@4.1.10/node_modules/@vitest/runner/dist/chunk-artifact.js:2955:64

stderr | tests/unit/pedidos/order-actions.test.ts > Server Actions de pedidos — actor, forma de entrada y errores > lo que no es un error de dominio se devuelve como unexpected, sin una brizna del detalle
[error] requestId=7c9e6679-7425-40de-944b-e07fc1f90ae7 origen=borde code=unexpected error=Error: la conexion con la base se cayo
Error: la conexion con la base se cayo
    at C:/Users/Cristian/Documents/trabajo/arc/labs/.worktrees/QC-111-procesamiento-de-pdf-en-cola/tests/unit/pedidos/order-actions.test.ts:472:19
    at file:///C:/Users/Cristian/Documents/trabajo/arc/labs/.worktrees/QC-111-procesamiento-de-pdf-en-cola/node_modules/.pnpm/@vitest+runner@4.1.10/node_modules/@vitest/runner/dist/chunk-artifact.js:302:11
    at file:///C:/Users/Cristian/Documents/trabajo/arc/labs/.worktrees/QC-111-procesamiento-de-pdf-en-cola/node_modules/.pnpm/@vitest+runner@4.1.10/node_modules/@vitest/runner/dist/chunk-artifact.js:1903:26
    at file:///C:/Users/Cristian/Documents/trabajo/arc/labs/.worktrees/QC-111-procesamiento-de-pdf-en-cola/node_modules/.pnpm/@vitest+runner@4.1.10/node_modules/@vitest/runner/dist/chunk-artifact.js:2326:20
    at new Promise (<anonymous>)
    at runWithCancel (file:///C:/Users/Cristian/Documents/trabajo/arc/labs/.worktrees/QC-111-procesamiento-de-pdf-en-cola/node_modules/.pnpm/@vitest+runner@4.1.10/node_modules/@vitest/runner/dist/chunk-artifact.js:2323:10)
    at file:///C:/Users/Cristian/Documents/trabajo/arc/labs/.worktrees/QC-111-procesamiento-de-pdf-en-cola/node_modules/.pnpm/@vitest+runner@4.1.10/node_modules/@vitest/runner/dist/chunk-artifact.js:2305:20
    at new Promise (<anonymous>)
    at runWithTimeout (file:///C:/Users/Cristian/Documents/trabajo/arc/labs/.worktrees/QC-111-procesamiento-de-pdf-en-cola/node_modules/.pnpm/@vitest+runner@4.1.10/node_modules/@vitest/runner/dist/chunk-artifact.js:2272:10)
    at file:///C:/Users/Cristian/Documents/trabajo/arc/labs/.worktrees/QC-111-procesamiento-de-pdf-en-cola/node_modules/.pnpm/@vitest+runner@4.1.10/node_modules/@vitest/runner/dist/chunk-artifact.js:2955:64

stderr | tests/unit/pedidos/order-actions.test.ts > Server Actions de pedidos — actor, forma de entrada y errores > lo que no es un error de dominio se devuelve como unexpected, sin una brizna del detalle
[error] requestId=7c9e6679-7425-40de-944b-e07fc1f90ae7 origen=borde code=unexpected error=Error: la conexion con la base se cayo
Error: la conexion con la base se cayo
    at C:/Users/Cristian/Documents/trabajo/arc/labs/.worktrees/QC-111-procesamiento-de-pdf-en-cola/tests/unit/pedidos/order-actions.test.ts:472:19
    at file:///C:/Users/Cristian/Documents/trabajo/arc/labs/.worktrees/QC-111-procesamiento-de-pdf-en-cola/node_modules/.pnpm/@vitest+runner@4.1.10/node_modules/@vitest/runner/dist/chunk-artifact.js:302:11
    at file:///C:/Users/Cristian/Documents/trabajo/arc/labs/.worktrees/QC-111-procesamiento-de-pdf-en-cola/node_modules/.pnpm/@vitest+runner@4.1.10/node_modules/@vitest/runner/dist/chunk-artifact.js:1903:26
    at file:///C:/Users/Cristian/Documents/trabajo/arc/labs/.worktrees/QC-111-procesamiento-de-pdf-en-cola/node_modules/.pnpm/@vitest+runner@4.1.10/node_modules/@vitest/runner/dist/chunk-artifact.js:2326:20
    at new Promise (<anonymous>)
    at runWithCancel (file:///C:/Users/Cristian/Documents/trabajo/arc/labs/.worktrees/QC-111-procesamiento-de-pdf-en-cola/node_modules/.pnpm/@vitest+runner@4.1.10/node_modules/@vitest/runner/dist/chunk-artifact.js:2323:10)
    at file:///C:/Users/Cristian/Documents/trabajo/arc/labs/.worktrees/QC-111-procesamiento-de-pdf-en-cola/node_modules/.pnpm/@vitest+runner@4.1.10/node_modules/@vitest/runner/dist/chunk-artifact.js:2305:20
    at new Promise (<anonymous>)
    at runWithTimeout (file:///C:/Users/Cristian/Documents/trabajo/arc/labs/.worktrees/QC-111-procesamiento-de-pdf-en-cola/node_modules/.pnpm/@vitest+runner@4.1.10/node_modules/@vitest/runner/dist/chunk-artifact.js:2272:10)
    at file:///C:/Users/Cristian/Documents/trabajo/arc/labs/.worktrees/QC-111-procesamiento-de-pdf-en-cola/node_modules/.pnpm/@vitest+runner@4.1.10/node_modules/@vitest/runner/dist/chunk-artifact.js:2955:64

stderr | tests/unit/pedidos/order-actions.test.ts > QC-60 R17 — sin las dos caras de la sesion no hay actor ni consulta > CADENA REAL sin contexto de sesion: las seis devuelven unauthorized y NINGUN puerto se toca
[error] requestId=7c9e6679-7425-40de-944b-e07fc1f90ae7 origen=borde code=unexpected error=Error: el puerto findAliveById no debe llamarse sin contexto de sesion
Error: el puerto findAliveById no debe llamarse sin contexto de sesion
    at Object.<anonymous> (C:/Users/Cristian/Documents/trabajo/arc/labs/.worktrees/QC-111-procesamiento-de-pdf-en-cola/tests/unit/pedidos/order-actions.test.ts:627:15)
    at Object.Mock [as findAliveById] (file:///C:/Users/Cristian/Documents/trabajo/arc/labs/.worktrees/QC-111-procesamiento-de-pdf-en-cola/node_modules/.pnpm/@vitest+spy@4.1.10/node_modules/@vitest/spy/dist/index.js:332:34)
    at Object.getOrder (C:/Users/Cristian/Documents/trabajo/arc/labs/.worktrees/QC-111-procesamiento-de-pdf-en-cola/lib/modules/pedidos/domain/get-order.ts:81:35)
    at Object.Mock [as getOrder] (file:///C:/Users/Cristian/Documents/trabajo/arc/labs/.worktrees/QC-111-procesamiento-de-pdf-en-cola/node_modules/.pnpm/@vitest+spy@4.1.10/node_modules/@vitest/spy/dist/index.js:332:34)
    at Module.getOrderAction (C:/Users/Cristian/Documents/trabajo/arc/labs/.worktrees/QC-111-procesamiento-de-pdf-en-cola/lib/modules/pedidos/adapters/driving/order-actions.ts:264:32)
    at processTicksAndRejections (node:internal/process/task_queues:105:5)
    at C:/Users/Cristian/Documents/trabajo/arc/labs/.worktrees/QC-111-procesamiento-de-pdf-en-cola/tests/unit/pedidos/order-actions.test.ts:671:25
    at file:///C:/Users/Cristian/Documents/trabajo/arc/labs/.worktrees/QC-111-procesamiento-de-pdf-en-cola/node_modules/.pnpm/@vitest+runner@4.1.10/node_modules/@vitest/runner/dist/chunk-artifact.js:1903:20

 ✓ |node| tests/unit/pedidos/order-actions.test.ts (11 tests) 163ms
stderr | tests/unit/unidades/unit-actions.test.ts > listUnitsAction > la action traduce el error de dominio a estado serializable sin relanzar, con el mensaje del catalogo
{ code: 'unauthorized', diagnostic: 'sin permiso' }

 ✓ |node| tests/unit/unidades/unit-actions.test.ts (47 tests) 142ms
 ✓ |node| tests/unit/identity/grupos/work-group-service.test.ts (21 tests) 98ms
 ✓ |node| tests/unit/pedidos/scope.test.ts (10 tests) 112ms
 ✓ |node| tests/unit/identity/sesiones/session-actions.test.ts (15 tests) 115ms
 ✓ |node| tests/unit/inventario/company-isolation-service.test.ts (18 tests) 109ms
 ✓ |node| tests/unit/identity/session-token.test.ts (48 tests) 132ms
 ✓ |node| tests/unit/pedidos/authorization.test.ts (65 tests) 122ms
 ✓ |node| tests/unit/proveedores/scope.test.ts (7 tests) 85ms
 ✓ |node| tests/unit/unidades/schema/unidades-migration.test.ts (36 tests) 109ms
 ✓ |node| tests/unit/inventario/presentation-actions.test.ts (26 tests) 111ms
 ✓ |node| tests/unit/proveedores/schema/suppliers-company-scope-migration.test.ts (15 tests) 90ms
 ✓ |node| tests/unit/identity/seed/seed-initial-access.test.ts (20 tests) 77ms
 ✓ |node| tests/unit/identity/credencial/credential-setup-actions.test.ts (28 tests) 115ms
 ✓ |node| tests/unit/pedidos/schema/pedidos-migration.test.ts (39 tests) 88ms
 ✓ |node| tests/unit/asignaciones/assign-responsibles.test.ts (32 tests) 102ms
 ✓ |node| tests/unit/inventario/schema/inventory-company-scope-migration.test.ts (17 tests) 125ms
 ✓ |node| tests/unit/recetas/company-isolation-service.test.ts (28 tests) 93ms
 ✓ |node| tests/unit/identity/usuarios/user-service.test.ts (28 tests) 133ms
 ✓ |node| tests/unit/pedidos/schema/orders-company-scope-migration.test.ts (19 tests) 93ms
 ✓ |node| tests/unit/identity/schema/work-groups-migration.test.ts (33 tests) 79ms
 ✓ |node| tests/unit/identity/login-action.test.ts (20 tests) 103ms
 ✓ |node| tests/unit/asignaciones/schema/order-assignments-migration.test.ts (44 tests) 113ms
 ✓ |node| tests/unit/proveedores-ui/catalog-route-contract.test.ts (11 tests) 87ms
stderr | tests/unit/inventario/batch-actions.test.ts > adjustBatchStockAction > traduce batch_not_found con el texto del catalogo y sin el diagnostico
{
  code: 'batch_not_found',
  diagnostic: 'company-a: lote 11111111-1111-4111-8111-111111111111'
}

stderr | tests/unit/inventario/batch-actions.test.ts > adjustBatchStockAction > traduce batch_stock_negative con el texto del catalogo y sin el diagnostico
{
  code: 'batch_stock_negative',
  diagnostic: 'lote 11111111-1111-4111-8111-111111111111: -3'
}

stderr | tests/unit/inventario/batch-actions.test.ts > listBatchMovementsAction > traduce batch_not_found con el texto del catalogo y sin el diagnostico
{ code: 'batch_not_found', diagnostic: 'company-a: lote ajeno' }

 ✓ |node| tests/unit/recetas/recipe-service.test.ts (20 tests) 78ms
 ✓ |node| tests/unit/inventario/batch-actions.test.ts (18 tests) 114ms
stderr | tests/unit/proveedores/supplier-actions.test.ts > Server Actions de proveedores — actor, forma de entrada y errores > traduce cada error de dominio a status error con el code estable de la clase, nunca con el texto
{
  code: 'supplier_duplicate_name',
  diagnostic: 'nombre normalizado ya usado por sup-7'
}

stderr | tests/unit/proveedores/supplier-actions.test.ts > Server Actions de proveedores — actor, forma de entrada y errores > traduce cada error de dominio a status error con el code estable de la clase, nunca con el texto
[error] requestId=7c9e6679-7425-40de-944b-e07fc1f90ae7 origen=borde code=unexpected error=Error: connection terminated unexpectedly
Error: connection terminated unexpectedly
    at C:/Users/Cristian/Documents/trabajo/arc/labs/.worktrees/QC-111-procesamiento-de-pdf-en-cola/tests/unit/proveedores/supplier-actions.test.ts:531:19
    at processTicksAndRejections (node:internal/process/task_queues:105:5)
    at file:///C:/Users/Cristian/Documents/trabajo/arc/labs/.worktrees/QC-111-procesamiento-de-pdf-en-cola/node_modules/.pnpm/@vitest+runner@4.1.10/node_modules/@vitest/runner/dist/chunk-artifact.js:1903:20

stderr | tests/unit/proveedores/supplier-actions.test.ts > Server Actions de proveedores — actor, forma de entrada y errores > traduce cada error de dominio a status error con el code estable de la clase, nunca con el texto
[error] requestId=7c9e6679-7425-40de-944b-e07fc1f90ae7 origen=borde code=unexpected error=Error: connection terminated unexpectedly
Error: connection terminated unexpectedly
    at C:/Users/Cristian/Documents/trabajo/arc/labs/.worktrees/QC-111-procesamiento-de-pdf-en-cola/tests/unit/proveedores/supplier-actions.test.ts:531:19
    at processTicksAndRejections (node:internal/process/task_queues:105:5)
    at file:///C:/Users/Cristian/Documents/trabajo/arc/labs/.worktrees/QC-111-procesamiento-de-pdf-en-cola/node_modules/.pnpm/@vitest+runner@4.1.10/node_modules/@vitest/runner/dist/chunk-artifact.js:1903:20

 ✓ |node| tests/unit/proveedores/supplier-actions.test.ts (4 tests) 111ms
 ✓ |node| tests/unit/identity/route-guard-request-id.test.ts (9 tests) 92ms
 ✓ |node| tests/unit/documentos/document-job-route.test.ts (8 tests) 90ms
 ✓ |node| tests/unit/inventario/qc81-alcance.test.ts (17 tests | 5 skipped) 74ms
 ✓ |node| tests/unit/recetas/scope.test.ts (5 tests) 89ms
 ✓ |node| tests/unit/recetas/schema/recetas-migration.test.ts (18 tests) 61ms
 ✓ |node| tests/unit/identity/session-cookie.test.ts (19 tests) 147ms
stderr | tests/unit/recetas/recipe-actions.test.ts > QC-50 R13 — la empresa sale de getSessionContext y nunca de la entrada > las cinco actions piden LAS DOS caras de la sesion y componen el actor con la empresa
[error] requestId=7c9e6679-7425-40de-944b-e07fc1f90ae7 origen=borde code=unexpected error=TypeError: warnings is not iterable
TypeError: warnings is not iterable
    at Module.updateRecipeAction (C:/Users/Cristian/Documents/trabajo/arc/labs/.worktrees/QC-111-procesamiento-de-pdf-en-cola/lib/modules/recetas/adapters/driving/recipe-actions.ts:155:27)
    at processTicksAndRejections (node:internal/process/task_queues:105:5)
    at C:/Users/Cristian/Documents/trabajo/arc/labs/.worktrees/QC-111-procesamiento-de-pdf-en-cola/tests/unit/recetas/recipe-actions.test.ts:284:7
    at file:///C:/Users/Cristian/Documents/trabajo/arc/labs/.worktrees/QC-111-procesamiento-de-pdf-en-cola/node_modules/.pnpm/@vitest+runner@4.1.10/node_modules/@vitest/runner/dist/chunk-artifact.js:1903:20

 ✓ |node| tests/guards/guard-catalogo-de-errores.test.ts (34 tests) 63ms
 ✓ |node| tests/unit/recetas/recipe-actions.test.ts (13 tests) 81ms
 ✓ |node| tests/guards/guard-ambito-empresa-pedidos.test.ts (24 tests) 60ms
stderr | tests/unit/documentos/document-upload-actions.test.ts > documentos — la Server Action de la emision de enlaces > la traduccion es POR EL CODE, nunca por el texto (R29) > R29 — un error ajeno al dominio sale como `unexpected`, con referencia y sin filtrar su texto
[error] requestId=7c9e6679-7425-40de-944b-e07fc1f90ae7 origen=borde code=unexpected error=Error: storage responded 500 for bucket documentos
Error: storage responded 500 for bucket documentos
    at C:/Users/Cristian/Documents/trabajo/arc/labs/.worktrees/QC-111-procesamiento-de-pdf-en-cola/tests/unit/documentos/document-upload-actions.test.ts:315:46
    at file:///C:/Users/Cristian/Documents/trabajo/arc/labs/.worktrees/QC-111-procesamiento-de-pdf-en-cola/node_modules/.pnpm/@vitest+runner@4.1.10/node_modules/@vitest/runner/dist/chunk-artifact.js:302:11
    at file:///C:/Users/Cristian/Documents/trabajo/arc/labs/.worktrees/QC-111-procesamiento-de-pdf-en-cola/node_modules/.pnpm/@vitest+runner@4.1.10/node_modules/@vitest/runner/dist/chunk-artifact.js:1903:26
    at file:///C:/Users/Cristian/Documents/trabajo/arc/labs/.worktrees/QC-111-procesamiento-de-pdf-en-cola/node_modules/.pnpm/@vitest+runner@4.1.10/node_modules/@vitest/runner/dist/chunk-artifact.js:2326:20
    at new Promise (<anonymous>)
    at runWithCancel (file:///C:/Users/Cristian/Documents/trabajo/arc/labs/.worktrees/QC-111-procesamiento-de-pdf-en-cola/node_modules/.pnpm/@vitest+runner@4.1.10/node_modules/@vitest/runner/dist/chunk-artifact.js:2323:10)
    at file:///C:/Users/Cristian/Documents/trabajo/arc/labs/.worktrees/QC-111-procesamiento-de-pdf-en-cola/node_modules/.pnpm/@vitest+runner@4.1.10/node_modules/@vitest/runner/dist/chunk-artifact.js:2305:20
    at new Promise (<anonymous>)
    at runWithTimeout (file:///C:/Users/Cristian/Documents/trabajo/arc/labs/.worktrees/QC-111-procesamiento-de-pdf-en-cola/node_modules/.pnpm/@vitest+runner@4.1.10/node_modules/@vitest/runner/dist/chunk-artifact.js:2272:10)
    at file:///C:/Users/Cristian/Documents/trabajo/arc/labs/.worktrees/QC-111-procesamiento-de-pdf-en-cola/node_modules/.pnpm/@vitest+runner@4.1.10/node_modules/@vitest/runner/dist/chunk-artifact.js:2955:64

 ✓ |node| tests/unit/documentos/document-upload-actions.test.ts (23 tests) 76ms
 ✓ |node| tests/unit/identity/credencial/resend-link.test.ts (16 tests) 44ms
 ✓ |node| tests/unit/inventario/product-batch-input.test.ts (29 tests) 49ms
 ✓ |node| tests/unit/pedidos/company-isolation-service.test.ts (24 tests) 72ms
 ✓ |node| tests/unit/documentos/ai-config.test.ts (13 tests) 65ms
 ✓ |node| tests/unit/inventario/schema/presentation-unit-migration.test.ts (11 tests) 51ms
 ✓ |node| tests/guards/guard-ambito-empresa-recetas.test.ts (25 tests) 70ms
 ✓ |node| tests/unit/inventario/schema/inventario-migration.test.ts (16 tests) 43ms
 ✓ |node| tests/unit/identity/schema/session-revocation-migration.test.ts (30 tests) 84ms
 ✓ |node| tests/unit/unidades/update-unit.test.ts (27 tests) 68ms
 ✓ |node| tests/unit/identity/credencial/mail-config.test.ts (15 tests) 52ms
 ✓ |node| tests/unit/documentos/ai-limits.test.ts (3 tests) 96ms
 ✓ |node| tests/unit/identity/usuarios/user-input.test.ts (15 tests) 58ms
 ✓ |node| tests/guards/guard-pantallas-exigen-permiso.test.ts (9 tests) 68ms
 ✓ |node| tests/unit/identity/route-access.test.ts (62 tests) 44ms
 ✓ |node| tests/unit/identity/credencial/create-user-credential.test.ts (21 tests) 65ms
 ✓ |node| tests/unit/shared/request-scope.test.ts (12 tests) 42ms
 ✓ |node| tests/guards/guard-e2e-landing.test.ts (16 tests) 79ms
 ✓ |node| tests/unit/documentos/queue-signature-qstash.test.ts (6 tests) 47ms
 ✓ |node| tests/unit/identity/schema/companies-migration.test.ts (21 tests) 53ms
 ✓ |node| tests/guards/guard-qc87-no-reimplementado.test.ts (12 tests) 67ms
 ✓ |node| tests/unit/pedidos/list-orders.test.ts (28 tests) 71ms
 ✓ |node| tests/unit/identity/credencial/secret-factory.test.ts (11 tests) 71ms
 ✓ |node| tests/unit/recetas/schema/recipes-company-scope-migration.test.ts (15 tests) 68ms
 ✓ |node| tests/unit/documentos/issue-upload-links.test.ts (18 tests) 58ms
 ✓ |node| tests/unit/asignaciones/authorization.test.ts (25 tests) 59ms
 ✓ |node| tests/unit/identity/schema/identity-migration.test.ts (19 tests) 43ms
 ✓ |node| tests/unit/pedidos/schema/pedidos-schema.test.ts (24 tests) 66ms
 ✓ |node| tests/guards/guard-ambito-empresa-inventario.test.ts (24 tests) 60ms
 ✓ |node| tests/unit/identity/grupos/errors.test.ts (38 tests) 26ms
 ✓ |node| tests/unit/asignaciones/order-execution-actions.test.ts (3 tests) 60ms
 ✓ |node| tests/unit/errores/catalogo.test.ts (27 tests) 52ms
 ✓ |node| tests/unit/inventario/scope.test.ts (4 tests) 54ms
 ✓ |node| tests/unit/inventario/list-use-cases.test.ts (20 tests) 57ms
 ✓ |node| tests/unit/identity/credencial/set-credential-with-link.test.ts (16 tests) 55ms
 ✓ |node| tests/unit/pedidos/order-service.test.ts (23 tests) 55ms
 ✓ |node| tests/unit/unidades/create-unit.test.ts (26 tests) 59ms
 ✓ |node| tests/unit/identity/schema/credential-setup-migration.test.ts (28 tests) 72ms
 ✓ |node| tests/unit/proveedores/list-use-cases.test.ts (22 tests) 76ms
 ✓ |node| tests/unit/inventario/schema/inventario-audit-migration.test.ts (14 tests) 43ms
 ✓ |node| tests/unit/proveedores/supplier-service.test.ts (10 tests) 49ms
 ✓ |node| tests/unit/identity/roles/role-actions.test.ts (10 tests) 43ms
 ✓ |node| tests/unit/identity/password-max-length.test.ts (4 tests) 58ms
 ✓ |node| tests/guards/guard-rls-force.test.ts (4 tests) 74ms
 ✓ |node| tests/unit/asignaciones/list-responsibles-for-orders.test.ts (30 tests) 59ms
 ✓ |node| tests/unit/recetas/list-recipes.test.ts (14 tests) 45ms
 ✓ |node| tests/unit/observabilidad/error-state.test.ts (13 tests) 63ms
 ✓ |node| tests/unit/proveedores/catalog-service.test.ts (11 tests) 50ms
 ✓ |node| tests/unit/asignaciones/list-order-responsibles.test.ts (26 tests) 51ms
 ✓ |node| tests/unit/asignaciones/unassign-responsible.test.ts (22 tests) 52ms
 ✓ |node| tests/guards/guard-motivos-de-ajuste.test.ts (15 tests) 47ms
 ✓ |node| tests/unit/recetas/recipe-input.test.ts (19 tests) 47ms
 ✓ |node| tests/unit/recetas/schema/recetas-schema.test.ts (19 tests) 68ms
 ✓ |node| tests/unit/pedidos/order-input.test.ts (18 tests) 45ms
 ✓ |node| tests/unit/inventario/schema/product-batch-lot-migration.test.ts (12 tests) 48ms
 ✓ |node| tests/unit/identity/credencial/credential-setup-link-prisma.test.ts (15 tests) 40ms
 ✓ |node| tests/unit/asignaciones/remove-work-group-from-order.test.ts (19 tests) 52ms
 ✓ |node| tests/unit/identity/grupos/members-filter.test.ts (8 tests) 38ms
 ✓ |node| tests/unit/recetas/recipe-catalog.test.ts (27 tests) 40ms
 ✓ |node| tests/unit/inventario/qc91-alcance.test.ts (27 tests) 61ms
 ✓ |node| tests/guards/guard-empresa-en-esquema.test.ts (15 tests) 29ms
 ✓ |node| tests/unit/documentos/processing-queue-qstash.test.ts (3 tests) 42ms
 ✓ |node| tests/unit/asignaciones/list-assigned-orders.test.ts (14 tests) 57ms
 ✓ |node| tests/unit/recetas/recipe-image-lifecycle.test.ts (7 tests) 34ms
 ✓ |node| tests/unit/inventario/adjust-batch-stock.test.ts (28 tests) 46ms
 ✓ |node| tests/unit/unidades/list-units-query.test.ts (19 tests) 48ms
 ✓ |node| tests/unit/inventario/product-service.test.ts (12 tests) 44ms
 ✓ |node| tests/guards/guard-rutas-privadas-cubiertas.test.ts (7 tests) 42ms
 ✓ |node| tests/unit/documentos/authorization.test.ts (21 tests) 45ms
 ✓ |node| tests/unit/unidades/unit-write-permissions.test.ts (20 tests) 36ms
 ✓ |node| tests/unit/identity/end-other-sessions.test.ts (11 tests) 35ms
 ✓ |node| tests/unit/shared/migracion-listas-alcance.test.ts (4 tests) 39ms
 ✓ |node| tests/unit/proveedores/schema/proveedores-schema.test.ts (21 tests) 49ms
 ✓ |node| tests/unit/inventario/presentation-service.test.ts (17 tests) 47ms
 ✓ |node| tests/unit/documentos/read-pdf-with-ai.test.ts (12 tests) 35ms
 ✓ |node| tests/guards/guard-aislamiento-integracion.test.ts (6 tests) 33ms
 ✓ |node| tests/unit/unidades/schema/unidades-schema.test.ts (14 tests) 43ms
 ✓ |node| tests/unit/identity/end-all-sessions.test.ts (21 tests) 33ms
 ✓ |node| tests/guards/guard-envio-de-correo.test.ts (5 tests) 39ms
 ✓ |node| tests/unit/inventario/product-input.test.ts (9 tests) 34ms
 ✓ |node| tests/unit/proveedores/catalog-line-image-scope.test.ts (7 tests) 42ms
 ✓ |node| tests/unit/recetas/recipe-step-document.test.ts (16 tests) 39ms
 ✓ |node| tests/unit/inventario/schema/list-query-indexes-migration.test.ts (21 tests) 82ms
 ✓ |node| tests/unit/identity/end-session.test.ts (7 tests) 24ms
 ✓ |node| tests/unit/unidades/list-units-action.test.ts (7 tests) 36ms
 ✓ |node| tests/unit/inventario/product-batch-lot-retry.test.ts (20 tests) 36ms
 ✓ |node| tests/unit/documentos/document-storage-remove.test.ts (3 tests) 49ms
 ✓ |node| tests/unit/identity/resolve-session.test.ts (33 tests) 36ms
 ✓ |node| tests/unit/identity/permissions.test.ts (17 tests) 32ms
 ✓ |node| tests/unit/proveedores/catalog-line-input.test.ts (8 tests) 39ms
 ✓ |node| tests/unit/asignaciones/order-state.test.ts (12 tests) 42ms
 ✓ |node| tests/unit/identity/grupos/work-group-input.test.ts (46 tests) 40ms
 ✓ |node| tests/unit/inventario/list-query.test.ts (23 tests) 50ms
 ✓ |node| tests/unit/pedidos/company-scope.test.ts (9 tests) 32ms
 ✓ |node| tests/unit/asignaciones/finish-assigned-order.test.ts (12 tests) 43ms
 ✓ |node| tests/unit/asignaciones/start-assigned-order.test.ts (9 tests) 35ms
 ✓ |node| tests/guards/guard-pantalla-pedidos-se-amplia.test.ts (10 tests | 2 skipped) 41ms
 ✓ |node| tests/unit/documentos/process-pdf-by-strategy.test.ts (16 tests) 42ms
 ✓ |node| tests/unit/identity/schema/identity-schema.test.ts (28 tests) 40ms
 ✓ |node| tests/unit/identity/usuarios/admin-guards.test.ts (9 tests) 38ms
 ✓ |node| tests/unit/documentos/ai-read-input.test.ts (9 tests) 21ms
 ✓ |node| tests/unit/unidades/unit-input.test.ts (15 tests) 38ms
 ✓ |node| tests/unit/proveedores/supplier-input.test.ts (7 tests) 39ms
 ✓ |node| tests/unit/pedidos/cancel-order.test.ts (9 tests) 35ms
 ✓ |node| tests/unit/documentos/read-document.test.ts (16 tests) 41ms
 ✓ |node| tests/unit/recetas-ui/recipe-form-payload.test.ts (16 tests) 33ms
 ✓ |node| tests/unit/identity/usuarios/errors.test.ts (32 tests) 34ms
 ✓ |node| tests/unit/identity/schema/account-status-schema.test.ts (11 tests) 36ms
 ✓ |node| tests/unit/identity/session-id-factory.test.ts (6 tests) 44ms
 ✓ |node| tests/unit/asignaciones/get-assigned-order-execution.test.ts (9 tests) 35ms
 ✓ |node| tests/unit/pedidos/delete-order.test.ts (6 tests) 19ms
 ✓ |node| tests/unit/identity/session-claims.test.ts (19 tests) 38ms
 ✓ |node| tests/unit/proveedores/company-scope.test.ts (10 tests) 41ms
 ✓ |node| tests/unit/asignaciones/order-assignment-repository.test.ts (14 tests) 32ms
 ✓ |node| tests/unit/asignaciones/assignment-input.test.ts (15 tests) 39ms
 ✓ |node| tests/unit/identity/seed/deploy-hook.test.ts (11 tests) 22ms
 ✓ |node| tests/unit/identity/grupos/members-pagination.test.ts (6 tests) 32ms
 ✓ |node| tests/guards/guard-lote-sin-join.test.ts (7 tests) 23ms
 ✓ |node| tests/unit/identity/credential-policy.test.ts (19 tests) 31ms
 ✓ |node| tests/unit/identity/grupos/add-member-errors.test.ts (6 tests) 40ms
 ✓ |node| tests/unit/documentos/document-batch-repository-prisma.test.ts (10 tests) 34ms
 ✓ |node| tests/unit/documentos/convert-pdf.test.ts (12 tests) 30ms
 ✓ |node| tests/unit/inventario/adjust-batch-stock-prisma.test.ts (8 tests) 34ms
 ✓ |node| tests/unit/identity/schema/account-status-migration.test.ts (12 tests) 34ms
 ✓ |node| tests/unit/recetas/recipe-lines-catalog.test.ts (5 tests) 41ms
 ✓ |node| tests/unit/documentos/ai-timeout.test.ts (5 tests) 26ms
 ✓ |node| tests/unit/errores/to-error-state.test.ts (9 tests) 28ms
 ✓ |node| tests/unit/proveedores-ui/supplier-route-contract.test.ts (5 tests) 30ms
 ✓ |node| tests/unit/identity/credencial/mailer-resend.test.ts (9 tests) 34ms
 ✓ |node| tests/unit/test-database/barrido-veredictos.test.ts (16 tests) 32ms
 ✓ |node| tests/unit/identity/schema/user-permissions-migration.test.ts (11 tests) 27ms
 ✓ |node| tests/unit/documentos/run-document-job.test.ts (8 tests) 28ms
 ✓ |node| tests/unit/documentos/enqueue-batch.test.ts (8 tests) 38ms
 ✓ |node| tests/unit/identity/usuarios/set-user-account-status-lock.test.ts (5 tests) 25ms
 ✓ |node| tests/unit/pedidos-ui/order-route-contract.test.ts (22 tests) 29ms
 ✓ |node| tests/unit/unidades/unit-catalog.test.ts (13 tests) 25ms
 ✓ |node| tests/unit/pedidos/update-order.test.ts (4 tests) 23ms
 ✓ |node| tests/unit/configuracion-ui/presentation-list-params.test.ts (15 tests) 35ms
 ✓ |node| tests/unit/unidades/list-units.test.ts (10 tests) 27ms
 ✓ |node| tests/unit/documentos/processing-config-env.test.ts (6 tests) 29ms
 ✓ |node| tests/unit/configuracion-ui/grupos/work-group-list-params.test.ts (46 tests) 38ms
 ✓ |node| tests/unit/recetas-ui/recipe-step-document.test.ts (13 tests) 26ms
 ✓ |node| tests/unit/identity/require-permission.test.ts (17 tests) 18ms
 ✓ |node| tests/unit/pedidos/create-order.test.ts (3 tests) 21ms
 ✓ |node| tests/unit/pedidos/order-catalog.test.ts (14 tests) 26ms
 ✓ |node| tests/unit/identity/usuarios/set-user-account-status-cleared-lock-state.test.ts (5 tests) 47ms
 ✓ |node| tests/unit/shared/data-table-params.test.ts (14 tests) 26ms
 ✓ |node| tests/unit/identity/require-any-permission.test.ts (36 tests) 28ms
 ✓ |node| tests/unit/dashboard-route-contract.test.ts (10 tests) 24ms
 ✓ |node| tests/unit/identity/effective-account-status.test.ts (26 tests) 27ms
 ✓ |node| tests/unit/configuracion-ui/user-list-params.test.ts (51 tests) 33ms
 ✓ |node| tests/unit/identity/require-page-permission.test.ts (6 tests) 20ms
 ✓ |node| tests/unit/navegacion/qc75-convenciones.test.ts (21 tests | 3 skipped) 26ms
 ✓ |node| tests/unit/documentos/upload-input.test.ts (11 tests) 36ms
 ✓ |node| tests/unit/inventario/batch-movement-prisma.test.ts (5 tests) 25ms
 ✓ |node| tests/unit/unidades/unit-prisma-where.test.ts (11 tests) 25ms
 ✓ |node| tests/unit/asignaciones-ui/assigned-orders-route-contract.test.ts (12 tests) 22ms
 ✓ |node| tests/unit/recetas/recipe-step-contract.test.ts (5 tests) 25ms
 ✓ |node| tests/unit/identity/usuarios/user-admin-prisma-lock-state.test.ts (5 tests) 24ms
 ✓ |node| tests/unit/recetas/recipe-prisma-steps.test.ts (5 tests) 25ms
 ✓ |node| tests/unit/unidades/domain/convert-quantity.test.ts (22 tests) 27ms
 ✓ |node| tests/unit/recetas/storage-config.test.ts (5 tests) 23ms
 ✓ |node| tests/unit/configuracion-ui/unit-list-params.test.ts (15 tests) 35ms
 ✓ |node| tests/unit/recetas/company-scope.test.ts (4 tests) 28ms
 ✓ |node| tests/unit/configuracion-ui/private-nav-configuracion.test.ts (8 tests) 18ms
 ✓ |node| tests/unit/pedidos/order-transitions.test.ts (21 tests) 22ms
 ✓ |node| tests/unit/inventario/presentation-input.test.ts (7 tests) 22ms
 ✓ |node| tests/unit/inventario/company-scope.test.ts (9 tests) 23ms
 ✓ |node| tests/unit/inventario/product-prisma.test.ts (14 tests) 21ms
 ✓ |node| tests/unit/documentos/enqueue-input.test.ts (7 tests) 20ms
 ✓ |node| tests/guards/guard-doc-permisos.test.ts (6 tests) 18ms
 ✓ |node| tests/unit/recetas/schema/recipes-search-index-migration.test.ts (4 tests) 14ms
 ✓ |node| tests/unit/identity/session-revocation.test.ts (18 tests) 22ms
 ✓ |node| tests/unit/unidades/delete-unit.test.ts (6 tests) 21ms
 ✓ |node| tests/unit/recetas/schema/recipe-steps-reset-migration.test.ts (7 tests) 18ms
 ✓ |node| tests/unit/asignaciones-ui/assigned-orders-list-params.test.ts (10 tests) 23ms
 ✓ |node| tests/guards/guard-modelos-de-agentes.test.ts (13 tests) 25ms
 ✓ |node| tests/unit/identity/roles/list-roles-authorization.test.ts (9 tests) 27ms
 ✓ |node| tests/unit/configuracion-ui/private-nav-usuarios.test.ts (13 tests) 22ms
 ✓ |node| tests/unit/navegacion/nav-filtrado.test.ts (18 tests) 22ms
 ✓ |node| tests/guards/guard-primitivas-ui-usan-el-cn-del-repo.test.ts (3 tests) 21ms
 ✓ |node| tests/unit/theme/color-tokens.test.ts (7 tests) 20ms
 ✓ |node| tests/unit/documentos/get-batch-status.test.ts (6 tests) 25ms
 ✓ |node| tests/unit/pedidos-ui/order-list-params.test.ts (18 tests) 29ms
 ✓ |node| tests/unit/test-database/aviso-base-atrasada.test.ts (9 tests) 21ms
 ✓ |node| tests/unit/recetas/recipe-image-url.test.ts (3 tests) 23ms
 ✓ |node| tests/unit/configuracion-ui/private-nav-unidades.test.ts (10 tests) 22ms
 ✓ |node| tests/unit/e2e-helpers/landing.test.ts (8 tests) 20ms
 ✓ |node| tests/unit/proveedores-ui/supplier-list-params.test.ts (38 tests) 26ms
 ✓ |node| tests/unit/observabilidad/request-id.test.ts (7 tests) 20ms
 ✓ |node| tests/unit/identity/logout-action.test.ts (4 tests) 20ms
 ✓ |node| tests/unit/recetas-ui/recipe-list-params.test.ts (37 tests) 26ms
 ✓ |node| tests/unit/identity/roles/list-roles.test.ts (7 tests) 22ms
 ✓ |node| tests/unit/inventario/schema/inventario-split-migration.test.ts (8 tests) 21ms
 ✓ |node| tests/unit/documentos/qc106-alcance.test.ts (14 tests | 8 skipped) 19ms
 ✓ |node| tests/unit/unidades/unit-view-projection.test.ts (8 tests) 19ms
 ✓ |node| tests/unit/documentos/qc108-alcance.test.ts (13 tests | 8 skipped) 20ms
 ✓ |node| tests/unit/inventario/product-name.test.ts (10 tests) 19ms
 ✓ |node| tests/unit/observabilidad/error-state-types.test.ts (9 tests) 19ms
 ✓ |node| tests/unit/proveedores-ui/catalog-list-params.test.ts (11 tests) 21ms
 ✓ |node| tests/unit/identity/resolve-session-user.test.ts (9 tests) 21ms
 ✓ |node| tests/unit/inventario/product-catalog.test.ts (8 tests) 21ms
 ✓ |node| tests/unit/identity/seed/initial-access-credentials-env.test.ts (6 tests) 20ms
 ✓ |node| tests/unit/identity/schema/seed-migration.test.ts (9 tests) 31ms
 ✓ |node| tests/unit/pedidos/order-view.test.ts (11 tests) 18ms
 ✓ |node| tests/unit/identity/work-group-name.test.ts (8 tests) 21ms
 ✓ |node| tests/unit/identity/session-count-artifact.test.ts (9 tests) 17ms
 ✓ |node| tests/unit/inventario/presentation-prisma.test.ts (15 tests) 20ms
 ✓ |node| tests/unit/theme/theme-state.test.ts (5 tests) 13ms
 ✓ |node| tests/unit/inventario/product-cost-amount.test.ts (14 tests) 17ms
 ✓ |node| tests/unit/inventario/product-list-params.test.ts (14 tests) 21ms
 ✓ |node| tests/unit/composition/asignaciones-facade.test.ts (8 tests) 21ms
 ✓ |node| tests/unit/identity/return-path.test.ts (28 tests) 22ms
 ✓ |node| tests/unit/proveedores/domain/supplier-name.test.ts (6 tests) 17ms
 ✓ |node| tests/unit/unidades/domain/unit-name.test.ts (8 tests) 17ms
 ✓ |node| tests/unit/inventario/module-contract.test.ts (5 tests) 18ms
 ✓ |node| tests/guards/guard-permisos-sembrados.test.ts (9 tests) 14ms
 ✓ |node| tests/unit/recetas-ui/unit-group.test.ts (17 tests) 20ms
 ✓ |node| tests/unit/identity/company-name.test.ts (8 tests) 16ms
 ✓ |node| tests/unit/identity/credencial/link-lifetime.test.ts (12 tests) 16ms
 ✓ |node| tests/guards/guard-password-hash-module.test.ts (4 tests) 12ms
 ✓ |node| tests/unit/shared-ui/decimal-display.test.ts (12 tests) 15ms
 ✓ |node| tests/unit/test-database/guardian-r12.test.ts (8 tests) 12ms
 ✓ |node| tests/unit/configuracion-ui/grupos/usuarios-tabs.test.ts (11 tests) 22ms
 ✓ |node| tests/unit/configuracion-ui/user-labels.test.ts (15 tests) 23ms
 ✓ |node| tests/unit/shared/listas-blancas-listados.test.ts (5 tests) 12ms
 ✓ |node| tests/unit/identity/account-lock.test.ts (5 tests) 13ms
 ✓ |node| tests/unit/pedidos-ui/private-nav-pedidos.test.ts (4 tests) 16ms
 ✓ |node| tests/unit/pedidos/domain/order-number.test.ts (4 tests) 15ms
 ✓ |node| tests/guards/guard-qc102-limites-de-la-ficha.test.ts (6 tests | 3 skipped) 16ms
 ✓ |node| tests/unit/recetas/domain/recipe-name.test.ts (6 tests) 14ms
 ✓ |node| tests/unit/recetas/recipe-image.test.ts (9 tests) 13ms
 ✓ |node| tests/guards/guard-nav-permisos-declarados.test.ts (7 tests) 14ms
 ✓ |node| tests/unit/proveedores/catalog-line-fk.test.ts (4 tests) 13ms
 ✓ |node| tests/guards/guard-nav-serializable.test.ts (3 tests) 12ms
 ✓ |node| tests/unit/identity/session-ticket.test.ts (4 tests) 13ms
 ✓ |node| tests/guards/guard-dependencias-aprobadas.test.ts (2 tests) 10ms
 ✓ |node| tests/unit/configuracion-ui/permisos-unidades-coherentes.test.ts (6 tests) 10ms
 ✓ |node| tests/unit/inventario/unit-cost.test.ts (7 tests) 12ms
 ✓ |node| tests/unit/middleware-root-contract.test.ts (6 tests) 13ms
 ✓ |node| tests/unit/recetas/recipe-image-scope.test.ts (4 tests) 13ms
 ✓ |node| tests/unit/pedidos-ui/permiso-ruta-pedidos.test.ts (6 tests) 13ms
 ✓ |node| tests/unit/unidades/errors.test.ts (2 tests) 13ms
 ✓ |node| tests/unit/pedidos/order-prisma-errors.test.ts (7 tests) 11ms
 ✓ |node| tests/unit/identity/display-name.test.ts (5 tests) 9ms
 ✓ |node| tests/unit/configuracion-ui/unit-equivalence.test.ts (19 tests) 19ms
 ✓ |node| tests/unit/proveedores-ui/catalog-directories.test.ts (7 tests) 22ms
 ✓ |node| tests/unit/inventario/presentation-name.test.ts (6 tests) 10ms
 ✓ |node| tests/unit/initials.test.ts (8 tests) 11ms
 ✓ |node| tests/unit/identity/session-check-log.test.ts (4 tests) 11ms
 ✓ |node| tests/unit/shared/list-query-log.test.ts (3 tests) 11ms
 ✓ |node| tests/unit/pagination.test.ts (4 tests) 11ms
 ✓ |node| tests/unit/documentos/ai-errors.test.ts (3 tests) 10ms
 ✓ |node| tests/unit/inventario/product-stock.test.ts (4 tests) 10ms
 ✓ |node| tests/unit/theme/sin-dependencias-nuevas.test.ts (1 test) 10ms
 ✓ |node| tests/unit/documentos/failure-kind.test.ts (6 tests) 10ms
 ✓ |node| tests/unit/pedidos-ui/order-decimal.test.ts (13 tests) 14ms
 ✓ |node| tests/unit/identity/breached-credential-list.test.ts (3 tests) 9ms
 ✓ |node| tests/unit/unidades/unit-write-port.test.ts (2 tests) 8ms
 ✓ |node| tests/unit/theme/ui-primitivas-intactas.test.ts (1 test) 8ms
 ✓ |node| tests/unit/composition/documentos-facade.test.ts (3 tests) 12ms
stderr | tests/unit/proveedores-ui/supplier-page.test.tsx > pantalla de proveedores — lista sobre la tabla compartida > R8:la busqueda navega con el termino al cumplirse SEARCH_DEBOUNCE_MS, y vaciarla navega sin termino
An update to ForwardRef(LinkComponent) inside a test was not wrapped in act(...).

When testing, code that causes React state updates should be wrapped into act(...):

act(() => {
  /* fire events that update state */
});
/* assert on the output */

This ensures that you're testing the behavior the user would see in the browser. Learn more at https://react.dev/link/wrap-tests-with-act

stderr | tests/unit/proveedores-ui/supplier-page.test.tsx > pantalla de proveedores — lista sobre la tabla compartida > R8:la busqueda navega con el termino al cumplirse SEARCH_DEBOUNCE_MS, y vaciarla navega sin termino
An update to ForwardRef(LinkComponent) inside a test was not wrapped in act(...).

When testing, code that causes React state updates should be wrapped into act(...):

act(() => {
  /* fire events that update state */
});
/* assert on the output */

This ensures that you're testing the behavior the user would see in the browser. Learn more at https://react.dev/link/wrap-tests-with-act

stderr | tests/unit/proveedores-ui/supplier-page.test.tsx > pantalla de proveedores — lista sobre la tabla compartida > R8:la busqueda navega con el termino al cumplirse SEARCH_DEBOUNCE_MS, y vaciarla navega sin termino
An update to ForwardRef(LinkComponent) inside a test was not wrapped in act(...).

When testing, code that causes React state updates should be wrapped into act(...):

act(() => {
  /* fire events that update state */
});
/* assert on the output */

This ensures that you're testing the behavior the user would see in the browser. Learn more at https://react.dev/link/wrap-tests-with-act

stderr | tests/unit/proveedores-ui/supplier-page.test.tsx > pantalla de proveedores — lista sobre la tabla compartida > R8:la busqueda navega con el termino al cumplirse SEARCH_DEBOUNCE_MS, y vaciarla navega sin termino
An update to ForwardRef(LinkComponent) inside a test was not wrapped in act(...).

When testing, code that causes React state updates should be wrapped into act(...):

act(() => {
  /* fire events that update state */
});
/* assert on the output */

This ensures that you're testing the behavior the user would see in the browser. Learn more at https://react.dev/link/wrap-tests-with-act

stderr | tests/unit/proveedores-ui/supplier-page.test.tsx > pantalla de proveedores — lista sobre la tabla compartida > R8:la busqueda navega con el termino al cumplirse SEARCH_DEBOUNCE_MS, y vaciarla navega sin termino
An update to ForwardRef(LinkComponent) inside a test was not wrapped in act(...).

When testing, code that causes React state updates should be wrapped into act(...):

act(() => {
  /* fire events that update state */
});
/* assert on the output */

This ensures that you're testing the behavior the user would see in the browser. Learn more at https://react.dev/link/wrap-tests-with-act

stderr | tests/unit/proveedores-ui/supplier-page.test.tsx > pantalla de proveedores — lista sobre la tabla compartida > R8:la busqueda navega con el termino al cumplirse SEARCH_DEBOUNCE_MS, y vaciarla navega sin termino
An update to ForwardRef(LinkComponent) inside a test was not wrapped in act(...).

When testing, code that causes React state updates should be wrapped into act(...):

act(() => {
  /* fire events that update state */
});
/* assert on the output */

This ensures that you're testing the behavior the user would see in the browser. Learn more at https://react.dev/link/wrap-tests-with-act

stderr | tests/unit/proveedores-ui/supplier-page.test.tsx > pantalla de proveedores — lista sobre la tabla compartida > R8:la busqueda navega con el termino al cumplirse SEARCH_DEBOUNCE_MS, y vaciarla navega sin termino
An update to ForwardRef(LinkComponent) inside a test was not wrapped in act(...).

When testing, code that causes React state updates should be wrapped into act(...):

act(() => {
  /* fire events that update state */
});
/* assert on the output */

This ensures that you're testing the behavior the user would see in the browser. Learn more at https://react.dev/link/wrap-tests-with-act

stderr | tests/unit/proveedores-ui/supplier-page.test.tsx > pantalla de proveedores — lista sobre la tabla compartida > R8:la busqueda navega con el termino al cumplirse SEARCH_DEBOUNCE_MS, y vaciarla navega sin termino
An update to ForwardRef(LinkComponent) inside a test was not wrapped in act(...).

When testing, code that causes React state updates should be wrapped into act(...):

act(() => {
  /* fire events that update state */
});
/* assert on the output */

This ensures that you're testing the behavior the user would see in the browser. Learn more at https://react.dev/link/wrap-tests-with-act

stderr | tests/unit/proveedores-ui/supplier-page.test.tsx > pantalla de proveedores — lista sobre la tabla compartida > R8:la busqueda navega con el termino al cumplirse SEARCH_DEBOUNCE_MS, y vaciarla navega sin termino
An update to ForwardRef(LinkComponent) inside a test was not wrapped in act(...).

When testing, code that causes React state updates should be wrapped into act(...):

act(() => {
  /* fire events that update state */
});
/* assert on the output */

This ensures that you're testing the behavior the user would see in the browser. Learn more at https://react.dev/link/wrap-tests-with-act

stderr | tests/unit/proveedores-ui/supplier-page.test.tsx > pantalla de proveedores — lista sobre la tabla compartida > R8:la busqueda navega con el termino al cumplirse SEARCH_DEBOUNCE_MS, y vaciarla navega sin termino
An update to ForwardRef(LinkComponent) inside a test was not wrapped in act(...).

When testing, code that causes React state updates should be wrapped into act(...):

act(() => {
  /* fire events that update state */
});
/* assert on the output */

This ensures that you're testing the behavior the user would see in the browser. Learn more at https://react.dev/link/wrap-tests-with-act

stderr | tests/unit/proveedores-ui/supplier-page.test.tsx > pantalla de proveedores — lista sobre la tabla compartida > R8:la busqueda navega con el termino al cumplirse SEARCH_DEBOUNCE_MS, y vaciarla navega sin termino
An update to SupplierTable inside a test was not wrapped in act(...).

When testing, code that causes React state updates should be wrapped into act(...):

act(() => {
  /* fire events that update state */
});
/* assert on the output */

This ensures that you're testing the behavior the user would see in the browser. Learn more at https://react.dev/link/wrap-tests-with-act
An update to SupplierTable inside a test was not wrapped in act(...).

When testing, code that causes React state updates should be wrapped into act(...):

act(() => {
  /* fire events that update state */
});
/* assert on the output */

This ensures that you're testing the behavior the user would see in the browser. Learn more at https://react.dev/link/wrap-tests-with-act
An update to SelectValue inside a test was not wrapped in act(...).

When testing, code that causes React state updates should be wrapped into act(...):

act(() => {
  /* fire events that update state */
});
/* assert on the output */

This ensures that you're testing the behavior the user would see in the browser. Learn more at https://react.dev/link/wrap-tests-with-act

stderr | tests/unit/proveedores-ui/supplier-page.test.tsx > pantalla de proveedores — lista sobre la tabla compartida > R8:la busqueda navega con el termino al cumplirse SEARCH_DEBOUNCE_MS, y vaciarla navega sin termino
An update to SupplierTable inside a test was not wrapped in act(...).

When testing, code that causes React state updates should be wrapped into act(...):

act(() => {
  /* fire events that update state */
});
/* assert on the output */

This ensures that you're testing the behavior the user would see in the browser. Learn more at https://react.dev/link/wrap-tests-with-act
An update to SupplierTable inside a test was not wrapped in act(...).

When testing, code that causes React state updates should be wrapped into act(...):

act(() => {
  /* fire events that update state */
});
/* assert on the output */

This ensures that you're testing the behavior the user would see in the browser. Learn more at https://react.dev/link/wrap-tests-with-act
An update to SelectValue inside a test was not wrapped in act(...).

When testing, code that causes React state updates should be wrapped into act(...):

act(() => {
  /* fire events that update state */
});
/* assert on the output */

This ensures that you're testing the behavior the user would see in the browser. Learn more at https://react.dev/link/wrap-tests-with-act

 ✓ |ui| tests/unit/identity/session-once-per-request-render.test.tsx (7 tests) 15873ms
stderr | tests/unit/inventario/product-page.test.tsx > pantalla de productos — lista > mientras carga presenta el esqueleto en lugar de la tabla
<ProductListSection> is an async Client Component. Only Server Components can be async at the moment. This error is often caused by accidentally adding `'use client'` to a module that was originally written for the server.

stderr | tests/unit/inventario/product-page.test.tsx > pantalla de productos — lista > mientras carga presenta el esqueleto en lugar de la tabla
A component suspended inside an `act` scope, but the `act` call was not awaited. When testing React components that depend on asynchronous data, you must await the result:

await act(() => ...)
A suspended resource finished loading inside a test, but the event was not wrapped in act(...).

When testing, code that resolves suspended data should be wrapped into act(...):

act(() => {
  /* finish loading suspended data */
});
/* assert on the output */

This ensures that you're testing the behavior the user would see in the browser. Learn more at https://react.dev/link/wrap-tests-with-act

stderr | tests/unit/pedidos-ui/order-form.test.tsx > formulario de alta de pedido (R26, R27, R30, R33, R39) > ningun formulario ofrece campo de fecha de solicitud, ni motivo, ni correlativo, ni autoria
An update to OrderForm inside a test was not wrapped in act(...).

When testing, code that causes React state updates should be wrapped into act(...):

act(() => {
  /* fire events that update state */
});
/* assert on the output */

This ensures that you're testing the behavior the user would see in the browser. Learn more at https://react.dev/link/wrap-tests-with-act
An update to OrderForm inside a test was not wrapped in act(...).

When testing, code that causes React state updates should be wrapped into act(...):

act(() => {
  /* fire events that update state */
});
/* assert on the output */

This ensures that you're testing the behavior the user would see in the browser. Learn more at https://react.dev/link/wrap-tests-with-act
An update to OrderForm inside a test was not wrapped in act(...).

When testing, code that causes React state updates should be wrapped into act(...):

act(() => {
  /* fire events that update state */
});
/* assert on the output */

This ensures that you're testing the behavior the user would see in the browser. Learn more at https://react.dev/link/wrap-tests-with-act

 ✓ |ui| tests/unit/configuracion-ui/unit-sheet.test.tsx (25 tests) 13199ms
     ✓ el alta se abre en un panel lateral, sin navegar y sin dialogo modal centrado  667ms
     ✓ la edicion abre el MISMO panel lateral, tambien sin navegar  307ms
     ✓ cerrar el panel no navega: los parametros de lista de la URL siguen intactos  311ms
     ✓ envia el reemplazo completo de los cuatro con el id ligado a la operacion  376ms
     ✓ en el alta ofrece las bases de sistema y la opcion de no derivar  1030ms
     ✓ en la edicion NO se ofrece la propia unidad, aunque llegue en la lista de bases  819ms
     ✓ no ofrece unidades DERIVADAS: solo llegan bases y la pantalla no inventa ninguna  749ms
     ✓ sin simbolo declarado, la clave `symbol` NO viaja —y desde luego no como cadena vacia—  412ms
     ✓ sin derivacion declarada, NINGUNA de las dos claves de la equivalencia viaja  705ms
     ✓ con derivacion declarada y factor EN BLANCO, viaja `baseUnitId` y NO viaja `factor`  1080ms
     ✓ con los cuatro declarados viajan los cuatro, y ninguna clave llega vacia  1208ms
     ✓ la opcion «no deriva de ninguna» tiene el valor vacio, y por eso la clave se OMITE  975ms
     ✓ `duplicate_name` va junto al campo del nombre, y el panel sigue abierto con lo escrito  586ms
     ✓ `duplicate_symbol` va junto al campo del simbolo  380ms
     ✓ `invalid_derivation` va junto al SELECTOR de la unidad de la que deriva  637ms
     ✓ cualquier otro codigo va a la region de error del formulario  488ms
     ✓ el alta  427ms
     ✓ el error inesperado ensena el identificador como texto, con su etiqueta  383ms
     ✓ un error del catalogo no ensena identificador ninguno  456ms
 ✓ |ui| tests/unit/configuracion-ui/presentation-sheet.test.tsx (19 tests) 12269ms
     ✓ el alta se abre en un panel lateral, sin navegar y sin dialogo modal centrado  921ms
     ✓ cerrar el panel no navega: los parametros de lista de la URL siguen intactos  465ms
     ✓ la edicion envia el reemplazo completo con el id ligado a la operacion  580ms
     ✓ un rechazo por nombre duplicado se pinta JUNTO AL CAMPO sin cerrar ni perder lo escrito  1501ms
     ✓ un rechazo sin campo senalado va a la region de error del formulario  1209ms
     ✓ un nombre sin ningun caracter valido no llega a la operacion y se marca en el campo  982ms
     ✓ un alta con exito cierra el panel, avisa por toast y refresca la lista  953ms
     ✓ el alta EXIGE unidad: sin ella no se envia nada y el error se pinta JUNTO al campo (R17)  328ms
     ✓ el formulario ofrece TODAS las unidades del catalogo que recibe (R16)  656ms
     ✓ la edicion reemplaza la unidad cuando se elige otra (R12, R15)  824ms
     ✓ tras un rechazo del servidor el panel sigue abierto con el nombre Y la unidad (R18)  967ms
     ✓ el error inesperado ensena el identificador como texto, con su etiqueta  856ms
     ✓ un error del catalogo no ensena identificador ninguno  973ms
 ✓ |ui| tests/unit/configuracion-ui/user-sheet.test.tsx (28 tests) 12757ms
     ✓ el alta abre un panel lateral, sin navegar y sin dialogo modal centrado  965ms
     ✓ la edicion abre el MISMO panel lateral, tambien sin navegar  460ms
     ✓ cerrar el panel no navega: los parametros de lista de la URL siguen intactos  393ms
     ✓ pide la ficha al abrirse, con el identificador de la fila  357ms
     ✓ MIENTRAS la ficha se obtiene, el panel presenta un indicador de carga y ningun formulario  373ms
     ✓ con la ficha resuelta precarga los nueve, y la fecha en el formato del campo  392ms
     ✓ envia el REEMPLAZO COMPLETO de los nueve, con el id atado a la operacion  468ms
     ✓ un rechazo de la EDICION tampoco cierra el panel  461ms
     ✓ el alta cierra el panel, avisa una vez y refresca sin tocar la URL  1758ms
     ✓ el aviso del alta es NEUTRO: ni credencial, ni enlace, ni via de acceso (R28)  1583ms
     ✓ la edicion cierra el panel, avisa una vez y refresca  384ms
     ✓ R7 — sobre otra persona activa se ofrece dentro del panel, con su nombre en el nombre accesible  329ms
     ✓ R9 — pulsar el disparador abre la confirmacion con el nombre y NO invoca la action  425ms
     ✓ R9 — volver cierra la confirmacion sin invocar nada y el panel sigue abierto  581ms
     ✓ R10 — confirmar invoca la action EXACTAMENTE una vez con el id, y NINGUNA escritura de edicion  582ms
     ✓ R13 — con exito se cierra la confirmacion, se avisa una vez y se refresca sin navegar  651ms
     ✓ R14 — un rechazo se pinta dentro de la confirmacion, que sigue abierta, sin aviso de exito  486ms
     ✓ R16 — el control lo gobiernan SOLO las props: cambiar `currentUserId` lo quita y lo devuelve  400ms
stderr | tests/unit/recetas-ui/recipe-page.test.tsx > pantalla de recetas — datos y estados > R18: mientras carga presenta el esqueleto propio con tantas filas como el tamano pedido y sin tabla
<RecipeListSection> is an async Client Component. Only Server Components can be async at the moment. This error is often caused by accidentally adding `'use client'` to a module that was originally written for the server.

stderr | tests/unit/proveedores-ui/supplier-page.test.tsx > pantalla de proveedores — estados > R20: vacio, sin resultados, cargando y error son mutuamente excluyentes y se distinguen por data-testid
<SupplierListSection> is an async Client Component. Only Server Components can be async at the moment. This error is often caused by accidentally adding `'use client'` to a module that was originally written for the server.

stderr | tests/unit/proveedores-ui/supplier-page.test.tsx > pantalla de proveedores — estados > R20: vacio, sin resultados, cargando y error son mutuamente excluyentes y se distinguen por data-testid
A suspended resource finished loading inside a test, but the event was not wrapped in act(...).

When testing, code that resolves suspended data should be wrapped into act(...):

act(() => {
  /* finish loading suspended data */
});
/* assert on the output */

This ensures that you're testing the behavior the user would see in the browser. Learn more at https://react.dev/link/wrap-tests-with-act
A component suspended inside an `act` scope, but the `act` call was not awaited. When testing React components that depend on asynchronous data, you must await the result:

await act(() => ...)

stderr | tests/unit/recetas-ui/recipe-page.test.tsx > pantalla de recetas — datos y estados > R18: mientras carga presenta el esqueleto propio con tantas filas como el tamano pedido y sin tabla
A suspended resource finished loading inside a test, but the event was not wrapped in act(...).

When testing, code that resolves suspended data should be wrapped into act(...):

act(() => {
  /* finish loading suspended data */
});
/* assert on the output */

This ensures that you're testing the behavior the user would see in the browser. Learn more at https://react.dev/link/wrap-tests-with-act
A component suspended inside an `act` scope, but the `act` call was not awaited. When testing React components that depend on asynchronous data, you must await the result:

await act(() => ...)

stderr | tests/unit/proveedores-ui/supplier-page.test.tsx > pantalla de proveedores — estados > R18: mientras carga presenta el esqueleto propio con tantas filas como el tamano pedido
A suspended resource finished loading inside a test, but the event was not wrapped in act(...).

When testing, code that resolves suspended data should be wrapped into act(...):

act(() => {
  /* finish loading suspended data */
});
/* assert on the output */

This ensures that you're testing the behavior the user would see in the browser. Learn more at https://react.dev/link/wrap-tests-with-act

stderr | tests/unit/recetas-ui/recipe-page.test.tsx > pantalla de recetas — datos y estados > R20: el estado «'cargando'» se presenta sin ninguno de los otros
A suspended resource finished loading inside a test, but the event was not wrapped in act(...).

When testing, code that resolves suspended data should be wrapped into act(...):

act(() => {
  /* finish loading suspended data */
});
/* assert on the output */

This ensures that you're testing the behavior the user would see in the browser. Learn more at https://react.dev/link/wrap-tests-with-act

stderr | tests/unit/recetas-ui/recipe-form.test.tsx > R32 — los pasos se añaden, editan y quitan, y se envían en el orden mostrado > añadir tres pasos, editar uno y quitar otro deja el orden esperado en el payload
An update to RecipeForm inside a test was not wrapped in act(...).

When testing, code that causes React state updates should be wrapped into act(...):

act(() => {
  /* fire events that update state */
});
/* assert on the output */

This ensures that you're testing the behavior the user would see in the browser. Learn more at https://react.dev/link/wrap-tests-with-act

stderr | tests/unit/recetas-ui/recipe-form.test.tsx > R32 — los pasos se añaden, editan y quitan, y se envían en el orden mostrado > añadir tres pasos, editar uno y quitar otro deja el orden esperado en el payload
An update to RecipeForm inside a test was not wrapped in act(...).

When testing, code that causes React state updates should be wrapped into act(...):

act(() => {
  /* fire events that update state */
});
/* assert on the output */

This ensures that you're testing the behavior the user would see in the browser. Learn more at https://react.dev/link/wrap-tests-with-act

stderr | tests/unit/recetas-ui/recipe-form.test.tsx > R32 — los pasos se añaden, editan y quitan, y se envían en el orden mostrado > añadir tres pasos, editar uno y quitar otro deja el orden esperado en el payload
An update to RecipeForm inside a test was not wrapped in act(...).

When testing, code that causes React state updates should be wrapped into act(...):

act(() => {
  /* fire events that update state */
});
/* assert on the output */

This ensures that you're testing the behavior the user would see in the browser. Learn more at https://react.dev/link/wrap-tests-with-act

stderr | tests/unit/recetas-ui/recipe-form.test.tsx > R32 — los pasos se añaden, editan y quitan, y se envían en el orden mostrado > añadir tres pasos, editar uno y quitar otro deja el orden esperado en el payload
An update to RecipeForm inside a test was not wrapped in act(...).

When testing, code that causes React state updates should be wrapped into act(...):

act(() => {
  /* fire events that update state */
});
/* assert on the output */

This ensures that you're testing the behavior the user would see in the browser. Learn more at https://react.dev/link/wrap-tests-with-act

stderr | tests/unit/recetas-ui/recipe-form.test.tsx > R33 — reordenar por arrastre (ratón) cambia el orden enviado > arrastrar el primer paso hasta la tercera posición reordena el payload
An update to RecipeForm inside a test was not wrapped in act(...).

When testing, code that causes React state updates should be wrapped into act(...):

act(() => {
  /* fire events that update state */
});
/* assert on the output */

This ensures that you're testing the behavior the user would see in the browser. Learn more at https://react.dev/link/wrap-tests-with-act

stderr | tests/unit/recetas-ui/recipe-form.test.tsx > R33 — reordenar por arrastre (ratón) cambia el orden enviado > arrastrar el primer paso hasta la tercera posición reordena el payload
An update to RecipeForm inside a test was not wrapped in act(...).

When testing, code that causes React state updates should be wrapped into act(...):

act(() => {
  /* fire events that update state */
});
/* assert on the output */

This ensures that you're testing the behavior the user would see in the browser. Learn more at https://react.dev/link/wrap-tests-with-act

stderr | tests/unit/recetas-ui/recipe-form.test.tsx > R33 — reordenar por arrastre (ratón) cambia el orden enviado > arrastrar el primer paso hasta la tercera posición reordena el payload
An update to RecipeForm inside a test was not wrapped in act(...).

When testing, code that causes React state updates should be wrapped into act(...):

act(() => {
  /* fire events that update state */
});
/* assert on the output */

This ensures that you're testing the behavior the user would see in the browser. Learn more at https://react.dev/link/wrap-tests-with-act

stderr | tests/unit/recetas-ui/recipe-form.test.tsx > R34 — el equivalente por teclado reordena y el asa anuncia su posición > Tab hasta el asa, Espacio para tomar, flecha para mover y Espacio para soltar cambian el payload
An update to RecipeForm inside a test was not wrapped in act(...).

When testing, code that causes React state updates should be wrapped into act(...):

act(() => {
  /* fire events that update state */
});
/* assert on the output */

This ensures that you're testing the behavior the user would see in the browser. Learn more at https://react.dev/link/wrap-tests-with-act

stderr | tests/unit/recetas-ui/recipe-form.test.tsx > R34 — el equivalente por teclado reordena y el asa anuncia su posición > Tab hasta el asa, Espacio para tomar, flecha para mover y Espacio para soltar cambian el payload
An update to RecipeForm inside a test was not wrapped in act(...).

When testing, code that causes React state updates should be wrapped into act(...):

act(() => {
  /* fire events that update state */
});
/* assert on the output */

This ensures that you're testing the behavior the user would see in the browser. Learn more at https://react.dev/link/wrap-tests-with-act

stderr | tests/unit/recetas-ui/recipe-form.test.tsx > R34 — el equivalente por teclado reordena y el asa anuncia su posición > Tab hasta el asa, Espacio para tomar, flecha para mover y Espacio para soltar cambian el payload
An update to RecipeForm inside a test was not wrapped in act(...).

When testing, code that causes React state updates should be wrapped into act(...):

act(() => {
  /* fire events that update state */
});
/* assert on the output */

This ensures that you're testing the behavior the user would see in the browser. Learn more at https://react.dev/link/wrap-tests-with-act

 ✓ |ui| tests/unit/pedidos-ui/order-form.test.tsx (33 tests) 21846ms
     ✓ captura los TRES campos de negocio y los envia a la operacion de alta  2080ms
     ✓ al salir del campo, la cantidad se coloca a DOS decimales y sin ceros finales  3486ms
     ✓ el enviar colocado a dos decimales: «0.1005» viaja como «0.1» en el FormData  893ms
     ✓ presenta la prioridad por defecto del contrato PRESELECCIONADA y visible  836ms
     ✓ ofrece las CUATRO prioridades que publica el contrato  715ms
     ✓ el alta NO ofrece selector de estado  746ms
     ✓ ningun formulario ofrece campo de fecha de solicitud, ni motivo, ni correlativo, ni autoria  376ms
     ✓ el selector de estado ofrece los editables del contrato y NUNCA «CANCELADO»  635ms
     ✓ «recipe_not_found» se pinta junto al SELECTOR DE RECETA, no en la region del formulario  358ms
     ✓ un codigo que no senala campo va a la region de aviso del formulario y no pierde lo escrito  713ms
     ✓ una cantidad que el ESQUEMA del contrato rechaza no llega a la operacion  328ms
     ✓ el titulo pasa a nombrar la receta elegida y la cantidad tecleada  731ms
     ✓ elegir una receta con imagen sustituye el marcador por ella  610ms
     ✓ y elegir una receta SIN imagen (ruta nula) deja el marcador donde estaba  510ms
     ✓ en el alta, Guardar esta deshabilitado hasta elegir una receta  718ms
     ✓ editar el campo tras elegir retira la receta y vuelve a bloquear Guardar  1035ms
     ✓ elegir una receta pide su detalle y pinta la tabla con los datos de los productos  578ms
     ✓ una receta sin ingredientes se dice, no se pinta una tabla vacia  597ms
     ✓ la «cantidad requerida» parte de 0 y el «restante» la descuenta del stock  759ms
     ✓ un restante negativo se resalta en rojo  732ms
     ✓ R12 — con existencia en la unidad de la linea, el restante resta normal  562ms
     ✓ R13 — con lotes pero ninguno en la unidad de la linea, existencia y restante muestran el marcador  655ms
     ✓ R14 — sin ningun lote, la existencia es 0 y el restante negativo se destaca como faltante  654ms
     ✓ si el detalle falla, la tabla se sustituye por el estado de error de los ingredientes  626ms
     ✓ el error inesperado ensena el identificador como texto, con su etiqueta  300ms
     ✓ un error del catalogo no ensena identificador ninguno  354ms
 ✓ |ui| tests/unit/configuracion-ui/user-form.test.tsx (23 tests) 23393ms
     ✓ los controles con nombre son los nueve, ni uno mas  835ms
     ✓ el `FormData` que sale lleva los nueve nombres y ninguna clave de credencial  2154ms
     ✓ los valores viajan TAL CUAL, sin recortes ni minusculas forzadas en el cliente  1444ms
     ✓ el tipo de documento ofrece exactamente los codigos del conjunto cerrado  631ms
     ✓ el rol ofrece exactamente los del catalogo recibido  570ms
     ✓ sin catalogo lo dice de forma identificable y NO inventa ninguna opcion (R24)  545ms
     ✓ `duplicate_email` se pinta junto a su campo y en ningun otro sitio  1317ms
     ✓ `duplicate_username` se pinta junto a su campo y en ningun otro sitio  1294ms
     ✓ `duplicate_document` se pinta junto a su campo y en ningun otro sitio  1308ms
     ✓ `role_not_found` se pinta junto al SELECTOR de rol  1398ms
     ✓ `invalid_input` va a la region de error del formulario, no junto a un campo  1238ms
     ✓ `self_operation` va a la region de error del formulario, no junto a un campo  1282ms
     ✓ `last_administrator` va a la region de error del formulario, no junto a un campo  1339ms
     ✓ `user_not_found` va a la region de error del formulario, no junto a un campo  1304ms
     ✓ `unauthorized` va a la region de error del formulario, no junto a un campo  1154ms
     ✓ un rechazo NO cierra el panel, NO avisa de exito y NO pierde lo escrito  1439ms
     ✓ el inesperado trae la referencia; el catalogado no trae ninguna  2653ms
     ✓ R11 R12 — sin `endSessions` no se emite NADA: ni el disparador ni un contenedor vacio  306ms
     ✓ R7 — con `endSessions` se ofrece dentro del panel, con un nombre accesible que incluye el nombre  317ms
 ✓ |ui| tests/unit/recetas-ui/recipe-page.test.tsx (46 tests) 27688ms
     ✓ R1: la lista monta la tabla compartida dentro del armazon privado, sin main ni paginacion propios  1150ms
     ✓ QC-26 R5: el item del sidebar comparte RECIPES_LABEL con el encabezado  473ms
     ✓ R2: la lista presenta imagen, nombre, pasos, creado, actualizado y acciones, y nunca la descripcion  469ms
     ✓ R3: la lista no muestra id, createdBy ni updatedBy  322ms
     ✓ R5: la imagen usa la direccion de la consulta tal cual y sin imagen se pinta el marcador  684ms
     ✓ R21: las acciones van en una columna que no se puede fijar, siempre visibles y con area tactil de 44x44  424ms
     ✓ R21: editar navega a la pagina de la receta y crear a la de alta, sin abrir panel ni modal  378ms
     ✓ R6, R7, R8, R10: hay busqueda, solo name, createdAt y updatedAt ordenan por cabecera, y ordenar navega sin reordenar las filas  1329ms
     ✓ R6: el orden elegido en el menu de la cabecera navega, y la cabecera expone el orden vigente  1152ms
     ✓ R7: los menus de imagen y pasos no ofrecen orden  1328ms
     ✓ R8: vaciar la busqueda navega sin termino y escribir uno navega con el, una sola vez tras el rebote  1100ms
     ✓ R9: el atajo de fecha navega con el rango, limpiarlo navega sin el, y ninguna otra columna filtra  2367ms
     ✓ R9: elegir a mano en el calendario un dia de inicio y otro de fin navega con ese rango en YYYY-MM-DD  3698ms
     ✓ R14: mientras un gesto esta en vuelo la tabla se marca ocupada y el campo de busqueda conserva foco y texto  729ms
     ✓ R18: mientras carga presenta el esqueleto propio con tantas filas como el tamano pedido y sin tabla  992ms
     ✓ R32, R33: con busqueda y cero filas presenta sin resultados dentro de la tabla, sin crear, y limpiar conserva tamano y orden  404ms
     ✓ R14, R33: pasar de filas a sin resultados con el mismo arbol conserva el campo de busqueda, su foco y su texto  820ms
     ✓ R22: el selector de tamano ofrece 10 y 25, usa 10 por defecto y cambiarlo navega a la primera pagina  1168ms
     ✓ R23: permite avanzar y retroceder e indica la pagina actual y el total  579ms
     ✓ R23: en los extremos no ofrece avanzar ni retroceder mas alla  341ms
     ✓ R24: el desbordamiento horizontal lo absorbe el envoltorio de la tabla y ningun ancestro  329ms
     ✓ R24: en viewport angosto y ancho la lista, sus acciones, el orden, la busqueda y el filtro estan a la vista y son tactiles  869ms
     ✓ el borrado pide confirmacion nombrando la receta y sin confirmar no invoca la operacion  954ms
     ✓ un borrado con exito cierra el dialogo, avisa por toast y refresca la lista  621ms
     ✓ un borrado rechazado muestra el error en el dialogo y no navega ni refresca  629ms
     ✓ el error inesperado ensena el identificador como texto, con su etiqueta  594ms
     ✓ un error del catalogo no ensena identificador ninguno  589ms
stderr | tests/unit/recetas-ui/recipe-form.test.tsx > QC-64 R24 — el arrastre por teclado sigue funcionando con el editor dentro de la fila > R24: tomar el asa con Espacio, mover con las flechas y soltar cambia el orden del payload aunque cada paso monte un editor
An update to RecipeForm inside a test was not wrapped in act(...).

When testing, code that causes React state updates should be wrapped into act(...):

act(() => {
  /* fire events that update state */
});
/* assert on the output */

This ensures that you're testing the behavior the user would see in the browser. Learn more at https://react.dev/link/wrap-tests-with-act

stderr | tests/unit/recetas-ui/recipe-form.test.tsx > QC-64 R24 — el arrastre por teclado sigue funcionando con el editor dentro de la fila > R24: tomar el asa con Espacio, mover con las flechas y soltar cambia el orden del payload aunque cada paso monte un editor
An update to RecipeForm inside a test was not wrapped in act(...).

When testing, code that causes React state updates should be wrapped into act(...):

act(() => {
  /* fire events that update state */
});
/* assert on the output */

This ensures that you're testing the behavior the user would see in the browser. Learn more at https://react.dev/link/wrap-tests-with-act

stderr | tests/unit/recetas-ui/recipe-form.test.tsx > QC-64 R24 — el arrastre por teclado sigue funcionando con el editor dentro de la fila > R24: tomar el asa con Espacio, mover con las flechas y soltar cambia el orden del payload aunque cada paso monte un editor
An update to RecipeForm inside a test was not wrapped in act(...).

When testing, code that causes React state updates should be wrapped into act(...):

act(() => {
  /* fire events that update state */
});
/* assert on the output */

This ensures that you're testing the behavior the user would see in the browser. Learn more at https://react.dev/link/wrap-tests-with-act

 ✓ |ui| tests/unit/configuracion-ui/user-table.test.tsx (27 tests) 8748ms
     ✓ monta `DataTable` con una fila por usuario  396ms
     ✓ las filas se pintan en el orden en que llegan: aqui no se ordena ni se recorta (R12, R14)  451ms
     ✓ las opciones son exactamente las del componente compartido  738ms
     ✓ elegir otro tamano navega con ese tamano y vuelve a la primera pagina  765ms
     ✓ ordenar por displayName NO SE OFRECE: no esta en la lista blanca (R14, R15)  574ms
     ✓ ordenar por roleName NO SE OFRECE: no esta en la lista blanca (R14, R15)  396ms
     ✓ marcar un valor del filtro de estado pide la lista de nuevo con ese filtro  487ms
     ✓ el filtro ofrece los CUATRO estados del contrato y ningun otro  348ms
     ✓ la accion de editar de una fila abre el panel SOBRE ESE usuario (R26)  603ms
     ✓ la accion de borrar de una fila abre el dialogo SOBRE ESE usuario (R30)  375ms
     ✓ la accion de estado de una fila abre su dialogo SOBRE ESE usuario (R32)  544ms
 ✓ |ui| tests/unit/proveedores-ui/catalog-line-sheet.test.tsx (24 tests) 29030ms
     ✓ el alta se abre en un panel lateral sobre el catalogo, sin navegar ni recargar la lista  1634ms
     ✓ el estado vacio del catalogo ofrece anadir la primera linea y abre el mismo panel  324ms
     ✓ no ofrece ningun campo ni selector de articulo del inventario  858ms
     ✓ no pide ninguna imagen ni ofrece subirla, y no la emite al guardar  1850ms
     ✓ captura los campos de negocio y los envia por la operacion de alta, con el proveedor oculto  2406ms
     ✓ la presentacion es obligatoria y se puede alcanzar y crear desde el propio formulario  2093ms
     ✓ la unidad es opcional: sin elegirla, la linea se guarda sin unidad  1422ms
     ✓ el costo y el minimo viajan como la MISMA cadena que se escribio, y no son controles numericos  1367ms
     ✓ precarga los valores actuales y envia el REEMPLAZO COMPLETO de los siete campos  817ms
     ✓ la precarga NO redondea: cuatro decimales se reenvian intactos  748ms
     ✓ no ofrece cambiar el proveedor de la linea  616ms
     ✓ una linea sin unidad y sin minimo se precarga sin inventar valores  456ms
     ✓ un duplicate_catalog_line se pinta junto al campo nombre, sin cerrar el panel ni perder lo escrito  1513ms
     ✓ un unauthorized se pinta en la region de error del formulario y conserva lo escrito  1483ms
     ✓ un catalog_line_not_found ofrece volver a la lista desde la region de error del formulario  642ms
     ✓ un supplier_not_found del ALTA ofrece la misma vuelta, pero con SU propia frase  1380ms
     ✓ la validacion previa aplica el MISMO esquema del contrato publico y ni llama a la operacion  1628ms
     ✓ el tiempo de entrega se captura como entero y un valor con decimales no llega a la operacion  1422ms
     ✓ un guardado con exito cierra el panel, avisa por toast y refresca el catalogo  1425ms
     ✓ la pantalla no monta ninguna region de avisos propia  441ms
     ✓ los campos y las acciones del panel se usan igual en viewport angosto y en ancho  1219ms
     ✓ el formulario cubre los siete campos de negocio, con la imagen declarada como ausente  417ms
     ✓ el error inesperado ensena el identificador como texto, con su etiqueta  1337ms
     ✓ un error del catalogo no ensena identificador ninguno  1523ms
stderr | tests/unit/recetas-ui/recipe-form.test.tsx > QC-64 R11, R13 y R22 — la vista previa lee lo que hay escrito y no guarda nada > R3, R11: abrir la vista previa no invoca ninguna operacion, monta el asistente SIN espera y sobre los pasos escritos EN ESE INSTANTE
An update to RecipeForm inside a test was not wrapped in act(...).

When testing, code that causes React state updates should be wrapped into act(...):

act(() => {
  /* fire events that update state */
});
/* assert on the output */

This ensures that you're testing the behavior the user would see in the browser. Learn more at https://react.dev/link/wrap-tests-with-act

stderr | tests/unit/recetas-ui/recipe-form.test.tsx > QC-64 R11, R13 y R22 — la vista previa lee lo que hay escrito y no guarda nada > R3, R11: abrir la vista previa no invoca ninguna operacion, monta el asistente SIN espera y sobre los pasos escritos EN ESE INSTANTE
An update to RecipeForm inside a test was not wrapped in act(...).

When testing, code that causes React state updates should be wrapped into act(...):

act(() => {
  /* fire events that update state */
});
/* assert on the output */

This ensures that you're testing the behavior the user would see in the browser. Learn more at https://react.dev/link/wrap-tests-with-act

stderr | tests/unit/recetas-ui/recipe-form.test.tsx > QC-64 R11, R13 y R22 — la vista previa lee lo que hay escrito y no guarda nada > R13: cerrar la vista previa con Esc devuelve el formulario intacto y el foco al boton que la abrio, y el payload es el mismo que sin haberla abierto
An update to RecipeForm inside a test was not wrapped in act(...).

When testing, code that causes React state updates should be wrapped into act(...):

act(() => {
  /* fire events that update state */
});
/* assert on the output */

This ensures that you're testing the behavior the user would see in the browser. Learn more at https://react.dev/link/wrap-tests-with-act

 ✓ |ui| tests/unit/proveedores-ui/supplier-page.test.tsx (49 tests) 32575ms
     ✓ R1: se renderiza dentro del armazon privado con la tabla compartida, sin tabla ni paginacion propias  1009ms
     ✓ R2, R18: presenta exactamente nombre, telefono, correo, creado, actualizado y acciones, y el esqueleto cuenta las mismas  522ms
     ✓ R3: no muestra el id tecnico, el nombre normalizado ni los ids de autoria  390ms
     ✓ R6, R7, R10: ofrece busqueda y orden por cabecera en nombre y fechas, y pinta las filas del simulador en su orden  1730ms
     ✓ R6: el orden de la URL llega a la accion y a aria-sort, y el menu de la cabecera navega con el orden elegido  1711ms
     ✓ R7: telefono, correo y acciones no ofrecen orden ni en la cabecera ni en su menu  1390ms
     ✓ R8:la busqueda navega con el termino al cumplirse SEARCH_DEBOUNCE_MS, y vaciarla navega sin termino  419ms
     ✓ R9: el atajo de fecha navega con el rango de creacion, limpiarlo navega sin rango, y ninguna otra columna filtra  2304ms
     ✓ R9: elegir a mano en el calendario un dia de inicio y otro de fin navega con ese rango en YYYY-MM-DD  3370ms
     ✓ R10: pinta las filas tal cual llegan aunque la URL pida otro orden y un termino que no coincide  433ms
     ✓ R14: con la navegacion en vuelo la tabla se marca aria-busy y la busqueda conserva el foco y el texto  663ms
     ✓ R21: la columna de acciones no se puede fijar y sus controles se ven sin puntero, con area tactil de 44x44  327ms
     ✓ R21, R24: orden, busqueda, filtro, paginacion y acciones se ven y se alcanzan en viewport angosto y en ancho  882ms
     ✓ R15, R22: pide la lista una sola vez con 10 por defecto, ofrece 10 y 25, y cambiar el tamano navega a la primera pagina  1090ms
     ✓ R23: permite avanzar y retroceder de pagina e indica la pagina actual y el total  455ms
     ✓ R20: vacio, sin resultados, cargando y error son mutuamente excluyentes y se distinguen por data-testid  477ms
     ✓ R33: al pasar de filas a «sin resultados» con el mismo arbol, la busqueda conserva el foco y lo escrito  341ms
     ✓ el alta se abre en un panel lateral sobre la lista, sin navegar ni perder la pagina  565ms
     ✓ el alta captura nombre, telefono y correo y los envia por la operacion de alta  847ms
     ✓ la edicion precarga los valores actuales y envia el reemplazo completo  781ms
     ✓ un supplier_duplicate_name se pinta junto al campo nombre, sin cerrar el panel ni perder lo escrito  900ms
     ✓ un unauthorized se pinta en la region de error del formulario y conserva lo escrito  914ms
     ✓ un supplier_not_found ofrece volver a la lista desde la region de error del formulario  562ms
     ✓ la validacion previa aplica el MISMO esquema del contrato publico y ni llama a la operacion  835ms
     ✓ un guardado con exito cierra el panel, avisa por toast y refresca la lista  1119ms
     ✓ la zona privada sigue teniendo exactamente una region de avisos  428ms
     ✓ los campos y las acciones del panel se usan igual en viewport angosto y en ancho  887ms
     ✓ sin confirmar no invoca la operacion de baja, y el dialogo nombra al proveedor y avisa del arrastre  473ms
     ✓ al confirmar invoca la baja con el id oculto, cierra, avisa por toast y refresca  642ms
     ✓ una baja rechazada mantiene el dialogo abierto con el mensaje a la vista  576ms
     ✓ el formulario conserva el identificador que devolvio la operacion  792ms
     ✓ el formulario con un error del catalogo no ensena identificador ninguno  896ms
     ✓ el dialogo de baja ensena el identificador del error inesperado  544ms
     ✓ el dialogo de baja con un error del catalogo no ensena identificador ninguno  625ms
 ✓ |ui| tests/unit/configuracion-ui/usuarios-viewport.test.tsx (27 tests) 8433ms
     ✓ la lista es utilizable: las SEIS columnas, sus filas y la paginacion (R21)  972ms
     ✓ la columna de correo va DENTRO del desplazador y no mueve el documento (R21)  371ms
     ✓ las acciones de fila siguen siendo alcanzables dentro de la tabla (R21)  347ms
     ✓ las TRES acciones estan en el DOM y visibles desde el primer render, sin :hover (R40)  518ms
     ✓ el panel es utilizable: los NUEVE campos a 16 px y acciones de 44x44 px (R40)  1003ms
     ✓ el dialogo de borrado es utilizable y sus dos acciones miden 44x44 px (R40)  513ms
     ✓ el dialogo de estado es utilizable: selector a 16 px y acciones de 44x44 px (R40)  570ms
     ✓ la lista es utilizable: las SEIS columnas, sus filas y la paginacion (R21)  333ms
     ✓ las TRES acciones estan en el DOM y visibles desde el primer render, sin :hover (R40)  441ms
     ✓ el panel es utilizable: los NUEVE campos a 16 px y acciones de 44x44 px (R40)  634ms
     ✓ el dialogo de borrado es utilizable y sus dos acciones miden 44x44 px (R40)  468ms
     ✓ el dialogo de estado es utilizable: selector a 16 px y acciones de 44x44 px (R40)  536ms
 ✓ |ui| tests/unit/pedidos-ui/order-sheet-responsibles.test.tsx (10 tests) 8629ms
     ✓ la entrada «Responsables» de la fila abre UN solo panel, el de siempre, y no navega  1651ms
     ✓ el `+N` de la columna abre ESE MISMO panel, tambien uno solo (R35, H5)  1426ms
     ✓ editar abre el MISMO panel, pero en la seccion del formulario (R24)  728ms
     ✓ abierto por «Responsables», el panel sigue siendo el de siempre: no se duplica nada  741ms
     ✓ los contadores de las dos lecturas siguen a CERO tras abrir por la fila  667ms
     ✓ tambien a cero abriendo por el `+N`, y lo que se pinta es lo que la fila ya trajo  1095ms
     ✓ con un pedido ENTREGADO: ningun control de asignar ni de quitar, y NINGUNA frase que lo explique  545ms
     ✓ con un pedido CANCELADO: ningun control de asignar ni de quitar, y NINGUNA frase que lo explique  445ms
     ✓ con un pedido PENDIENTE los controles SI se montan: el corte es por estado y por nada mas  672ms
     ✓ con un pedido EN_CURSO los controles SI se montan: el corte es por estado y por nada mas  650ms
stderr | tests/unit/recetas-ui/recipe-form.test.tsx > QC-64 R11, R13 y R22 — la vista previa lee lo que hay escrito y no guarda nada > R13: cerrar la vista previa con Esc devuelve el formulario intacto y el foco al boton que la abrio, y el payload es el mismo que sin haberla abierto
An update to RecipeForm inside a test was not wrapped in act(...).

When testing, code that causes React state updates should be wrapped into act(...):

act(() => {
  /* fire events that update state */
});
/* assert on the output */

This ensures that you're testing the behavior the user would see in the browser. Learn more at https://react.dev/link/wrap-tests-with-act

stderr | tests/unit/recetas-ui/recipe-form.test.tsx > QC-64 R11, R13 y R22 — la vista previa lee lo que hay escrito y no guarda nada > R22: Finalizar cierra el modal y no guarda ni navega
An update to RecipeForm inside a test was not wrapped in act(...).

When testing, code that causes React state updates should be wrapped into act(...):

act(() => {
  /* fire events that update state */
});
/* assert on the output */

This ensures that you're testing the behavior the user would see in the browser. Learn more at https://react.dev/link/wrap-tests-with-act

stderr | tests/unit/pedidos-ui/order-sheet.test.tsx > panel lateral de pedidos (R25, R35, R36) > el alta se abre en un panel lateral SOBRE la lista, sin navegar a otra URL
An update to OrderForm inside a test was not wrapped in act(...).

When testing, code that causes React state updates should be wrapped into act(...):

act(() => {
  /* fire events that update state */
});
/* assert on the output */

This ensures that you're testing the behavior the user would see in the browser. Learn more at https://react.dev/link/wrap-tests-with-act
An update to OrderForm inside a test was not wrapped in act(...).

When testing, code that causes React state updates should be wrapped into act(...):

act(() => {
  /* fire events that update state */
});
/* assert on the output */

This ensures that you're testing the behavior the user would see in the browser. Learn more at https://react.dev/link/wrap-tests-with-act
An update to OrderForm inside a test was not wrapped in act(...).

When testing, code that causes React state updates should be wrapped into act(...):

act(() => {
  /* fire events that update state */
});
/* assert on the output */

This ensures that you're testing the behavior the user would see in the browser. Learn more at https://react.dev/link/wrap-tests-with-act

 ✓ |ui| tests/unit/recetas-ui/recipe-form.test.tsx (32 tests) 35572ms
     ✓ el botón de cancelar es un enlace real a la lista, no un panel ni un diálogo  331ms
     ✓ terminar con éxito también devuelve a la lista (mismo camino que R24)  1273ms
     ✓ precarga el detalle y conserva la línea cuyo productName es null, reenviándola intacta  421ms
     ✓ quitar una línea la saca de la lista enviada; cero llamadas por línea ni por paso  407ms
     ✓ el error se presenta en la región del formulario y el nombre editado sigue en el DOM  1198ms
     ✓ createRecipeAction con éxito navega a la lista, avisa y refresca  584ms
     ✓ añadir y luego quitar la única línea deja la receta sin líneas, y así se guarda  2488ms
     ✓ anexa la página 2 al llegar al final del desplegable y permite elegir un producto que no estaba descargado  690ms
     ✓ escribir en el selector BUSCA EN EL BACKEND, no sobre la página ya descargada  731ms
     ✓ elige Litro (con símbolo "L") y luego Gramo (sin símbolo, mostrado por su nombre) y envía su id  2628ms
     ✓ el selector de unidad queda habilitado, ofrece el catálogo entero y la receta se envía  2222ms
     ✓ un ingrediente ya usado NO se ofrece en las demás líneas: no se puede repetir  2653ms
     ✓ una cantidad que el esquema rechaza presenta el error junto a la línea afectada  2193ms
     ✓ añadir tres pasos, editar uno y quitar otro deja el orden esperado en el payload  1411ms
     ✓ arrastrar el primer paso hasta la tercera posición reordena el payload  1604ms
     ✓ Tab hasta el asa, Espacio para tomar, flecha para mover y Espacio para soltar cambian el payload  2423ms
     ✓ elegir un archivo válido muestra su vista previa, y el envío en curso impide un segundo envío  717ms
     ✓ un archivo demasiado grande se rechaza sin invocar la operación  476ms
     ✓ un archivo con formato no aceptado se rechaza sin invocar la operación  474ms
     ✓ R1: el campo de un paso es el área editable del editor, no un <input type="text">  372ms
     ✓ R10: no hay selector de tipo de paso en el alta ni en la edición: ni select, ni radios, ni control equivalente  668ms
     ✓ R24: tomar el asa con Espacio, mover con las flechas y soltar cambia el orden del payload aunque cada paso monte un editor  2141ms
     ✓ R3, R11: abrir la vista previa no invoca ninguna operacion, monta el asistente SIN espera y sobre los pasos escritos EN ESE INSTANTE  1621ms
     ✓ R13: cerrar la vista previa con Esc devuelve el formulario intacto y el foco al boton que la abrio, y el payload es el mismo que sin haberla abierto  3033ms
     ✓ R22: Finalizar cierra el modal y no guarda ni navega  1531ms
stderr | tests/unit/pedidos-ui/order-sheet.test.tsx > panel lateral de pedidos (R25, R35, R36) > al cerrar el panel la URL conserva pagina, tamano, orden y filtros
An update to OrderForm inside a test was not wrapped in act(...).

When testing, code that causes React state updates should be wrapped into act(...):

act(() => {
  /* fire events that update state */
});
/* assert on the output */

This ensures that you're testing the behavior the user would see in the browser. Learn more at https://react.dev/link/wrap-tests-with-act
An update to OrderForm inside a test was not wrapped in act(...).

When testing, code that causes React state updates should be wrapped into act(...):

act(() => {
  /* fire events that update state */
});
/* assert on the output */

This ensures that you're testing the behavior the user would see in the browser. Learn more at https://react.dev/link/wrap-tests-with-act
An update to OrderForm inside a test was not wrapped in act(...).

When testing, code that causes React state updates should be wrapped into act(...):

act(() => {
  /* fire events that update state */
});
/* assert on the output */

This ensures that you're testing the behavior the user would see in the browser. Learn more at https://react.dev/link/wrap-tests-with-act

 ✓ |ui| tests/unit/recetas-ui/recipe-line-unit-group.test.tsx (12 tests) 8837ms
     ✓ R24 — al elegir ingrediente, el campo se habilita  1028ms
     ✓ R24 — solo ofrece las unidades del GRUPO del ingrediente: un producto en kg lista kg y g  1007ms
     ✓ R24 — un ingrediente de otra magnitud ofrece OTRO grupo, y ninguna unidad de masa  795ms
     ✓ R24 — preselecciona la unidad MÁS PEQUEÑA del grupo, no la primera del catálogo  417ms
     ✓ R24 — cambiar a un ingrediente del MISMO grupo NO pisa la unidad ya elegida  1426ms
     ✓ R24 — cambiar a un ingrediente de OTRO grupo sí cambia la unidad a la más pequeña del nuevo  803ms
     ✓ R23 — un ingrediente SIN NINGÚN LOTE ofrece el catálogo completo, no una lista vacía  847ms
     ✓ R23 — un ingrediente SIN NINGÚN LOTE deja el selector HABILITADO: la línea no se bloquea  392ms
     ✓ R23 — un ingrediente SIN NINGÚN LOTE queda con una unidad elegida, no en blanco  434ms
     ✓ R23 — con un ingrediente SIN NINGÚN LOTE, la unidad ya elegida a mano SE MANTIENE  1405ms
stderr | tests/unit/pedidos-ui/order-sheet.test.tsx > panel lateral de pedidos (R25, R35, R36) > un alta con exito cierra el panel, avisa por toast y refresca la lista
An update to OrderForm inside a test was not wrapped in act(...).

When testing, code that causes React state updates should be wrapped into act(...):

act(() => {
  /* fire events that update state */
});
/* assert on the output */

This ensures that you're testing the behavior the user would see in the browser. Learn more at https://react.dev/link/wrap-tests-with-act
An update to OrderForm inside a test was not wrapped in act(...).

When testing, code that causes React state updates should be wrapped into act(...):

act(() => {
  /* fire events that update state */
});
/* assert on the output */

This ensures that you're testing the behavior the user would see in the browser. Learn more at https://react.dev/link/wrap-tests-with-act
An update to OrderForm inside a test was not wrapped in act(...).

When testing, code that causes React state updates should be wrapped into act(...):

act(() => {
  /* fire events that update state */
});
/* assert on the output */

This ensures that you're testing the behavior the user would see in the browser. Learn more at https://react.dev/link/wrap-tests-with-act

stderr | tests/unit/pedidos-ui/pedidos-viewport.test.tsx > pantalla de pedidos en viewport angosto (375 px) > el desbordamiento se resuelve DENTRO de la tabla, no en el documento (R22)
An update to OrderForm inside a test was not wrapped in act(...).

When testing, code that causes React state updates should be wrapped into act(...):

act(() => {
  /* fire events that update state */
});
/* assert on the output */

This ensures that you're testing the behavior the user would see in the browser. Learn more at https://react.dev/link/wrap-tests-with-act
An update to OrderForm inside a test was not wrapped in act(...).

When testing, code that causes React state updates should be wrapped into act(...):

act(() => {
  /* fire events that update state */
});
/* assert on the output */

This ensures that you're testing the behavior the user would see in the browser. Learn more at https://react.dev/link/wrap-tests-with-act
An update to OrderForm inside a test was not wrapped in act(...).

When testing, code that causes React state updates should be wrapped into act(...):

act(() => {
  /* fire events that update state */
});
/* assert on the output */

This ensures that you're testing the behavior the user would see in the browser. Learn more at https://react.dev/link/wrap-tests-with-act
An update to OrderForm inside a test was not wrapped in act(...).

When testing, code that causes React state updates should be wrapped into act(...):

act(() => {
  /* fire events that update state */
});
/* assert on the output */

This ensures that you're testing the behavior the user would see in the browser. Learn more at https://react.dev/link/wrap-tests-with-act
An update to OrderForm inside a test was not wrapped in act(...).

When testing, code that causes React state updates should be wrapped into act(...):

act(() => {
  /* fire events that update state */
});
/* assert on the output */

This ensures that you're testing the behavior the user would see in the browser. Learn more at https://react.dev/link/wrap-tests-with-act
An update to OrderForm inside a test was not wrapped in act(...).

When testing, code that causes React state updates should be wrapped into act(...):

act(() => {
  /* fire events that update state */
});
/* assert on the output */

This ensures that you're testing the behavior the user would see in the browser. Learn more at https://react.dev/link/wrap-tests-with-act

stderr | tests/unit/pedidos-ui/pedidos-viewport.test.tsx > pantalla de pedidos en viewport angosto (375 px) > las acciones de fila siguen siendo alcanzables dentro de la tabla (R22)
An update to OrderForm inside a test was not wrapped in act(...).

When testing, code that causes React state updates should be wrapped into act(...):

act(() => {
  /* fire events that update state */
});
/* assert on the output */

This ensures that you're testing the behavior the user would see in the browser. Learn more at https://react.dev/link/wrap-tests-with-act
An update to OrderForm inside a test was not wrapped in act(...).

When testing, code that causes React state updates should be wrapped into act(...):

act(() => {
  /* fire events that update state */
});
/* assert on the output */

This ensures that you're testing the behavior the user would see in the browser. Learn more at https://react.dev/link/wrap-tests-with-act
An update to OrderForm inside a test was not wrapped in act(...).

When testing, code that causes React state updates should be wrapped into act(...):

act(() => {
  /* fire events that update state */
});
/* assert on the output */

This ensures that you're testing the behavior the user would see in the browser. Learn more at https://react.dev/link/wrap-tests-with-act
An update to OrderForm inside a test was not wrapped in act(...).

When testing, code that causes React state updates should be wrapped into act(...):

act(() => {
  /* fire events that update state */
});
/* assert on the output */

This ensures that you're testing the behavior the user would see in the browser. Learn more at https://react.dev/link/wrap-tests-with-act
An update to OrderForm inside a test was not wrapped in act(...).

When testing, code that causes React state updates should be wrapped into act(...):

act(() => {
  /* fire events that update state */
});
/* assert on the output */

This ensures that you're testing the behavior the user would see in the browser. Learn more at https://react.dev/link/wrap-tests-with-act
An update to OrderForm inside a test was not wrapped in act(...).

When testing, code that causes React state updates should be wrapped into act(...):

act(() => {
  /* fire events that update state */
});
/* assert on the output */

This ensures that you're testing the behavior the user would see in the browser. Learn more at https://react.dev/link/wrap-tests-with-act

stderr | tests/unit/pedidos-ui/order-sheet.test.tsx > panel lateral de pedidos (R25, R35, R36) > un guardado rechazado NO cierra el panel
An update to OrderForm inside a test was not wrapped in act(...).

When testing, code that causes React state updates should be wrapped into act(...):

act(() => {
  /* fire events that update state */
});
/* assert on the output */

This ensures that you're testing the behavior the user would see in the browser. Learn more at https://react.dev/link/wrap-tests-with-act
An update to OrderForm inside a test was not wrapped in act(...).

When testing, code that causes React state updates should be wrapped into act(...):

act(() => {
  /* fire events that update state */
});
/* assert on the output */

This ensures that you're testing the behavior the user would see in the browser. Learn more at https://react.dev/link/wrap-tests-with-act
An update to OrderForm inside a test was not wrapped in act(...).

When testing, code that causes React state updates should be wrapped into act(...):

act(() => {
  /* fire events that update state */
});
/* assert on the output */

This ensures that you're testing the behavior the user would see in the browser. Learn more at https://react.dev/link/wrap-tests-with-act

stderr | tests/unit/pedidos-ui/pedidos-viewport.test.tsx > pantalla de pedidos en viewport angosto (375 px) > ningun control se descubre ni se activa solo con :hover (R45)
An update to OrderForm inside a test was not wrapped in act(...).

When testing, code that causes React state updates should be wrapped into act(...):

act(() => {
  /* fire events that update state */
});
/* assert on the output */

This ensures that you're testing the behavior the user would see in the browser. Learn more at https://react.dev/link/wrap-tests-with-act
An update to OrderForm inside a test was not wrapped in act(...).

When testing, code that causes React state updates should be wrapped into act(...):

act(() => {
  /* fire events that update state */
});
/* assert on the output */

This ensures that you're testing the behavior the user would see in the browser. Learn more at https://react.dev/link/wrap-tests-with-act
An update to OrderForm inside a test was not wrapped in act(...).

When testing, code that causes React state updates should be wrapped into act(...):

act(() => {
  /* fire events that update state */
});
/* assert on the output */

This ensures that you're testing the behavior the user would see in the browser. Learn more at https://react.dev/link/wrap-tests-with-act
An update to OrderForm inside a test was not wrapped in act(...).

When testing, code that causes React state updates should be wrapped into act(...):

act(() => {
  /* fire events that update state */
});
/* assert on the output */

This ensures that you're testing the behavior the user would see in the browser. Learn more at https://react.dev/link/wrap-tests-with-act
An update to OrderForm inside a test was not wrapped in act(...).

When testing, code that causes React state updates should be wrapped into act(...):

act(() => {
  /* fire events that update state */
});
/* assert on the output */

This ensures that you're testing the behavior the user would see in the browser. Learn more at https://react.dev/link/wrap-tests-with-act
An update to OrderForm inside a test was not wrapped in act(...).

When testing, code that causes React state updates should be wrapped into act(...):

act(() => {
  /* fire events that update state */
});
/* assert on the output */

This ensures that you're testing the behavior the user would see in the browser. Learn more at https://react.dev/link/wrap-tests-with-act

stderr | tests/unit/pedidos-ui/pedidos-viewport.test.tsx > pantalla de pedidos en viewport angosto (375 px) > los controles tactiles de la lista miden al menos 44x44 px (R45)
An update to OrderForm inside a test was not wrapped in act(...).

When testing, code that causes React state updates should be wrapped into act(...):

act(() => {
  /* fire events that update state */
});
/* assert on the output */

This ensures that you're testing the behavior the user would see in the browser. Learn more at https://react.dev/link/wrap-tests-with-act
An update to OrderForm inside a test was not wrapped in act(...).

When testing, code that causes React state updates should be wrapped into act(...):

act(() => {
  /* fire events that update state */
});
/* assert on the output */

This ensures that you're testing the behavior the user would see in the browser. Learn more at https://react.dev/link/wrap-tests-with-act
An update to OrderForm inside a test was not wrapped in act(...).

When testing, code that causes React state updates should be wrapped into act(...):

act(() => {
  /* fire events that update state */
});
/* assert on the output */

This ensures that you're testing the behavior the user would see in the browser. Learn more at https://react.dev/link/wrap-tests-with-act
An update to OrderForm inside a test was not wrapped in act(...).

When testing, code that causes React state updates should be wrapped into act(...):

act(() => {
  /* fire events that update state */
});
/* assert on the output */

This ensures that you're testing the behavior the user would see in the browser. Learn more at https://react.dev/link/wrap-tests-with-act
An update to OrderForm inside a test was not wrapped in act(...).

When testing, code that causes React state updates should be wrapped into act(...):

act(() => {
  /* fire events that update state */
});
/* assert on the output */

This ensures that you're testing the behavior the user would see in the browser. Learn more at https://react.dev/link/wrap-tests-with-act
An update to OrderForm inside a test was not wrapped in act(...).

When testing, code that causes React state updates should be wrapped into act(...):

act(() => {
  /* fire events that update state */
});
/* assert on the output */

This ensures that you're testing the behavior the user would see in the browser. Learn more at https://react.dev/link/wrap-tests-with-act

stderr | tests/unit/pedidos-ui/pedidos-viewport.test.tsx > pantalla de pedidos en viewport angosto (375 px) > los campos y las acciones del formulario cumplen 44x44 px y 16 px de fuente (R45)
An update to OrderForm inside a test was not wrapped in act(...).

When testing, code that causes React state updates should be wrapped into act(...):

act(() => {
  /* fire events that update state */
});
/* assert on the output */

This ensures that you're testing the behavior the user would see in the browser. Learn more at https://react.dev/link/wrap-tests-with-act
An update to OrderForm inside a test was not wrapped in act(...).

When testing, code that causes React state updates should be wrapped into act(...):

act(() => {
  /* fire events that update state */
});
/* assert on the output */

This ensures that you're testing the behavior the user would see in the browser. Learn more at https://react.dev/link/wrap-tests-with-act
An update to OrderForm inside a test was not wrapped in act(...).

When testing, code that causes React state updates should be wrapped into act(...):

act(() => {
  /* fire events that update state */
});
/* assert on the output */

This ensures that you're testing the behavior the user would see in the browser. Learn more at https://react.dev/link/wrap-tests-with-act
An update to OrderForm inside a test was not wrapped in act(...).

When testing, code that causes React state updates should be wrapped into act(...):

act(() => {
  /* fire events that update state */
});
/* assert on the output */

This ensures that you're testing the behavior the user would see in the browser. Learn more at https://react.dev/link/wrap-tests-with-act
An update to OrderForm inside a test was not wrapped in act(...).

When testing, code that causes React state updates should be wrapped into act(...):

act(() => {
  /* fire events that update state */
});
/* assert on the output */

This ensures that you're testing the behavior the user would see in the browser. Learn more at https://react.dev/link/wrap-tests-with-act
An update to OrderForm inside a test was not wrapped in act(...).

When testing, code that causes React state updates should be wrapped into act(...):

act(() => {
  /* fire events that update state */
});
/* assert on the output */

This ensures that you're testing the behavior the user would see in the browser. Learn more at https://react.dev/link/wrap-tests-with-act

stderr | tests/unit/proveedores-ui/supplier-detail-page.test.tsx > catalogo — los tres estados (R23, R24, R25) > mientras el catalogo esta en vuelo se presenta el esqueleto, no la tabla
<CatalogListSection> is an async Client Component. Only Server Components can be async at the moment. This error is often caused by accidentally adding `'use client'` to a module that was originally written for the server.

stderr | tests/unit/proveedores-ui/supplier-detail-page.test.tsx > catalogo — los tres estados (R23, R24, R25) > mientras el catalogo esta en vuelo se presenta el esqueleto, no la tabla
A component suspended inside an `act` scope, but the `act` call was not awaited. When testing React components that depend on asynchronous data, you must await the result:

await act(() => ...)

stderr | tests/unit/proveedores-ui/supplier-detail-page.test.tsx > catalogo — los tres estados (R23, R24, R25) > mientras el catalogo esta en vuelo se presenta el esqueleto, no la tabla
A suspended resource finished loading inside a test, but the event was not wrapped in act(...).

When testing, code that resolves suspended data should be wrapped into act(...):

act(() => {
  /* finish loading suspended data */
});
/* assert on the output */

This ensures that you're testing the behavior the user would see in the browser. Learn more at https://react.dev/link/wrap-tests-with-act

stderr | tests/unit/pedidos-ui/order-sheet.test.tsx > panel lateral de pedidos (R25, R35, R36) > la zona privada sigue teniendo EXACTAMENTE una region de avisos
An update to OrderForm inside a test was not wrapped in act(...).

When testing, code that causes React state updates should be wrapped into act(...):

act(() => {
  /* fire events that update state */
});
/* assert on the output */

This ensures that you're testing the behavior the user would see in the browser. Learn more at https://react.dev/link/wrap-tests-with-act
An update to OrderForm inside a test was not wrapped in act(...).

When testing, code that causes React state updates should be wrapped into act(...):

act(() => {
  /* fire events that update state */
});
/* assert on the output */

This ensures that you're testing the behavior the user would see in the browser. Learn more at https://react.dev/link/wrap-tests-with-act
An update to OrderForm inside a test was not wrapped in act(...).

When testing, code that causes React state updates should be wrapped into act(...):

act(() => {
  /* fire events that update state */
});
/* assert on the output */

This ensures that you're testing the behavior the user would see in the browser. Learn more at https://react.dev/link/wrap-tests-with-act

stderr | tests/unit/pedidos-ui/pedidos-viewport.test.tsx > pantalla de pedidos en viewport angosto (375 px) > la pantalla no usa 100vh como alto (R45)
An update to OrderForm inside a test was not wrapped in act(...).

When testing, code that causes React state updates should be wrapped into act(...):

act(() => {
  /* fire events that update state */
});
/* assert on the output */

This ensures that you're testing the behavior the user would see in the browser. Learn more at https://react.dev/link/wrap-tests-with-act
An update to OrderForm inside a test was not wrapped in act(...).

When testing, code that causes React state updates should be wrapped into act(...):

act(() => {
  /* fire events that update state */
});
/* assert on the output */

This ensures that you're testing the behavior the user would see in the browser. Learn more at https://react.dev/link/wrap-tests-with-act
An update to OrderForm inside a test was not wrapped in act(...).

When testing, code that causes React state updates should be wrapped into act(...):

act(() => {
  /* fire events that update state */
});
/* assert on the output */

This ensures that you're testing the behavior the user would see in the browser. Learn more at https://react.dev/link/wrap-tests-with-act
An update to OrderForm inside a test was not wrapped in act(...).

When testing, code that causes React state updates should be wrapped into act(...):

act(() => {
  /* fire events that update state */
});
/* assert on the output */

This ensures that you're testing the behavior the user would see in the browser. Learn more at https://react.dev/link/wrap-tests-with-act
An update to OrderForm inside a test was not wrapped in act(...).

When testing, code that causes React state updates should be wrapped into act(...):

act(() => {
  /* fire events that update state */
});
/* assert on the output */

This ensures that you're testing the behavior the user would see in the browser. Learn more at https://react.dev/link/wrap-tests-with-act
An update to OrderForm inside a test was not wrapped in act(...).

When testing, code that causes React state updates should be wrapped into act(...):

act(() => {
  /* fire events that update state */
});
/* assert on the output */

This ensures that you're testing the behavior the user would see in the browser. Learn more at https://react.dev/link/wrap-tests-with-act

stderr | tests/unit/pedidos-ui/pedidos-viewport.test.tsx > pantalla de pedidos en viewport angosto (375 px) > P2 — ninguna columna declara ancho y ninguna celda recibe uno en linea
An update to OrderForm inside a test was not wrapped in act(...).

When testing, code that causes React state updates should be wrapped into act(...):

act(() => {
  /* fire events that update state */
});
/* assert on the output */

This ensures that you're testing the behavior the user would see in the browser. Learn more at https://react.dev/link/wrap-tests-with-act
An update to OrderForm inside a test was not wrapped in act(...).

When testing, code that causes React state updates should be wrapped into act(...):

act(() => {
  /* fire events that update state */
});
/* assert on the output */

This ensures that you're testing the behavior the user would see in the browser. Learn more at https://react.dev/link/wrap-tests-with-act
An update to OrderForm inside a test was not wrapped in act(...).

When testing, code that causes React state updates should be wrapped into act(...):

act(() => {
  /* fire events that update state */
});
/* assert on the output */

This ensures that you're testing the behavior the user would see in the browser. Learn more at https://react.dev/link/wrap-tests-with-act
An update to OrderForm inside a test was not wrapped in act(...).

When testing, code that causes React state updates should be wrapped into act(...):

act(() => {
  /* fire events that update state */
});
/* assert on the output */

This ensures that you're testing the behavior the user would see in the browser. Learn more at https://react.dev/link/wrap-tests-with-act
An update to OrderForm inside a test was not wrapped in act(...).

When testing, code that causes React state updates should be wrapped into act(...):

act(() => {
  /* fire events that update state */
});
/* assert on the output */

This ensures that you're testing the behavior the user would see in the browser. Learn more at https://react.dev/link/wrap-tests-with-act
An update to OrderForm inside a test was not wrapped in act(...).

When testing, code that causes React state updates should be wrapped into act(...):

act(() => {
  /* fire events that update state */
});
/* assert on the output */

This ensures that you're testing the behavior the user would see in the browser. Learn more at https://react.dev/link/wrap-tests-with-act

stderr | tests/unit/pedidos-ui/pedidos-viewport.test.tsx > pantalla de pedidos en viewport angosto (375 px) > P2 — la tabla dimensiona por contenido y el unico fijado tiene offset 0
An update to OrderForm inside a test was not wrapped in act(...).

When testing, code that causes React state updates should be wrapped into act(...):

act(() => {
  /* fire events that update state */
});
/* assert on the output */

This ensures that you're testing the behavior the user would see in the browser. Learn more at https://react.dev/link/wrap-tests-with-act
An update to OrderForm inside a test was not wrapped in act(...).

When testing, code that causes React state updates should be wrapped into act(...):

act(() => {
  /* fire events that update state */
});
/* assert on the output */

This ensures that you're testing the behavior the user would see in the browser. Learn more at https://react.dev/link/wrap-tests-with-act
An update to OrderForm inside a test was not wrapped in act(...).

When testing, code that causes React state updates should be wrapped into act(...):

act(() => {
  /* fire events that update state */
});
/* assert on the output */

This ensures that you're testing the behavior the user would see in the browser. Learn more at https://react.dev/link/wrap-tests-with-act
An update to OrderForm inside a test was not wrapped in act(...).

When testing, code that causes React state updates should be wrapped into act(...):

act(() => {
  /* fire events that update state */
});
/* assert on the output */

This ensures that you're testing the behavior the user would see in the browser. Learn more at https://react.dev/link/wrap-tests-with-act
An update to OrderForm inside a test was not wrapped in act(...).

When testing, code that causes React state updates should be wrapped into act(...):

act(() => {
  /* fire events that update state */
});
/* assert on the output */

This ensures that you're testing the behavior the user would see in the browser. Learn more at https://react.dev/link/wrap-tests-with-act
An update to OrderForm inside a test was not wrapped in act(...).

When testing, code that causes React state updates should be wrapped into act(...):

act(() => {
  /* fire events that update state */
});
/* assert on the output */

This ensures that you're testing the behavior the user would see in the browser. Learn more at https://react.dev/link/wrap-tests-with-act

stderr | tests/unit/pedidos-ui/order-sheet.test.tsx > panel lateral de pedidos (R25, R35, R36) > reabrir el alta arranca VACIO: el label del pedido anterior no hereda
An update to OrderForm inside a test was not wrapped in act(...).

When testing, code that causes React state updates should be wrapped into act(...):

act(() => {
  /* fire events that update state */
});
/* assert on the output */

This ensures that you're testing the behavior the user would see in the browser. Learn more at https://react.dev/link/wrap-tests-with-act
An update to OrderForm inside a test was not wrapped in act(...).

When testing, code that causes React state updates should be wrapped into act(...):

act(() => {
  /* fire events that update state */
});
/* assert on the output */

This ensures that you're testing the behavior the user would see in the browser. Learn more at https://react.dev/link/wrap-tests-with-act
An update to OrderForm inside a test was not wrapped in act(...).

When testing, code that causes React state updates should be wrapped into act(...):

act(() => {
  /* fire events that update state */
});
/* assert on the output */

This ensures that you're testing the behavior the user would see in the browser. Learn more at https://react.dev/link/wrap-tests-with-act

stderr | tests/unit/pedidos-ui/pedidos-viewport.test.tsx > pantalla de pedidos en viewport ancho (1280 px) > el desbordamiento se resuelve DENTRO de la tabla, no en el documento (R22)
An update to OrderForm inside a test was not wrapped in act(...).

When testing, code that causes React state updates should be wrapped into act(...):

act(() => {
  /* fire events that update state */
});
/* assert on the output */

This ensures that you're testing the behavior the user would see in the browser. Learn more at https://react.dev/link/wrap-tests-with-act
An update to OrderForm inside a test was not wrapped in act(...).

When testing, code that causes React state updates should be wrapped into act(...):

act(() => {
  /* fire events that update state */
});
/* assert on the output */

This ensures that you're testing the behavior the user would see in the browser. Learn more at https://react.dev/link/wrap-tests-with-act
An update to OrderForm inside a test was not wrapped in act(...).

When testing, code that causes React state updates should be wrapped into act(...):

act(() => {
  /* fire events that update state */
});
/* assert on the output */

This ensures that you're testing the behavior the user would see in the browser. Learn more at https://react.dev/link/wrap-tests-with-act
An update to OrderForm inside a test was not wrapped in act(...).

When testing, code that causes React state updates should be wrapped into act(...):

act(() => {
  /* fire events that update state */
});
/* assert on the output */

This ensures that you're testing the behavior the user would see in the browser. Learn more at https://react.dev/link/wrap-tests-with-act
An update to OrderForm inside a test was not wrapped in act(...).

When testing, code that causes React state updates should be wrapped into act(...):

act(() => {
  /* fire events that update state */
});
/* assert on the output */

This ensures that you're testing the behavior the user would see in the browser. Learn more at https://react.dev/link/wrap-tests-with-act
An update to OrderForm inside a test was not wrapped in act(...).

When testing, code that causes React state updates should be wrapped into act(...):

act(() => {
  /* fire events that update state */
});
/* assert on the output */

This ensures that you're testing the behavior the user would see in the browser. Learn more at https://react.dev/link/wrap-tests-with-act

stderr | tests/unit/pedidos-ui/pedidos-viewport.test.tsx > pantalla de pedidos en viewport ancho (1280 px) > las acciones de fila siguen siendo alcanzables dentro de la tabla (R22)
An update to OrderForm inside a test was not wrapped in act(...).

When testing, code that causes React state updates should be wrapped into act(...):

act(() => {
  /* fire events that update state */
});
/* assert on the output */

This ensures that you're testing the behavior the user would see in the browser. Learn more at https://react.dev/link/wrap-tests-with-act
An update to OrderForm inside a test was not wrapped in act(...).

When testing, code that causes React state updates should be wrapped into act(...):

act(() => {
  /* fire events that update state */
});
/* assert on the output */

This ensures that you're testing the behavior the user would see in the browser. Learn more at https://react.dev/link/wrap-tests-with-act
An update to OrderForm inside a test was not wrapped in act(...).

When testing, code that causes React state updates should be wrapped into act(...):

act(() => {
  /* fire events that update state */
});
/* assert on the output */

This ensures that you're testing the behavior the user would see in the browser. Learn more at https://react.dev/link/wrap-tests-with-act
An update to OrderForm inside a test was not wrapped in act(...).

When testing, code that causes React state updates should be wrapped into act(...):

act(() => {
  /* fire events that update state */
});
/* assert on the output */

This ensures that you're testing the behavior the user would see in the browser. Learn more at https://react.dev/link/wrap-tests-with-act
An update to OrderForm inside a test was not wrapped in act(...).

When testing, code that causes React state updates should be wrapped into act(...):

act(() => {
  /* fire events that update state */
});
/* assert on the output */

This ensures that you're testing the behavior the user would see in the browser. Learn more at https://react.dev/link/wrap-tests-with-act
An update to OrderForm inside a test was not wrapped in act(...).

When testing, code that causes React state updates should be wrapped into act(...):

act(() => {
  /* fire events that update state */
});
/* assert on the output */

This ensures that you're testing the behavior the user would see in the browser. Learn more at https://react.dev/link/wrap-tests-with-act

stderr | tests/unit/pedidos-ui/pedidos-viewport.test.tsx > pantalla de pedidos en viewport ancho (1280 px) > ningun control se descubre ni se activa solo con :hover (R45)
An update to OrderForm inside a test was not wrapped in act(...).

When testing, code that causes React state updates should be wrapped into act(...):

act(() => {
  /* fire events that update state */
});
/* assert on the output */

This ensures that you're testing the behavior the user would see in the browser. Learn more at https://react.dev/link/wrap-tests-with-act
An update to OrderForm inside a test was not wrapped in act(...).

When testing, code that causes React state updates should be wrapped into act(...):

act(() => {
  /* fire events that update state */
});
/* assert on the output */

This ensures that you're testing the behavior the user would see in the browser. Learn more at https://react.dev/link/wrap-tests-with-act
An update to OrderForm inside a test was not wrapped in act(...).

When testing, code that causes React state updates should be wrapped into act(...):

act(() => {
  /* fire events that update state */
});
/* assert on the output */

This ensures that you're testing the behavior the user would see in the browser. Learn more at https://react.dev/link/wrap-tests-with-act
An update to OrderForm inside a test was not wrapped in act(...).

When testing, code that causes React state updates should be wrapped into act(...):

act(() => {
  /* fire events that update state */
});
/* assert on the output */

This ensures that you're testing the behavior the user would see in the browser. Learn more at https://react.dev/link/wrap-tests-with-act
An update to OrderForm inside a test was not wrapped in act(...).

When testing, code that causes React state updates should be wrapped into act(...):

act(() => {
  /* fire events that update state */
});
/* assert on the output */

This ensures that you're testing the behavior the user would see in the browser. Learn more at https://react.dev/link/wrap-tests-with-act
An update to OrderForm inside a test was not wrapped in act(...).

When testing, code that causes React state updates should be wrapped into act(...):

act(() => {
  /* fire events that update state */
});
/* assert on the output */

This ensures that you're testing the behavior the user would see in the browser. Learn more at https://react.dev/link/wrap-tests-with-act

 ✓ |ui| tests/unit/pedidos-ui/order-sheet.test.tsx (8 tests) 9227ms
     ✓ el alta se abre en un panel lateral SOBRE la lista, sin navegar a otra URL  1380ms
     ✓ al cerrar el panel la URL conserva pagina, tamano, orden y filtros  956ms
     ✓ un alta con exito cierra el panel, avisa por toast y refresca la lista  1965ms
     ✓ un guardado rechazado NO cierra el panel  1849ms
     ✓ la zona privada sigue teniendo EXACTAMENTE una region de avisos  727ms
     ✓ la accion de editar de la fila abre el panel con el pedido precargado  378ms
     ✓ reabrir el alta arranca VACIO: el label del pedido anterior no hereda  1917ms
stderr | tests/unit/pedidos-ui/pedidos-viewport.test.tsx > pantalla de pedidos en viewport ancho (1280 px) > los controles tactiles de la lista miden al menos 44x44 px (R45)
An update to OrderForm inside a test was not wrapped in act(...).

When testing, code that causes React state updates should be wrapped into act(...):

act(() => {
  /* fire events that update state */
});
/* assert on the output */

This ensures that you're testing the behavior the user would see in the browser. Learn more at https://react.dev/link/wrap-tests-with-act
An update to OrderForm inside a test was not wrapped in act(...).

When testing, code that causes React state updates should be wrapped into act(...):

act(() => {
  /* fire events that update state */
});
/* assert on the output */

This ensures that you're testing the behavior the user would see in the browser. Learn more at https://react.dev/link/wrap-tests-with-act
An update to OrderForm inside a test was not wrapped in act(...).

When testing, code that causes React state updates should be wrapped into act(...):

act(() => {
  /* fire events that update state */
});
/* assert on the output */

This ensures that you're testing the behavior the user would see in the browser. Learn more at https://react.dev/link/wrap-tests-with-act
An update to OrderForm inside a test was not wrapped in act(...).

When testing, code that causes React state updates should be wrapped into act(...):

act(() => {
  /* fire events that update state */
});
/* assert on the output */

This ensures that you're testing the behavior the user would see in the browser. Learn more at https://react.dev/link/wrap-tests-with-act
An update to OrderForm inside a test was not wrapped in act(...).

When testing, code that causes React state updates should be wrapped into act(...):

act(() => {
  /* fire events that update state */
});
/* assert on the output */

This ensures that you're testing the behavior the user would see in the browser. Learn more at https://react.dev/link/wrap-tests-with-act
An update to OrderForm inside a test was not wrapped in act(...).

When testing, code that causes React state updates should be wrapped into act(...):

act(() => {
  /* fire events that update state */
});
/* assert on the output */

This ensures that you're testing the behavior the user would see in the browser. Learn more at https://react.dev/link/wrap-tests-with-act

stderr | tests/unit/pedidos-ui/pedidos-viewport.test.tsx > pantalla de pedidos en viewport ancho (1280 px) > los campos y las acciones del formulario cumplen 44x44 px y 16 px de fuente (R45)
An update to OrderForm inside a test was not wrapped in act(...).

When testing, code that causes React state updates should be wrapped into act(...):

act(() => {
  /* fire events that update state */
});
/* assert on the output */

This ensures that you're testing the behavior the user would see in the browser. Learn more at https://react.dev/link/wrap-tests-with-act
An update to OrderForm inside a test was not wrapped in act(...).

When testing, code that causes React state updates should be wrapped into act(...):

act(() => {
  /* fire events that update state */
});
/* assert on the output */

This ensures that you're testing the behavior the user would see in the browser. Learn more at https://react.dev/link/wrap-tests-with-act
An update to OrderForm inside a test was not wrapped in act(...).

When testing, code that causes React state updates should be wrapped into act(...):

act(() => {
  /* fire events that update state */
});
/* assert on the output */

This ensures that you're testing the behavior the user would see in the browser. Learn more at https://react.dev/link/wrap-tests-with-act
An update to OrderForm inside a test was not wrapped in act(...).

When testing, code that causes React state updates should be wrapped into act(...):

act(() => {
  /* fire events that update state */
});
/* assert on the output */

This ensures that you're testing the behavior the user would see in the browser. Learn more at https://react.dev/link/wrap-tests-with-act
An update to OrderForm inside a test was not wrapped in act(...).

When testing, code that causes React state updates should be wrapped into act(...):

act(() => {
  /* fire events that update state */
});
/* assert on the output */

This ensures that you're testing the behavior the user would see in the browser. Learn more at https://react.dev/link/wrap-tests-with-act
An update to OrderForm inside a test was not wrapped in act(...).

When testing, code that causes React state updates should be wrapped into act(...):

act(() => {
  /* fire events that update state */
});
/* assert on the output */

This ensures that you're testing the behavior the user would see in the browser. Learn more at https://react.dev/link/wrap-tests-with-act

 ✓ |ui| tests/unit/shared/data-table-viewport.test.tsx (15 tests) 6326ms
     ✓ el menu de cabecera se abre y ofrece sus acciones  1094ms
       ✓ se abre y un atajo emite su rango  1011ms
     ✓ una columna fijada conserva su position sticky y su desplazamiento  424ms
     ✓ el menu de cabecera se abre y ofrece sus acciones  347ms
       ✓ se abre y un atajo emite su rango  1191ms
     ✓ una columna fijada conserva su position sticky y su desplazamiento  311ms
     ✓ el calendario del filtro de fechas ADAPTA el numero de meses por ancho, no lo hace desaparecer  811ms
stderr | tests/unit/pedidos-ui/pedidos-viewport.test.tsx > pantalla de pedidos en viewport ancho (1280 px) > la pantalla no usa 100vh como alto (R45)
An update to OrderForm inside a test was not wrapped in act(...).

When testing, code that causes React state updates should be wrapped into act(...):

act(() => {
  /* fire events that update state */
});
/* assert on the output */

This ensures that you're testing the behavior the user would see in the browser. Learn more at https://react.dev/link/wrap-tests-with-act
An update to OrderForm inside a test was not wrapped in act(...).

When testing, code that causes React state updates should be wrapped into act(...):

act(() => {
  /* fire events that update state */
});
/* assert on the output */

This ensures that you're testing the behavior the user would see in the browser. Learn more at https://react.dev/link/wrap-tests-with-act
An update to OrderForm inside a test was not wrapped in act(...).

When testing, code that causes React state updates should be wrapped into act(...):

act(() => {
  /* fire events that update state */
});
/* assert on the output */

This ensures that you're testing the behavior the user would see in the browser. Learn more at https://react.dev/link/wrap-tests-with-act
An update to OrderForm inside a test was not wrapped in act(...).

When testing, code that causes React state updates should be wrapped into act(...):

act(() => {
  /* fire events that update state */
});
/* assert on the output */

This ensures that you're testing the behavior the user would see in the browser. Learn more at https://react.dev/link/wrap-tests-with-act
An update to OrderForm inside a test was not wrapped in act(...).

When testing, code that causes React state updates should be wrapped into act(...):

act(() => {
  /* fire events that update state */
});
/* assert on the output */

This ensures that you're testing the behavior the user would see in the browser. Learn more at https://react.dev/link/wrap-tests-with-act
An update to OrderForm inside a test was not wrapped in act(...).

When testing, code that causes React state updates should be wrapped into act(...):

act(() => {
  /* fire events that update state */
});
/* assert on the output */

This ensures that you're testing the behavior the user would see in the browser. Learn more at https://react.dev/link/wrap-tests-with-act

stderr | tests/unit/pedidos-ui/pedidos-viewport.test.tsx > pantalla de pedidos en viewport ancho (1280 px) > P2 — ninguna columna declara ancho y ninguna celda recibe uno en linea
An update to OrderForm inside a test was not wrapped in act(...).

When testing, code that causes React state updates should be wrapped into act(...):

act(() => {
  /* fire events that update state */
});
/* assert on the output */

This ensures that you're testing the behavior the user would see in the browser. Learn more at https://react.dev/link/wrap-tests-with-act
An update to OrderForm inside a test was not wrapped in act(...).

When testing, code that causes React state updates should be wrapped into act(...):

act(() => {
  /* fire events that update state */
});
/* assert on the output */

This ensures that you're testing the behavior the user would see in the browser. Learn more at https://react.dev/link/wrap-tests-with-act
An update to OrderForm inside a test was not wrapped in act(...).

When testing, code that causes React state updates should be wrapped into act(...):

act(() => {
  /* fire events that update state */
});
/* assert on the output */

This ensures that you're testing the behavior the user would see in the browser. Learn more at https://react.dev/link/wrap-tests-with-act
An update to OrderForm inside a test was not wrapped in act(...).

When testing, code that causes React state updates should be wrapped into act(...):

act(() => {
  /* fire events that update state */
});
/* assert on the output */

This ensures that you're testing the behavior the user would see in the browser. Learn more at https://react.dev/link/wrap-tests-with-act
An update to OrderForm inside a test was not wrapped in act(...).

When testing, code that causes React state updates should be wrapped into act(...):

act(() => {
  /* fire events that update state */
});
/* assert on the output */

This ensures that you're testing the behavior the user would see in the browser. Learn more at https://react.dev/link/wrap-tests-with-act
An update to OrderForm inside a test was not wrapped in act(...).

When testing, code that causes React state updates should be wrapped into act(...):

act(() => {
  /* fire events that update state */
});
/* assert on the output */

This ensures that you're testing the behavior the user would see in the browser. Learn more at https://react.dev/link/wrap-tests-with-act

stderr | tests/unit/pedidos-ui/pedidos-viewport.test.tsx > pantalla de pedidos en viewport ancho (1280 px) > P2 — la tabla dimensiona por contenido y el unico fijado tiene offset 0
An update to OrderForm inside a test was not wrapped in act(...).

When testing, code that causes React state updates should be wrapped into act(...):

act(() => {
  /* fire events that update state */
});
/* assert on the output */

This ensures that you're testing the behavior the user would see in the browser. Learn more at https://react.dev/link/wrap-tests-with-act
An update to OrderForm inside a test was not wrapped in act(...).

When testing, code that causes React state updates should be wrapped into act(...):

act(() => {
  /* fire events that update state */
});
/* assert on the output */

This ensures that you're testing the behavior the user would see in the browser. Learn more at https://react.dev/link/wrap-tests-with-act
An update to OrderForm inside a test was not wrapped in act(...).

When testing, code that causes React state updates should be wrapped into act(...):

act(() => {
  /* fire events that update state */
});
/* assert on the output */

This ensures that you're testing the behavior the user would see in the browser. Learn more at https://react.dev/link/wrap-tests-with-act
An update to OrderForm inside a test was not wrapped in act(...).

When testing, code that causes React state updates should be wrapped into act(...):

act(() => {
  /* fire events that update state */
});
/* assert on the output */

This ensures that you're testing the behavior the user would see in the browser. Learn more at https://react.dev/link/wrap-tests-with-act
An update to OrderForm inside a test was not wrapped in act(...).

When testing, code that causes React state updates should be wrapped into act(...):

act(() => {
  /* fire events that update state */
});
/* assert on the output */

This ensures that you're testing the behavior the user would see in the browser. Learn more at https://react.dev/link/wrap-tests-with-act
An update to OrderForm inside a test was not wrapped in act(...).

When testing, code that causes React state updates should be wrapped into act(...):

act(() => {
  /* fire events that update state */
});
/* assert on the output */

This ensures that you're testing the behavior the user would see in the browser. Learn more at https://react.dev/link/wrap-tests-with-act

 ✓ |ui| tests/unit/pedidos-ui/pedidos-viewport.test.tsx (16 tests) 8926ms
     ✓ el desbordamiento se resuelve DENTRO de la tabla, no en el documento (R22)  1065ms
     ✓ las acciones de fila siguen siendo alcanzables dentro de la tabla (R22)  511ms
     ✓ ningun control se descubre ni se activa solo con :hover (R45)  860ms
     ✓ los controles tactiles de la lista miden al menos 44x44 px (R45)  319ms
     ✓ los campos y las acciones del formulario cumplen 44x44 px y 16 px de fuente (R45)  831ms
     ✓ la pantalla no usa 100vh como alto (R45)  592ms
     ✓ P2 — ninguna columna declara ancho y ninguna celda recibe uno en linea  354ms
     ✓ P2 — la tabla dimensiona por contenido y el unico fijado tiene offset 0  450ms
     ✓ el desbordamiento se resuelve DENTRO de la tabla, no en el documento (R22)  463ms
     ✓ las acciones de fila siguen siendo alcanzables dentro de la tabla (R22)  473ms
     ✓ ningun control se descubre ni se activa solo con :hover (R45)  608ms
     ✓ los controles tactiles de la lista miden al menos 44x44 px (R45)  336ms
     ✓ los campos y las acciones del formulario cumplen 44x44 px y 16 px de fuente (R45)  701ms
     ✓ la pantalla no usa 100vh como alto (R45)  599ms
     ✓ P2 — ninguna columna declara ancho y ninguna celda recibe uno en linea  336ms
     ✓ P2 — la tabla dimensiona por contenido y el unico fijado tiene offset 0  418ms
 ✓ |ui| tests/unit/proveedores-ui/supplier-detail-page.test.tsx (29 tests) 9854ms
     ✓ presenta nombre, telefono y correo del proveedor y, debajo, su catalogo  677ms
     ✓ la pagina no muestra el identificador ni la autoria del proveedor  336ms
     ✓ mientras el catalogo esta en vuelo se presenta el esqueleto, no la tabla  315ms
     ✓ presenta las ocho columnas de negocio de la linea, mas imagen y acciones  309ms
     ✓ la primera columna es la imagen de la linea, y la RUTA no se pinta como texto  447ms
     ✓ ofrece exactamente dos tamanos de pagina y cambiarlos navega a la primera  1515ms
     ✓ permite avanzar y retroceder de pagina e indica la pagina actual y el total  622ms
     ✓ el catalogo SI ofrece busqueda y orden, y ninguno se resuelve en el cliente  1711ms
     ✓ el desbordamiento lo absorbe la tabla, no el documento, en angosto y en ancho  592ms
 ✓ |ui| tests/unit/configuracion-ui/unit-table.test.tsx (18 tests) 5707ms
     ✓ monta `DataTable` con una fila por unidad  399ms
     ✓ no se reordena, ni se filtra, ni se recorta en el cliente aunque los parametros digan otra cosa  586ms
     ✓ las opciones son exactamente las del componente compartido  878ms
     ✓ elegir otro tamano navega con ese tamano y vuelve a la primera pagina  746ms
     ✓ ordenar por equivalencia NO SE OFRECE: no esta en la lista blanca (R19)  470ms
     ✓ ni barra de filtros por columna, ni chips de filtro, ni entrada de filtro en los menus  474ms
 ✓ |ui| tests/unit/proveedores-ui/delete-catalog-line-dialog.test.tsx (9 tests) 6979ms
     ✓ cada fila ofrece la baja y abrir el dialogo NO invoca la operacion  1339ms
     ✓ cancelar cierra el dialogo sin invocar la operacion ni refrescar  814ms
     ✓ cerrar con Escape tampoco invoca la operacion  633ms
     ✓ invoca la baja con el id en campo oculto, cierra, avisa por toast y refresca la lista  750ms
     ✓ una baja rechazada mantiene el dialogo abierto con el mensaje a la vista  718ms
     ✓ la baja de una linea nombra SOLO esa linea y no promete arrastrar nada  418ms
     ✓ los controles se identifican por rol y cumplen el area tactil en angosto y en ancho  986ms
     ✓ el error inesperado ensena el identificador como texto, con su etiqueta  659ms
     ✓ un error del catalogo no ensena identificador ninguno  654ms
 ✓ |ui| tests/unit/inventario/adjust-batch-dialog.test.tsx (10 tests) 8614ms
     ✓ un delta positivo viaja tal cual, junto al batchId y un motivo del conjunto cerrado  2220ms
     ✓ un delta negativo conserva su signo: NUNCA el total nuevo del lote  1222ms
     ✓ con exito cierra, avisa por toast y refresca (R21)  1266ms
     ✓ con error el dialogo sigue abierto con el mensaje a la vista  1136ms
     ✓ muestra el mensaje y NO invoca la action  1183ms
     ✓ el aria-describedby del campo resuelve a un elemento existente con el texto del error  1066ms
     ✓ sin motivo, muestra el mensaje y NO invoca la action  309ms
stderr | tests/unit/pedidos-ui/order-table.test.tsx > la tabla estrena el componente compartido y no declara uno propio (R7) > monta `DataTable` con una fila por pedido
An update to OrderForm inside a test was not wrapped in act(...).

When testing, code that causes React state updates should be wrapped into act(...):

act(() => {
  /* fire events that update state */
});
/* assert on the output */

This ensures that you're testing the behavior the user would see in the browser. Learn more at https://react.dev/link/wrap-tests-with-act
An update to OrderForm inside a test was not wrapped in act(...).

When testing, code that causes React state updates should be wrapped into act(...):

act(() => {
  /* fire events that update state */
});
/* assert on the output */

This ensures that you're testing the behavior the user would see in the browser. Learn more at https://react.dev/link/wrap-tests-with-act
An update to OrderForm inside a test was not wrapped in act(...).

When testing, code that causes React state updates should be wrapped into act(...):

act(() => {
  /* fire events that update state */
});
/* assert on the output */

This ensures that you're testing the behavior the user would see in the browser. Learn more at https://react.dev/link/wrap-tests-with-act
An update to OrderForm inside a test was not wrapped in act(...).

When testing, code that causes React state updates should be wrapped into act(...):

act(() => {
  /* fire events that update state */
});
/* assert on the output */

This ensures that you're testing the behavior the user would see in the browser. Learn more at https://react.dev/link/wrap-tests-with-act
An update to OrderForm inside a test was not wrapped in act(...).

When testing, code that causes React state updates should be wrapped into act(...):

act(() => {
  /* fire events that update state */
});
/* assert on the output */

This ensures that you're testing the behavior the user would see in the browser. Learn more at https://react.dev/link/wrap-tests-with-act
An update to OrderForm inside a test was not wrapped in act(...).

When testing, code that causes React state updates should be wrapped into act(...):

act(() => {
  /* fire events that update state */
});
/* assert on the output */

This ensures that you're testing the behavior the user would see in the browser. Learn more at https://react.dev/link/wrap-tests-with-act
An update to OrderForm inside a test was not wrapped in act(...).

When testing, code that causes React state updates should be wrapped into act(...):

act(() => {
  /* fire events that update state */
});
/* assert on the output */

This ensures that you're testing the behavior the user would see in the browser. Learn more at https://react.dev/link/wrap-tests-with-act
An update to OrderForm inside a test was not wrapped in act(...).

When testing, code that causes React state updates should be wrapped into act(...):

act(() => {
  /* fire events that update state */
});
/* assert on the output */

This ensures that you're testing the behavior the user would see in the browser. Learn more at https://react.dev/link/wrap-tests-with-act
An update to OrderForm inside a test was not wrapped in act(...).

When testing, code that causes React state updates should be wrapped into act(...):

act(() => {
  /* fire events that update state */
});
/* assert on the output */

This ensures that you're testing the behavior the user would see in the browser. Learn more at https://react.dev/link/wrap-tests-with-act

 ✓ |ui| tests/unit/configuracion-ui/user-status-dialog.test.tsx (9 tests) 6016ms
     ✓ nombra a la persona y ofrece los cuatro estados, ni uno mas ni uno menos  1420ms
     ✓ NINGUN valor se excluye por el estado actual: ni el suyo, ni los demas  2308ms
     ✓ MIENTRAS no se confirme, la operacion NO se invoca  632ms
     ✓ la cuenta bloqueada puede pasar a activa, y se envia el id y el destino  800ms
stderr | tests/unit/pedidos-ui/order-table.test.tsx > las filas se pintan en el orden en que llegan (R13) > no se reordena, ni se filtra, ni se recorta en el cliente aunque los parametros digan otra cosa
An update to OrderForm inside a test was not wrapped in act(...).

When testing, code that causes React state updates should be wrapped into act(...):

act(() => {
  /* fire events that update state */
});
/* assert on the output */

This ensures that you're testing the behavior the user would see in the browser. Learn more at https://react.dev/link/wrap-tests-with-act
An update to OrderForm inside a test was not wrapped in act(...).

When testing, code that causes React state updates should be wrapped into act(...):

act(() => {
  /* fire events that update state */
});
/* assert on the output */

This ensures that you're testing the behavior the user would see in the browser. Learn more at https://react.dev/link/wrap-tests-with-act
An update to OrderForm inside a test was not wrapped in act(...).

When testing, code that causes React state updates should be wrapped into act(...):

act(() => {
  /* fire events that update state */
});
/* assert on the output */

This ensures that you're testing the behavior the user would see in the browser. Learn more at https://react.dev/link/wrap-tests-with-act
An update to OrderForm inside a test was not wrapped in act(...).

When testing, code that causes React state updates should be wrapped into act(...):

act(() => {
  /* fire events that update state */
});
/* assert on the output */

This ensures that you're testing the behavior the user would see in the browser. Learn more at https://react.dev/link/wrap-tests-with-act
An update to OrderForm inside a test was not wrapped in act(...).

When testing, code that causes React state updates should be wrapped into act(...):

act(() => {
  /* fire events that update state */
});
/* assert on the output */

This ensures that you're testing the behavior the user would see in the browser. Learn more at https://react.dev/link/wrap-tests-with-act
An update to OrderForm inside a test was not wrapped in act(...).

When testing, code that causes React state updates should be wrapped into act(...):

act(() => {
  /* fire events that update state */
});
/* assert on the output */

This ensures that you're testing the behavior the user would see in the browser. Learn more at https://react.dev/link/wrap-tests-with-act
An update to OrderForm inside a test was not wrapped in act(...).

When testing, code that causes React state updates should be wrapped into act(...):

act(() => {
  /* fire events that update state */
});
/* assert on the output */

This ensures that you're testing the behavior the user would see in the browser. Learn more at https://react.dev/link/wrap-tests-with-act
An update to OrderForm inside a test was not wrapped in act(...).

When testing, code that causes React state updates should be wrapped into act(...):

act(() => {
  /* fire events that update state */
});
/* assert on the output */

This ensures that you're testing the behavior the user would see in the browser. Learn more at https://react.dev/link/wrap-tests-with-act
An update to OrderForm inside a test was not wrapped in act(...).

When testing, code that causes React state updates should be wrapped into act(...):

act(() => {
  /* fire events that update state */
});
/* assert on the output */

This ensures that you're testing the behavior the user would see in the browser. Learn more at https://react.dev/link/wrap-tests-with-act

stderr | tests/unit/pedidos-ui/order-table.test.tsx > la caja de busqueda NO existe (R20) > no se pinta inerte ni deshabilitada: no esta en el DOM
An update to OrderForm inside a test was not wrapped in act(...).

When testing, code that causes React state updates should be wrapped into act(...):

act(() => {
  /* fire events that update state */
});
/* assert on the output */

This ensures that you're testing the behavior the user would see in the browser. Learn more at https://react.dev/link/wrap-tests-with-act
An update to OrderForm inside a test was not wrapped in act(...).

When testing, code that causes React state updates should be wrapped into act(...):

act(() => {
  /* fire events that update state */
});
/* assert on the output */

This ensures that you're testing the behavior the user would see in the browser. Learn more at https://react.dev/link/wrap-tests-with-act
An update to OrderForm inside a test was not wrapped in act(...).

When testing, code that causes React state updates should be wrapped into act(...):

act(() => {
  /* fire events that update state */
});
/* assert on the output */

This ensures that you're testing the behavior the user would see in the browser. Learn more at https://react.dev/link/wrap-tests-with-act
An update to OrderForm inside a test was not wrapped in act(...).

When testing, code that causes React state updates should be wrapped into act(...):

act(() => {
  /* fire events that update state */
});
/* assert on the output */

This ensures that you're testing the behavior the user would see in the browser. Learn more at https://react.dev/link/wrap-tests-with-act
An update to OrderForm inside a test was not wrapped in act(...).

When testing, code that causes React state updates should be wrapped into act(...):

act(() => {
  /* fire events that update state */
});
/* assert on the output */

This ensures that you're testing the behavior the user would see in the browser. Learn more at https://react.dev/link/wrap-tests-with-act
An update to OrderForm inside a test was not wrapped in act(...).

When testing, code that causes React state updates should be wrapped into act(...):

act(() => {
  /* fire events that update state */
});
/* assert on the output */

This ensures that you're testing the behavior the user would see in the browser. Learn more at https://react.dev/link/wrap-tests-with-act
An update to OrderForm inside a test was not wrapped in act(...).

When testing, code that causes React state updates should be wrapped into act(...):

act(() => {
  /* fire events that update state */
});
/* assert on the output */

This ensures that you're testing the behavior the user would see in the browser. Learn more at https://react.dev/link/wrap-tests-with-act
An update to OrderForm inside a test was not wrapped in act(...).

When testing, code that causes React state updates should be wrapped into act(...):

act(() => {
  /* fire events that update state */
});
/* assert on the output */

This ensures that you're testing the behavior the user would see in the browser. Learn more at https://react.dev/link/wrap-tests-with-act
An update to OrderForm inside a test was not wrapped in act(...).

When testing, code that causes React state updates should be wrapped into act(...):

act(() => {
  /* fire events that update state */
});
/* assert on the output */

This ensures that you're testing the behavior the user would see in the browser. Learn more at https://react.dev/link/wrap-tests-with-act

 ✓ |ui| tests/unit/configuracion-ui/unidades-viewport.test.tsx (18 tests) 5946ms
     ✓ la lista es utilizable: las CUATRO columnas, sus filas y la paginacion (R27)  892ms
     ✓ editar y borrar estan en el DOM y visibles desde el primer render, sin :hover (R48)  389ms
     ✓ el panel lateral es utilizable: los CUATRO campos a 16 px y acciones de 44x44 px (R48)  749ms
     ✓ el dialogo de borrado es utilizable y sus dos acciones miden 44x44 px (R48)  451ms
     ✓ editar y borrar estan en el DOM y visibles desde el primer render, sin :hover (R48)  303ms
     ✓ el panel lateral es utilizable: los CUATRO campos a 16 px y acciones de 44x44 px (R48)  516ms
     ✓ el dialogo de borrado es utilizable y sus dos acciones miden 44x44 px (R48)  314ms
stderr | tests/unit/pedidos-ui/order-table.test.tsx > la columna del correlativo esta fijada al montar (R19) > sin ninguna preferencia guardada, su cabecera y sus celdas nacen fijadas a la izquierda
An update to OrderForm inside a test was not wrapped in act(...).

When testing, code that causes React state updates should be wrapped into act(...):

act(() => {
  /* fire events that update state */
});
/* assert on the output */

This ensures that you're testing the behavior the user would see in the browser. Learn more at https://react.dev/link/wrap-tests-with-act
An update to OrderForm inside a test was not wrapped in act(...).

When testing, code that causes React state updates should be wrapped into act(...):

act(() => {
  /* fire events that update state */
});
/* assert on the output */

This ensures that you're testing the behavior the user would see in the browser. Learn more at https://react.dev/link/wrap-tests-with-act
An update to OrderForm inside a test was not wrapped in act(...).

When testing, code that causes React state updates should be wrapped into act(...):

act(() => {
  /* fire events that update state */
});
/* assert on the output */

This ensures that you're testing the behavior the user would see in the browser. Learn more at https://react.dev/link/wrap-tests-with-act
An update to OrderForm inside a test was not wrapped in act(...).

When testing, code that causes React state updates should be wrapped into act(...):

act(() => {
  /* fire events that update state */
});
/* assert on the output */

This ensures that you're testing the behavior the user would see in the browser. Learn more at https://react.dev/link/wrap-tests-with-act
An update to OrderForm inside a test was not wrapped in act(...).

When testing, code that causes React state updates should be wrapped into act(...):

act(() => {
  /* fire events that update state */
});
/* assert on the output */

This ensures that you're testing the behavior the user would see in the browser. Learn more at https://react.dev/link/wrap-tests-with-act
An update to OrderForm inside a test was not wrapped in act(...).

When testing, code that causes React state updates should be wrapped into act(...):

act(() => {
  /* fire events that update state */
});
/* assert on the output */

This ensures that you're testing the behavior the user would see in the browser. Learn more at https://react.dev/link/wrap-tests-with-act
An update to OrderForm inside a test was not wrapped in act(...).

When testing, code that causes React state updates should be wrapped into act(...):

act(() => {
  /* fire events that update state */
});
/* assert on the output */

This ensures that you're testing the behavior the user would see in the browser. Learn more at https://react.dev/link/wrap-tests-with-act
An update to OrderForm inside a test was not wrapped in act(...).

When testing, code that causes React state updates should be wrapped into act(...):

act(() => {
  /* fire events that update state */
});
/* assert on the output */

This ensures that you're testing the behavior the user would see in the browser. Learn more at https://react.dev/link/wrap-tests-with-act
An update to OrderForm inside a test was not wrapped in act(...).

When testing, code that causes React state updates should be wrapped into act(...):

act(() => {
  /* fire events that update state */
});
/* assert on the output */

This ensures that you're testing the behavior the user would see in the browser. Learn more at https://react.dev/link/wrap-tests-with-act

stderr | tests/unit/pedidos-ui/order-table.test.tsx > la columna del correlativo esta fijada al montar (R19) > la columna de acciones NO nace fijada: no puede tapar a la del correlativo
An update to OrderForm inside a test was not wrapped in act(...).

When testing, code that causes React state updates should be wrapped into act(...):

act(() => {
  /* fire events that update state */
});
/* assert on the output */

This ensures that you're testing the behavior the user would see in the browser. Learn more at https://react.dev/link/wrap-tests-with-act
An update to OrderForm inside a test was not wrapped in act(...).

When testing, code that causes React state updates should be wrapped into act(...):

act(() => {
  /* fire events that update state */
});
/* assert on the output */

This ensures that you're testing the behavior the user would see in the browser. Learn more at https://react.dev/link/wrap-tests-with-act
An update to OrderForm inside a test was not wrapped in act(...).

When testing, code that causes React state updates should be wrapped into act(...):

act(() => {
  /* fire events that update state */
});
/* assert on the output */

This ensures that you're testing the behavior the user would see in the browser. Learn more at https://react.dev/link/wrap-tests-with-act
An update to OrderForm inside a test was not wrapped in act(...).

When testing, code that causes React state updates should be wrapped into act(...):

act(() => {
  /* fire events that update state */
});
/* assert on the output */

This ensures that you're testing the behavior the user would see in the browser. Learn more at https://react.dev/link/wrap-tests-with-act
An update to OrderForm inside a test was not wrapped in act(...).

When testing, code that causes React state updates should be wrapped into act(...):

act(() => {
  /* fire events that update state */
});
/* assert on the output */

This ensures that you're testing the behavior the user would see in the browser. Learn more at https://react.dev/link/wrap-tests-with-act
An update to OrderForm inside a test was not wrapped in act(...).

When testing, code that causes React state updates should be wrapped into act(...):

act(() => {
  /* fire events that update state */
});
/* assert on the output */

This ensures that you're testing the behavior the user would see in the browser. Learn more at https://react.dev/link/wrap-tests-with-act
An update to OrderForm inside a test was not wrapped in act(...).

When testing, code that causes React state updates should be wrapped into act(...):

act(() => {
  /* fire events that update state */
});
/* assert on the output */

This ensures that you're testing the behavior the user would see in the browser. Learn more at https://react.dev/link/wrap-tests-with-act
An update to OrderForm inside a test was not wrapped in act(...).

When testing, code that causes React state updates should be wrapped into act(...):

act(() => {
  /* fire events that update state */
});
/* assert on the output */

This ensures that you're testing the behavior the user would see in the browser. Learn more at https://react.dev/link/wrap-tests-with-act
An update to OrderForm inside a test was not wrapped in act(...).

When testing, code that causes React state updates should be wrapped into act(...):

act(() => {
  /* fire events that update state */
});
/* assert on the output */

This ensures that you're testing the behavior the user would see in the browser. Learn more at https://react.dev/link/wrap-tests-with-act

stderr | tests/unit/pedidos-ui/order-table.test.tsx > cambiar orden, filtro o pagina navega con la consulta esperada (R15, R17) > ordenar por una cabecera pide la lista de nuevo con ese orden
An update to OrderForm inside a test was not wrapped in act(...).

When testing, code that causes React state updates should be wrapped into act(...):

act(() => {
  /* fire events that update state */
});
/* assert on the output */

This ensures that you're testing the behavior the user would see in the browser. Learn more at https://react.dev/link/wrap-tests-with-act
An update to OrderForm inside a test was not wrapped in act(...).

When testing, code that causes React state updates should be wrapped into act(...):

act(() => {
  /* fire events that update state */
});
/* assert on the output */

This ensures that you're testing the behavior the user would see in the browser. Learn more at https://react.dev/link/wrap-tests-with-act
An update to OrderForm inside a test was not wrapped in act(...).

When testing, code that causes React state updates should be wrapped into act(...):

act(() => {
  /* fire events that update state */
});
/* assert on the output */

This ensures that you're testing the behavior the user would see in the browser. Learn more at https://react.dev/link/wrap-tests-with-act
An update to OrderForm inside a test was not wrapped in act(...).

When testing, code that causes React state updates should be wrapped into act(...):

act(() => {
  /* fire events that update state */
});
/* assert on the output */

This ensures that you're testing the behavior the user would see in the browser. Learn more at https://react.dev/link/wrap-tests-with-act
An update to OrderForm inside a test was not wrapped in act(...).

When testing, code that causes React state updates should be wrapped into act(...):

act(() => {
  /* fire events that update state */
});
/* assert on the output */

This ensures that you're testing the behavior the user would see in the browser. Learn more at https://react.dev/link/wrap-tests-with-act
An update to OrderForm inside a test was not wrapped in act(...).

When testing, code that causes React state updates should be wrapped into act(...):

act(() => {
  /* fire events that update state */
});
/* assert on the output */

This ensures that you're testing the behavior the user would see in the browser. Learn more at https://react.dev/link/wrap-tests-with-act
An update to OrderForm inside a test was not wrapped in act(...).

When testing, code that causes React state updates should be wrapped into act(...):

act(() => {
  /* fire events that update state */
});
/* assert on the output */

This ensures that you're testing the behavior the user would see in the browser. Learn more at https://react.dev/link/wrap-tests-with-act
An update to OrderForm inside a test was not wrapped in act(...).

When testing, code that causes React state updates should be wrapped into act(...):

act(() => {
  /* fire events that update state */
});
/* assert on the output */

This ensures that you're testing the behavior the user would see in the browser. Learn more at https://react.dev/link/wrap-tests-with-act
An update to OrderForm inside a test was not wrapped in act(...).

When testing, code that causes React state updates should be wrapped into act(...):

act(() => {
  /* fire events that update state */
});
/* assert on the output */

This ensures that you're testing the behavior the user would see in the browser. Learn more at https://react.dev/link/wrap-tests-with-act

 ✓ |ui| tests/unit/pedidos-ui/order-table.test.tsx (10 tests) 4981ms
     ✓ monta `DataTable` con una fila por pedido  524ms
     ✓ no se reordena, ni se filtra, ni se recorta en el cliente aunque los parametros digan otra cosa  675ms
     ✓ ninguna navegacion de la tabla escribe un termino de busqueda en la URL  538ms
     ✓ ordenar por una cabecera pide la lista de nuevo con ese orden  519ms
     ✓ marcar un valor del filtro de estado pide la lista de nuevo con ese filtro  979ms
     ✓ avanzar de pagina pide la lista de nuevo con la pagina siguiente  459ms
     ✓ el destino sale SIEMPRE de la constante de ruta (R2)  474ms
Not implemented: navigation to another Document
Not implemented: navigation to another Document
 ✓ |ui| tests/unit/esperar-interactiva.test.tsx (2 tests) 5336ms
     ✓ espera de verdad: resuelve solo DESPUES de que el elemento suelte pointer-events  316ms
     ✓ comprueba de verdad: si el elemento NO se libera nunca, la espera falla  5012ms
 ✓ |ui| tests/unit/sidebar-mobile.test.tsx (7 tests) 5098ms
     ✓ en viewport angosto la barra arranca oculta y ofrece el control de apertura  575ms
     ✓ al abrir en viewport angosto muestra un dialogo modal y mueve el foco dentro  798ms
     ✓ el control refleja el estado con aria-expanded y referencia el panel con aria-controls  535ms
     ✓ Escape cierra el panel superpuesto y devuelve el foco al control de apertura  614ms
     ✓ activar un enlace, simple o de submenu, cierra el panel superpuesto  1745ms
     ✓ en viewport angosto no se aplica el modo icono  817ms
 ✓ |ui| tests/unit/async-autocomplete.test.tsx (10 tests) 4924ms
     ✓ al abrir pide la pagina 1 con pageSize 10 y muestra sus diez opciones  701ms
     ✓ el tamano de pagina se puede cambiar y viaja tal cual a la consulta  325ms
     ✓ llegar al final del scroll anexa la pagina siguiente sin perder la anterior  371ms
     ✓ escribir reinicia la consulta a la pagina 1 con el texto nuevo  1157ms
     ✓ elegir una opcion la entrega al llamante y la deja en el campo  406ms
     ✓ teclear una palabra entera dispara UNA sola consulta, no una por letra  989ms
 ✓ |ui| tests/unit/login-form.test.tsx (26 tests) 4205ms
     ✓ muestra campo de usuario, campo de contrasena enmascarado y boton dentro de un form  358ms
     ✓ deshabilita el boton mientras el envio esta en curso  386ms
     ✓ no reemite el toast en un re-render del mismo intento  360ms
     ✓ emite un toast nuevo por cada intento rechazado, aunque la entrada sea identica  494ms
 ✓ |ui| tests/unit/shared/data-table-filter-date.test.tsx (19 tests) 4205ms
     ✓ activar el atajo "lastWeek" emite el rango con from/to en YYYY-MM-DD  1396ms
     ✓ activar el atajo "lastMonth" emite el rango con from/to en YYYY-MM-DD  659ms
     ✓ activar el atajo "lastYear" emite el rango con from/to en YYYY-MM-DD  528ms
     ✓ el rango del atajo activado queda seleccionado y visible en el calendario (R18)  641ms
     ✓ elegir dos dias en el calendario (controlado) emite el rango completo  930ms
 ✓ |ui| tests/unit/configuracion-ui/grupos/work-group-table.test.tsx (28 tests) 6192ms
     ✓ monta `DataTable` con una fila por grupo  357ms
     ✓ las filas se pintan en el orden en que llegan: aqui no se ordena ni se recorta (R14, R15)  401ms
     ✓ las opciones son exactamente dos, las del componente compartido  942ms
     ✓ elegir otro tamano navega con ese tamano y vuelve a la primera pagina  723ms
     ✓ la accion de abrir de una fila abre el panel SOBRE ESE grupo  410ms
     ✓ cerrar suelta el estado, y la lista de detras conserva sus parametros (R20)  544ms
     ✓ y cerrar el dialogo de borrado tampoco retira ninguna fila (R34)  478ms
 ✓ |ui| tests/unit/configuracion-ui/configuracion-viewport.test.tsx (16 tests) 4484ms
     ✓ la lista es utilizable: tabla, filas, celdas y paginacion estan montadas (R18)  740ms
     ✓ editar y borrar estan en el DOM y visibles desde el primer render, sin :hover (R34)  301ms
     ✓ el panel lateral es utilizable: campo de 16 px y acciones de 44x44 px (R34)  631ms
     ✓ el dialogo de borrado es utilizable y sus dos acciones miden 44x44 px (R34)  382ms
     ✓ el panel lateral es utilizable: campo de 16 px y acciones de 44x44 px (R34)  380ms
     ✓ el dialogo de borrado es utilizable y sus dos acciones miden 44x44 px (R34)  344ms
stderr | tests/unit/configuracion-ui/grupos/work-group-members.test.tsx > el buscador saca sus candidatos de la consulta de personas (R28) > busca en el servidor sobre el conjunto entero, con rebote
An update to WorkGroupMembers inside a test was not wrapped in act(...).

When testing, code that causes React state updates should be wrapped into act(...):

act(() => {
  /* fire events that update state */
});
/* assert on the output */

This ensures that you're testing the behavior the user would see in the browser. Learn more at https://react.dev/link/wrap-tests-with-act

stderr | tests/unit/configuracion-ui/grupos/work-group-members.test.tsx > el buscador saca sus candidatos de la consulta de personas (R28) > busca en el servidor sobre el conjunto entero, con rebote
An update to WorkGroupMembers inside a test was not wrapped in act(...).

When testing, code that causes React state updates should be wrapped into act(...):

act(() => {
  /* fire events that update state */
});
/* assert on the output */

This ensures that you're testing the behavior the user would see in the browser. Learn more at https://react.dev/link/wrap-tests-with-act

 ✓ |ui| tests/unit/recetas-ui/step-reader.test.tsx (45 tests) 3590ms
     ✓ renderiza solo el paso actual y el resto NO esta en el DOM  481ms
     ✓ avanza y retrocede entre pasos con Siguiente y Anterior  452ms
 ✓ |ui| tests/unit/configuracion-ui/grupos/work-group-members.test.tsx (18 tests) 4213ms
     ✓ avanzar y retroceder vuelven a pedir la lista con esa pagina  476ms
     ✓ elegir a una persona la mete DE A UNA, con los dos campos y ninguno mas  405ms
     ✓ cada codigo produce una presentacion propia, y las cuatro son distintas  1694ms
     ✓ el rechazo se queda DENTRO del panel y la lista no se toca  369ms
     ✓ meter a alguien vuelve a pedir la lista y pinta lo que devuelva  476ms
 ✓ |ui| tests/unit/proveedores-ui/unit-select.test.tsx (9 tests) 3182ms
     ✓ ofrece unicamente las unidades existentes mas la opcion explicita «sin unidad»  1195ms
     ✓ al elegir una unidad, el formulario envia SU identificador  695ms
     ✓ elegir «sin unidad» despues de haber elegido una vuelve a enviar cadena vacia  620ms
     ✓ no ofrece ninguna forma de crear una unidad ni de escribir uno libre  399ms
stderr | tests/unit/pedidos-ui/order-list-section.test.tsx > los tres estados son mutuamente excluyentes y se distinguen por data-testid (R21, R44) > lista: con pedidos se pinta la lista y ninguno de los otros dos estados
An update to OrderForm inside a test was not wrapped in act(...).

When testing, code that causes React state updates should be wrapped into act(...):

act(() => {
  /* fire events that update state */
});
/* assert on the output */

This ensures that you're testing the behavior the user would see in the browser. Learn more at https://react.dev/link/wrap-tests-with-act
An update to OrderForm inside a test was not wrapped in act(...).

When testing, code that causes React state updates should be wrapped into act(...):

act(() => {
  /* fire events that update state */
});
/* assert on the output */

This ensures that you're testing the behavior the user would see in the browser. Learn more at https://react.dev/link/wrap-tests-with-act
An update to OrderForm inside a test was not wrapped in act(...).

When testing, code that causes React state updates should be wrapped into act(...):

act(() => {
  /* fire events that update state */
});
/* assert on the output */

This ensures that you're testing the behavior the user would see in the browser. Learn more at https://react.dev/link/wrap-tests-with-act

stderr | tests/unit/pedidos-ui/order-list-section.test.tsx > una sola llamada de lectura por pantalla (R7, R41) > se invoca listOrdersAction UNA vez, con los parametros enteros y sin traducir
An update to OrderForm inside a test was not wrapped in act(...).

When testing, code that causes React state updates should be wrapped into act(...):

act(() => {
  /* fire events that update state */
});
/* assert on the output */

This ensures that you're testing the behavior the user would see in the browser. Learn more at https://react.dev/link/wrap-tests-with-act
An update to OrderForm inside a test was not wrapped in act(...).

When testing, code that causes React state updates should be wrapped into act(...):

act(() => {
  /* fire events that update state */
});
/* assert on the output */

This ensures that you're testing the behavior the user would see in the browser. Learn more at https://react.dev/link/wrap-tests-with-act
An update to OrderForm inside a test was not wrapped in act(...).

When testing, code that causes React state updates should be wrapped into act(...):

act(() => {
  /* fire events that update state */
});
/* assert on the output */

This ensures that you're testing the behavior the user would see in the browser. Learn more at https://react.dev/link/wrap-tests-with-act

stderr | tests/unit/pedidos-ui/order-list-section.test.tsx > QC-102 — el listado trae los responsables de su pagina (R16) > pide el lote UNA sola vez por render, con los ids de la pagina y en una sola llamada
An update to OrderForm inside a test was not wrapped in act(...).

When testing, code that causes React state updates should be wrapped into act(...):

act(() => {
  /* fire events that update state */
});
/* assert on the output */

This ensures that you're testing the behavior the user would see in the browser. Learn more at https://react.dev/link/wrap-tests-with-act
An update to OrderForm inside a test was not wrapped in act(...).

When testing, code that causes React state updates should be wrapped into act(...):

act(() => {
  /* fire events that update state */
});
/* assert on the output */

This ensures that you're testing the behavior the user would see in the browser. Learn more at https://react.dev/link/wrap-tests-with-act
An update to OrderForm inside a test was not wrapped in act(...).

When testing, code that causes React state updates should be wrapped into act(...):

act(() => {
  /* fire events that update state */
});
/* assert on the output */

This ensures that you're testing the behavior the user would see in the browser. Learn more at https://react.dev/link/wrap-tests-with-act
An update to OrderForm inside a test was not wrapped in act(...).

When testing, code that causes React state updates should be wrapped into act(...):

act(() => {
  /* fire events that update state */
});
/* assert on the output */

This ensures that you're testing the behavior the user would see in the browser. Learn more at https://react.dev/link/wrap-tests-with-act
An update to OrderForm inside a test was not wrapped in act(...).

When testing, code that causes React state updates should be wrapped into act(...):

act(() => {
  /* fire events that update state */
});
/* assert on the output */

This ensures that you're testing the behavior the user would see in the browser. Learn more at https://react.dev/link/wrap-tests-with-act
An update to OrderForm inside a test was not wrapped in act(...).

When testing, code that causes React state updates should be wrapped into act(...):

act(() => {
  /* fire events that update state */
});
/* assert on the output */

This ensures that you're testing the behavior the user would see in the browser. Learn more at https://react.dev/link/wrap-tests-with-act

stderr | tests/unit/pedidos-ui/order-list-section.test.tsx > QC-102 — el listado trae los responsables de su pagina (R16) > la llamada del lote va DESPUES de la de la lista: sus ids salen de ella
An update to OrderForm inside a test was not wrapped in act(...).

When testing, code that causes React state updates should be wrapped into act(...):

act(() => {
  /* fire events that update state */
});
/* assert on the output */

This ensures that you're testing the behavior the user would see in the browser. Learn more at https://react.dev/link/wrap-tests-with-act
An update to OrderForm inside a test was not wrapped in act(...).

When testing, code that causes React state updates should be wrapped into act(...):

act(() => {
  /* fire events that update state */
});
/* assert on the output */

This ensures that you're testing the behavior the user would see in the browser. Learn more at https://react.dev/link/wrap-tests-with-act
An update to OrderForm inside a test was not wrapped in act(...).

When testing, code that causes React state updates should be wrapped into act(...):

act(() => {
  /* fire events that update state */
});
/* assert on the output */

This ensures that you're testing the behavior the user would see in the browser. Learn more at https://react.dev/link/wrap-tests-with-act

stderr | tests/unit/pedidos-ui/order-list-section.test.tsx > QC-102 — el listado trae los responsables de su pagina (R16) > cada fila recibe los suyos: el reparto se hace en el SERVIDOR y baja ya repartido
An update to OrderForm inside a test was not wrapped in act(...).

When testing, code that causes React state updates should be wrapped into act(...):

act(() => {
  /* fire events that update state */
});
/* assert on the output */

This ensures that you're testing the behavior the user would see in the browser. Learn more at https://react.dev/link/wrap-tests-with-act
An update to OrderForm inside a test was not wrapped in act(...).

When testing, code that causes React state updates should be wrapped into act(...):

act(() => {
  /* fire events that update state */
});
/* assert on the output */

This ensures that you're testing the behavior the user would see in the browser. Learn more at https://react.dev/link/wrap-tests-with-act
An update to OrderForm inside a test was not wrapped in act(...).

When testing, code that causes React state updates should be wrapped into act(...):

act(() => {
  /* fire events that update state */
});
/* assert on the output */

This ensures that you're testing the behavior the user would see in the browser. Learn more at https://react.dev/link/wrap-tests-with-act
An update to OrderForm inside a test was not wrapped in act(...).

When testing, code that causes React state updates should be wrapped into act(...):

act(() => {
  /* fire events that update state */
});
/* assert on the output */

This ensures that you're testing the behavior the user would see in the browser. Learn more at https://react.dev/link/wrap-tests-with-act
An update to OrderForm inside a test was not wrapped in act(...).

When testing, code that causes React state updates should be wrapped into act(...):

act(() => {
  /* fire events that update state */
});
/* assert on the output */

This ensures that you're testing the behavior the user would see in the browser. Learn more at https://react.dev/link/wrap-tests-with-act
An update to OrderForm inside a test was not wrapped in act(...).

When testing, code that causes React state updates should be wrapped into act(...):

act(() => {
  /* fire events that update state */
});
/* assert on the output */

This ensures that you're testing the behavior the user would see in the browser. Learn more at https://react.dev/link/wrap-tests-with-act

stderr | tests/unit/pedidos-ui/order-list-section.test.tsx > QC-102 — si el lote falla, la lista NO se cae (R20) > con el lote en `unauthorized` se siguen pintando los pedidos y la columna queda sin resolver
An update to OrderForm inside a test was not wrapped in act(...).

When testing, code that causes React state updates should be wrapped into act(...):

act(() => {
  /* fire events that update state */
});
/* assert on the output */

This ensures that you're testing the behavior the user would see in the browser. Learn more at https://react.dev/link/wrap-tests-with-act
An update to OrderForm inside a test was not wrapped in act(...).

When testing, code that causes React state updates should be wrapped into act(...):

act(() => {
  /* fire events that update state */
});
/* assert on the output */

This ensures that you're testing the behavior the user would see in the browser. Learn more at https://react.dev/link/wrap-tests-with-act
An update to OrderForm inside a test was not wrapped in act(...).

When testing, code that causes React state updates should be wrapped into act(...):

act(() => {
  /* fire events that update state */
});
/* assert on the output */

This ensures that you're testing the behavior the user would see in the browser. Learn more at https://react.dev/link/wrap-tests-with-act

stderr | tests/unit/pedidos-ui/order-list-section.test.tsx > QC-102 — si el lote falla, la lista NO se cae (R20) > con el lote en `invalid_input` se siguen pintando los pedidos y la columna queda sin resolver
An update to OrderForm inside a test was not wrapped in act(...).

When testing, code that causes React state updates should be wrapped into act(...):

act(() => {
  /* fire events that update state */
});
/* assert on the output */

This ensures that you're testing the behavior the user would see in the browser. Learn more at https://react.dev/link/wrap-tests-with-act
An update to OrderForm inside a test was not wrapped in act(...).

When testing, code that causes React state updates should be wrapped into act(...):

act(() => {
  /* fire events that update state */
});
/* assert on the output */

This ensures that you're testing the behavior the user would see in the browser. Learn more at https://react.dev/link/wrap-tests-with-act
An update to OrderForm inside a test was not wrapped in act(...).

When testing, code that causes React state updates should be wrapped into act(...):

act(() => {
  /* fire events that update state */
});
/* assert on the output */

This ensures that you're testing the behavior the user would see in the browser. Learn more at https://react.dev/link/wrap-tests-with-act

stderr | tests/unit/pedidos-ui/order-list-section.test.tsx > QC-102 — si el lote falla, la lista NO se cae (R20) > con el lote en `unexpected` se siguen pintando los pedidos y la columna queda sin resolver
An update to OrderForm inside a test was not wrapped in act(...).

When testing, code that causes React state updates should be wrapped into act(...):

act(() => {
  /* fire events that update state */
});
/* assert on the output */

This ensures that you're testing the behavior the user would see in the browser. Learn more at https://react.dev/link/wrap-tests-with-act
An update to OrderForm inside a test was not wrapped in act(...).

When testing, code that causes React state updates should be wrapped into act(...):

act(() => {
  /* fire events that update state */
});
/* assert on the output */

This ensures that you're testing the behavior the user would see in the browser. Learn more at https://react.dev/link/wrap-tests-with-act
An update to OrderForm inside a test was not wrapped in act(...).

When testing, code that causes React state updates should be wrapped into act(...):

act(() => {
  /* fire events that update state */
});
/* assert on the output */

This ensures that you're testing the behavior the user would see in the browser. Learn more at https://react.dev/link/wrap-tests-with-act

stderr | tests/unit/pedidos-ui/order-list-section.test.tsx > QC-102 — los catalogos del panel solo se piden si el actor puede escribir (R27, R28) > con `asignaciones.modificar` se piden los dos, una vez cada uno
An update to OrderForm inside a test was not wrapped in act(...).

When testing, code that causes React state updates should be wrapped into act(...):

act(() => {
  /* fire events that update state */
});
/* assert on the output */

This ensures that you're testing the behavior the user would see in the browser. Learn more at https://react.dev/link/wrap-tests-with-act
An update to OrderForm inside a test was not wrapped in act(...).

When testing, code that causes React state updates should be wrapped into act(...):

act(() => {
  /* fire events that update state */
});
/* assert on the output */

This ensures that you're testing the behavior the user would see in the browser. Learn more at https://react.dev/link/wrap-tests-with-act
An update to OrderForm inside a test was not wrapped in act(...).

When testing, code that causes React state updates should be wrapped into act(...):

act(() => {
  /* fire events that update state */
});
/* assert on the output */

This ensures that you're testing the behavior the user would see in the browser. Learn more at https://react.dev/link/wrap-tests-with-act

 ✓ |ui| tests/unit/configuracion-ui/presentation-unit-select.test.tsx (8 tests) 3154ms
     ✓ ofrece TODAS las unidades que recibe, sin filtrar por empresa  1130ms
     ✓ no ofrece NINGUNA opcion vacia ni «sin unidad»  656ms
     ✓ al elegir una unidad, el formulario envia SU identificador  658ms
     ✓ no ofrece crear una unidad ni escribir texto libre  447ms
stderr | tests/unit/pedidos-ui/order-list-section.test.tsx > QC-102 — los catalogos del panel solo se piden si el actor puede escribir (R27, R28) > sin el permiso no se pide ningun catalogo: no hay control de escritura que alimentar
An update to OrderForm inside a test was not wrapped in act(...).

When testing, code that causes React state updates should be wrapped into act(...):

act(() => {
  /* fire events that update state */
});
/* assert on the output */

This ensures that you're testing the behavior the user would see in the browser. Learn more at https://react.dev/link/wrap-tests-with-act
An update to OrderForm inside a test was not wrapped in act(...).

When testing, code that causes React state updates should be wrapped into act(...):

act(() => {
  /* fire events that update state */
});
/* assert on the output */

This ensures that you're testing the behavior the user would see in the browser. Learn more at https://react.dev/link/wrap-tests-with-act
An update to OrderForm inside a test was not wrapped in act(...).

When testing, code that causes React state updates should be wrapped into act(...):

act(() => {
  /* fire events that update state */
});
/* assert on the output */

This ensures that you're testing the behavior the user would see in the browser. Learn more at https://react.dev/link/wrap-tests-with-act

stderr | tests/unit/pedidos-ui/order-list-section.test.tsx > QC-102 — los catalogos del panel solo se piden si el actor puede escribir (R27, R28) > si un catalogo falla, el panel se degrada y la lista NO se tumba (H1)
An update to OrderForm inside a test was not wrapped in act(...).

When testing, code that causes React state updates should be wrapped into act(...):

act(() => {
  /* fire events that update state */
});
/* assert on the output */

This ensures that you're testing the behavior the user would see in the browser. Learn more at https://react.dev/link/wrap-tests-with-act
An update to OrderForm inside a test was not wrapped in act(...).

When testing, code that causes React state updates should be wrapped into act(...):

act(() => {
  /* fire events that update state */
});
/* assert on the output */

This ensures that you're testing the behavior the user would see in the browser. Learn more at https://react.dev/link/wrap-tests-with-act
An update to OrderForm inside a test was not wrapped in act(...).

When testing, code that causes React state updates should be wrapped into act(...):

act(() => {
  /* fire events that update state */
});
/* assert on the output */

This ensures that you're testing the behavior the user would see in the browser. Learn more at https://react.dev/link/wrap-tests-with-act

 ✓ |ui| tests/unit/pedidos-ui/order-list-section.test.tsx (19 tests) 3948ms
     ✓ cargando: el esqueleto pinta tantas filas como el tamano de pagina pedido  370ms
     ✓ lista: con pedidos se pinta la lista y ninguno de los otros dos estados  374ms
     ✓ cada fila recibe los suyos: el reparto se hace en el SERVIDOR y baja ya repartido  727ms
     ✓ con el lote en `unauthorized` se siguen pintando los pedidos y la columna queda sin resolver  309ms
     ✓ con el lote en `unexpected` se siguen pintando los pedidos y la columna queda sin resolver  318ms
stderr | tests/unit/pedidos-ui/cancel-order-dialog.test.tsx > mientras el motivo este vacio no se invoca la cancelacion (R37) > enviar el formulario sin motivo lo rechaza la validacion previa, sin llamar a la operacion
An update to form inside a test was not wrapped in act(...).

When testing, code that causes React state updates should be wrapped into act(...):

act(() => {
  /* fire events that update state */
});
/* assert on the output */

This ensures that you're testing the behavior the user would see in the browser. Learn more at https://react.dev/link/wrap-tests-with-act
An update to form inside a test was not wrapped in act(...).

When testing, code that causes React state updates should be wrapped into act(...):

act(() => {
  /* fire events that update state */
});
/* assert on the output */

This ensures that you're testing the behavior the user would see in the browser. Learn more at https://react.dev/link/wrap-tests-with-act
An update to CancelOrderDialog inside a test was not wrapped in act(...).

When testing, code that causes React state updates should be wrapped into act(...):

act(() => {
  /* fire events that update state */
});
/* assert on the output */

This ensures that you're testing the behavior the user would see in the browser. Learn more at https://react.dev/link/wrap-tests-with-act
An update to CancelOrderDialog inside a test was not wrapped in act(...).

When testing, code that causes React state updates should be wrapped into act(...):

act(() => {
  /* fire events that update state */
});
/* assert on the output */

This ensures that you're testing the behavior the user would see in the browser. Learn more at https://react.dev/link/wrap-tests-with-act
An update to form inside a test was not wrapped in act(...).

When testing, code that causes React state updates should be wrapped into act(...):

act(() => {
  /* fire events that update state */
});
/* assert on the output */

This ensures that you're testing the behavior the user would see in the browser. Learn more at https://react.dev/link/wrap-tests-with-act

 ✓ |ui| tests/unit/shared/data-table.test.tsx (19 tests) 2802ms
     ✓ pinta las filas exactamente como llegan, en el mismo orden, aunque sort/filtros/pagina digan otra cosa  589ms
     ✓ fijar una columna le aplica position sticky y un desplazamiento calculado por getStart/getAfter, no un numero magico propio  974ms
     ✓ la columna fijada por defecto se puede soltar desde el menu de su cabecera (R25)  349ms
 ✓ |ui| tests/unit/sidebar-desktop.test.tsx (8 tests) 3327ms
     ✓ en viewport ancho la barra es persistente y el control declara aria-expanded y aria-controls  646ms
     ✓ activar el control alterna a modo icono y muestra la marca corta  486ms
     ✓ en modo icono cada entrada conserva su nombre accesible  508ms
     ✓ en modo icono los hijos de un submenu siguen siendo alcanzables desde su control  749ms
     ✓ el modo colapsado se conserva al volver a montar el layout  312ms
     ✓ el modo expandido se conserva al volver a montar el layout  309ms
stderr | tests/unit/configuracion-ui/grupos/work-group-form.test.tsx > la validacion es EN VIVO y se deriva del contrato (R21, R22) > y con ese nombre el boton NO invoca ninguna operacion
An update to form inside a test was not wrapped in act(...).

When testing, code that causes React state updates should be wrapped into act(...):

act(() => {
  /* fire events that update state */
});
/* assert on the output */

This ensures that you're testing the behavior the user would see in the browser. Learn more at https://react.dev/link/wrap-tests-with-act
An update to form inside a test was not wrapped in act(...).

When testing, code that causes React state updates should be wrapped into act(...):

act(() => {
  /* fire events that update state */
});
/* assert on the output */

This ensures that you're testing the behavior the user would see in the browser. Learn more at https://react.dev/link/wrap-tests-with-act
An update to WorkGroupForm inside a test was not wrapped in act(...).

When testing, code that causes React state updates should be wrapped into act(...):

act(() => {
  /* fire events that update state */
});
/* assert on the output */

This ensures that you're testing the behavior the user would see in the browser. Learn more at https://react.dev/link/wrap-tests-with-act
An update to WorkGroupForm inside a test was not wrapped in act(...).

When testing, code that causes React state updates should be wrapped into act(...):

act(() => {
  /* fire events that update state */
});
/* assert on the output */

This ensures that you're testing the behavior the user would see in the browser. Learn more at https://react.dev/link/wrap-tests-with-act
An update to form inside a test was not wrapped in act(...).

When testing, code that causes React state updates should be wrapped into act(...):

act(() => {
  /* fire events that update state */
});
/* assert on the output */

This ensures that you're testing the behavior the user would see in the browser. Learn more at https://react.dev/link/wrap-tests-with-act

 ✓ |ui| tests/unit/pedidos-ui/cancel-order-dialog.test.tsx (8 tests) 3730ms
     ✓ el boton de confirmar esta deshabilitado y pulsarlo no llama a `cancelOrderAction`  646ms
     ✓ llama a `cancelOrderAction` con el `id` del pedido y el motivo escrito  502ms
     ✓ el dialogo sigue abierto, con su region de error y el codigo estable  605ms
     ✓ cierra el dialogo, avisa por toast y refresca la lista sin navegar  571ms
     ✓ el error inesperado ensena el identificador como texto, con su etiqueta  550ms
     ✓ un error del catalogo no ensena identificador ninguno  459ms
 ✓ |ui| tests/unit/shared/data-table-header-menu.test.tsx (10 tests) 2446ms
     ✓ activar la cabecera con teclado emite el orden ascendente cuando no habia orden previo  558ms
     ✓ el disparador cumple el objetivo tactil minimo y se abre por teclado  438ms
     ✓ ordenar ascendente y descendente emiten el orden esperado y solo aparecen si la columna es sortable  311ms
     ✓ fijar emite onTogglePin y una columna pinnable:false no ofrece la accion de fijar  348ms
     ✓ abrir el filtro emite onOpenFilter y una columna sin filter no ofrece la accion  364ms
 ✓ |ui| tests/unit/inventario/product-page.test.tsx (61 tests) 78775ms
     ✓ la pantalla de productos se renderiza dentro del armazon privado y no declara main propio  947ms
     ✓ la tabla presenta todas las columnas de negocio declaradas  374ms
     ✓ la primera columna es la imagen del producto, y la RUTA no se pinta como texto  498ms
     ✓ el costo, la compra minima y el tiempo de entrega no aparecen en la lista por ninguna via  707ms
     ✓ R16 — la existencia se pinta en rojo cuando la alerta de cantidad supera la del lote mas reciente  318ms
     ✓ R17 — un producto sin lotes y con alerta de cantidad configurada se marca en alerta  323ms
     ✓ el desbordamiento horizontal lo absorbe el envoltorio de la tabla y ningun ancestro  566ms
     ✓ el selector de tamano de pagina ofrece 10 y 25 y usa 10 por defecto  1407ms
     ✓ permite avanzar y retroceder de pagina e indica la pagina actual y el total  546ms
     ✓ la pantalla SI ofrece busqueda y orden, y ninguno de los dos se resuelve en el cliente  1500ms
     ✓ presenta lista y acciones en viewport angosto y en ancho  641ms
     ✓ crear abre un panel lateral sobre la lista, sin navegar ni perder la pagina  944ms
     ✓ la edicion precarga los valores actuales y envia el reemplazo completo, sin la existencia (R9)  645ms
     ✓ un guardado rechazado por un campo muestra el error en linea y no cierra el panel  6464ms
     ✓ un guardado rechazado por la operacion muestra el error del formulario y conserva lo escrito  2670ms
     ✓ un guardado con exito cierra el panel, avisa por toast y refresca la lista  2369ms
     ✓ tras un alta con éxito, ProductForm llama a onSaved con el lote devuelto por el servidor (R12)  2485ms
     ✓ el aviso de alta nombra el lote asignado por el sistema (R14)  2377ms
     ✓ el aviso de alta nombra el lote tecleado a mano sin decir que lo asignó el sistema (R15)  2505ms
     ✓ el aviso de edición no cambia y no nombra ningún lote (R9)  614ms
     ✓ elegir un producto existente autocompleta la alerta de cantidad, no la existencia  1181ms
     ✓ el alta pide el primer lote: presentacion obligatoria y uno de los dos costos  2880ms
     ✓ la edicion no pide nada del lote: ni presentacion, ni costos, ni caducidad  512ms
     ✓ el alta rechaza un costo de 0 en SU campo y no llama a la operacion  3553ms
     ✓ los dos importes no dejan escribir texto, ni un tercer decimal, ni una coma suelta  2979ms
     ✓ escribir el costo unitario rellena el total, y escribir el total rellena el unitario  1124ms
     ✓ sin existencia utilizable el importe derivado se queda vacio, no obsoleto  1081ms
     ✓ con solo costo total y existencia 0 el rechazo se pinta en el campo de la EXISTENCIA  3230ms
     ✓ el alta hace viajar los CINCO campos del primer lote en el FormData  2649ms
     ✓ la edicion no envia ningun campo del lote  596ms
     ✓ un rechazo del servidor deja el panel abierto y conserva los cinco campos del lote  2927ms
     ✓ el panel de alta nunca permite enviar sin fecha de compra escrita (R3)  2835ms
     ✓ el alta de producto envía la fecha de compra elegida como YYYY-MM-DD (R4)  2455ms
     ✓ la edición no muestra el campo de fecha de compra (R9)  456ms
     ✓ los campos con ayuda la ofrecen en la etiqueta y la muestran al pasar por encima  1521ms
     ✓ el campo lote explica que un valor vacío lo asigna el sistema (R6)  1449ms
     ✓ el campo lote sigue siendo un input de texto opcional (R7)  602ms
     ✓ el formulario no captura la unidad, y el alta viaja sin ella (QC-80, R21)  2320ms
     ✓ el borrado pide confirmacion nombrando el producto y sin confirmar no invoca la operacion  876ms
     ✓ un borrado con exito cierra el dialogo, avisa por toast y refresca la lista  611ms
     ✓ el alta rapida manda la unidad y sin elegirla no llega a la operacion  1762ms
     ✓ sin catalogo de unidades no se ofrece el alta rapida, pero elegir una presentacion existente sigue funcionando  2384ms
     ✓ el formulario conserva el identificador que devolvio la operacion  2825ms
     ✓ el formulario con un error del catalogo no ensena identificador ninguno  2746ms
     ✓ el dialogo de borrado ensena el identificador del error inesperado  620ms
     ✓ el dialogo de borrado con un error del catalogo no ensena identificador ninguno  761ms
 ✓ |ui| tests/unit/pedidos-ui/recipe-picker.test.tsx (6 tests) 3123ms
     ✓ escribir dispara la operacion de listado de recetas CON el termino de busqueda  1571ms
     ✓ NO recorta por texto la coleccion ya descargada: pinta lo que devuelve el servidor  807ms
     ✓ alcanza una receta que NO esta en la primera pagina y la envia en el campo del formulario  492ms
 ✓ |ui| tests/unit/configuracion-ui/grupos/work-group-form.test.tsx (13 tests) 3454ms
     ✓ un nombre sin ninguna letra ni numero avisa MIENTRAS se escribe  711ms
     ✓ la edicion invoca el renombrado, con el identificador del grupo  455ms
     ✓ y el renombrado NO altera los miembros: no manda ninguno (R23)  307ms
     ✓ el nombre duplicado se pinta EN LINEA, junto al campo  308ms
 ✓ |ui| tests/unit/configuracion-ui/presentation-table.test.tsx (13 tests) 3777ms
     ✓ monta `DataTable` con una fila por presentacion  421ms
     ✓ no se reordena, ni se filtra, ni se recorta en el cliente aunque los parametros digan otra cosa  405ms
     ✓ las opciones son exactamente las del componente compartido  862ms
     ✓ elegir otro tamano navega con ese tamano y vuelve a la primera pagina  647ms
 ✓ |ui| tests/unit/credential-field.test.tsx (8 tests) 1908ms
     ✓ mientras falte alguna de las seis el control de envio esta deshabilitado  734ms
 ✓ |ui| tests/unit/configuracion-ui/grupos/work-group-a11y.test.tsx (16 tests) 3278ms
     ✓ la lista se pinta entera: ninguna excepcion de escritorio  349ms
     ✓ el desbordamiento lo resuelve la TABLA, sin scroll horizontal del documento  433ms
     ✓ y son alcanzables con el dedo: pulsarlas abre la escritura sin pasar por `:hover`  429ms
 ✓ |ui| tests/unit/shared/data-table-filters.test.tsx (15 tests) 2580ms
     ✓ forma "text": escribir en el campo emite { kind: "text", value }  437ms
     ✓ forma "select": marcar una opcion emite { kind: "select", values }  480ms
     ✓ forma "dateRange": un atajo del filtro de fecha emite { kind: "dateRange", from, to }  941ms
 ✓ |ui| tests/unit/pedidos-ui/assign.test.tsx (11 tests) 2922ms
     ✓ dos personas y dos grupos viajan en la MISMA invocacion  1063ms
     ✓ lo ya marcado SIGUE marcado y se puede reintentar sin volver a marcar  342ms
stderr | tests/unit/configuracion-ui/user-list-section.test.tsx > los tres estados son mutuamente excluyentes y se distinguen por data-testid (R41) > cargando: mientras la lista esta en vuelo, la pagina pinta el esqueleto (R19)
<UserListSection> is an async Client Component. Only Server Components can be async at the moment. This error is often caused by accidentally adding `'use client'` to a module that was originally written for the server.

stderr | tests/unit/configuracion-ui/user-list-section.test.tsx > los tres estados son mutuamente excluyentes y se distinguen por data-testid (R41) > cargando: mientras la lista esta en vuelo, la pagina pinta el esqueleto (R19)
A component suspended inside an `act` scope, but the `act` call was not awaited. When testing React components that depend on asynchronous data, you must await the result:

await act(() => ...)
A suspended resource finished loading inside a test, but the event was not wrapped in act(...).

When testing, code that resolves suspended data should be wrapped into act(...):

act(() => {
  /* finish loading suspended data */
});
/* assert on the output */

This ensures that you're testing the behavior the user would see in the browser. Learn more at https://react.dev/link/wrap-tests-with-act

stderr | tests/unit/pedidos-ui/order-row-wiring.test.tsx > desde una fila viva, cada accion abre lo suyo (R23, R25, R37, R38) > la fila trae los tres controles y, cerrada, no monta ningun panel ni dialogo
An update to OrderForm inside a test was not wrapped in act(...).

When testing, code that causes React state updates should be wrapped into act(...):

act(() => {
  /* fire events that update state */
});
/* assert on the output */

This ensures that you're testing the behavior the user would see in the browser. Learn more at https://react.dev/link/wrap-tests-with-act
An update to OrderForm inside a test was not wrapped in act(...).

When testing, code that causes React state updates should be wrapped into act(...):

act(() => {
  /* fire events that update state */
});
/* assert on the output */

This ensures that you're testing the behavior the user would see in the browser. Learn more at https://react.dev/link/wrap-tests-with-act
An update to OrderForm inside a test was not wrapped in act(...).

When testing, code that causes React state updates should be wrapped into act(...):

act(() => {
  /* fire events that update state */
});
/* assert on the output */

This ensures that you're testing the behavior the user would see in the browser. Learn more at https://react.dev/link/wrap-tests-with-act

 ✓ |ui| tests/unit/asignaciones-ui/order-execution-lines.test.tsx (8 tests) 2652ms
     ✓ presenta el producto y la cantidad tal cual, sin ningun control de edicion  509ms
     ✓ el selector ofrece SOLO la unidad propia y sus hermanas de la misma base efectiva (R22)  610ms
     ✓ al elegir una unidad hermana muestra la cantidad CONVERTIDA con `convertQuantity` (R22)  507ms
     ✓ remontar la lista devuelve la cantidad y la unidad original  510ms
     ✓ elegir una unidad de otra base efectiva propaga `IncompatibleUnitsError` sin capturarla  409ms
 ✓ |ui| tests/unit/configuracion-ui/user-list-section.test.tsx (23 tests) 2395ms
     ✓ lista: con usuarios se pinta la tabla compartida y ninguno de los otros dos  429ms
     ✓ se pintan exactamente las filas que devolvio la consulta, ni una mas  467ms
 ✓ |ui| tests/unit/app-sidebar.test.tsx (16 tests) 3171ms
     ✓ la barra lateral expone sus tres regiones: marca, navegacion y pie de usuario  382ms
     ✓ la navegacion es un landmark de navegacion con nombre accesible  470ms
     ✓ un item con hijos se renderiza como control de expansion, no como enlace, y es activable por teclado  719ms
     ✓ activar el control del submenu alterna entre expandido y colapsado  405ms
     ✓ los destinos de la marca y de todas las entradas salen de las constantes exportadas  335ms
 ✓ |ui| tests/unit/shared/data-table-pagination.test.tsx (8 tests) 1870ms
     ✓ avanzar emite page + 1 sin tocar el resto de parametros  332ms
     ✓ el selector de tamano ofrece exactamente las opciones de PAGE_SIZE_OPTIONS  590ms
     ✓ cambiar el tamano de pagina emite page: 1 con el nuevo tamano  467ms
 ✓ |ui| tests/unit/configuracion-ui/delete-unit-dialog.test.tsx (13 tests) 2459ms
     ✓ el mensaje de confirmacion contiene el nombre que el usuario ve en la lista  570ms
 ✓ |ui| tests/unit/pedidos-ui/order-row-wiring.test.tsx (6 tests) 3385ms
     ✓ la fila trae los tres controles y, cerrada, no monta ningun panel ni dialogo  657ms
     ✓ pulsar editar abre el panel lateral con el pedido precargado  1054ms
     ✓ pulsar cancelar abre el dialogo de motivo, y solo ese  514ms
     ✓ pulsar borrar abre la confirmacion, y solo esa  429ms
     ✓ estado ENTREGADO: los tres controles deshabilitados y ningun panel ni dialogo montado  332ms
     ✓ estado CANCELADO: los tres controles deshabilitados y ningun panel ni dialogo montado  391ms
 ✓ |ui| tests/unit/configuracion-ui/grupos/work-group-sheet.test.tsx (9 tests) 1977ms
     ✓ lo que se monta es el primitivo del panel, anclado a un lado  583ms
     ✓ el alta cierra el panel, avisa por toast y reejecuta la lista con la MISMA URL  337ms
 ✓ |ui| tests/unit/inventario/product-batches-sheet.test.tsx (4 tests) 2142ms
     ✓ pide los lotes de ese producto y pinta lote, cantidad con unidad y fecha  953ms
     ✓ pinta el mensaje con role="alert" y no el panel de lotes  411ms
     ✓ sin canAdjust el panel se ve pero el control de ajuste NO existe  391ms
     ✓ con canAdjust el control de ajuste SI existe  380ms
 ✓ |ui| tests/unit/configuracion-ui/end-user-sessions-dialog.test.tsx (12 tests) 1830ms
     ✓ R9 — el titulo y la descripcion nombran a la persona y advierten con los textos de user-labels  492ms
 ✓ |ui| tests/unit/asignaciones-ui/order-execution-screen.test.tsx (13 tests) 1638ms
     ✓ muestra la cantidad del pedido y la cantidad de la linea CARACTER A CARACTER  532ms
 ✓ |ui| tests/unit/configuracion-ui/user-create-action.test.tsx (5 tests) 1684ms
     ✓ abre el panel SIN sujeto: no precarga ninguna ficha ni navega (R22)  845ms
     ✓ cerrar desmonta el panel, de modo que la siguiente apertura arranca limpia  717ms
 ✓ |ui| tests/unit/shared/data-table-contrato.test.tsx (8 tests) 1865ms
     ✓ renderiza con columnas declaradas como funciones y un manejador de cliente  570ms
     ✓ fijar una columna SI cambia lo pintado sin que cambien los params, y NO emite onParamsChange  654ms
 ✓ |ui| tests/unit/configuracion-ui/grupos/usuarios-page.test.tsx (14 tests) 1909ms
     ✓ monta la seccion de personas, su tabla y el conmutador, y nada de grupos  467ms
     ✓ un `tab` desconocido tampoco rompe nada: se sirve personas (R2, R6)  430ms
stderr | tests/unit/recetas-ui/recipe-step-editor.test.tsx > RecipeStepEditor > R3 — pegar contenido ajeno > R3: pegar HTML con h1, enlace e imagen conserva el texto y no deja ningun nodo ni marca fuera de las cuatro
An update to Harness inside a test was not wrapped in act(...).

When testing, code that causes React state updates should be wrapped into act(...):

act(() => {
  /* fire events that update state */
});
/* assert on the output */

This ensures that you're testing the behavior the user would see in the browser. Learn more at https://react.dev/link/wrap-tests-with-act

 ✓ |ui| tests/unit/dashboard-page.test.tsx (6 tests) 1490ms
     ✓ la pantalla del dashboard se renderiza dentro del armazon privado  499ms
     ✓ no anade landmarks: el main sigue siendo unico y no aparece ninguna region nueva  317ms
     ✓ renderiza titulo y area de contenido en viewport angosto y en ancho  335ms
stderr | tests/unit/recetas-ui/recipe-step-editor.test.tsx > RecipeStepEditor > R8 — ningun tope de caracteres > R8: un texto muy largo se acepta entero, sin recortarlo
An update to Harness inside a test was not wrapped in act(...).

When testing, code that causes React state updates should be wrapped into act(...):

act(() => {
  /* fire events that update state */
});
/* assert on the output */

This ensures that you're testing the behavior the user would see in the browser. Learn more at https://react.dev/link/wrap-tests-with-act

 ✓ |ui| tests/unit/identity-ui/set-credential-form.test.tsx (17 tests) 1588ms
     ✓ tampoco los muestra despues de establecerla: el exito no dice de quien es la cuenta  460ms
 ✓ |ui| tests/unit/recetas-ui/recipe-step-editor.test.tsx (14 tests) 1747ms
       ✓ R2: la interfaz del editor no ofrece ningun control de encabezado, enlace, imagen, tabla, cita, lista numerada ni bloque de codigo  465ms
       ✓ R27: los tres botones de la barra son alcanzables por tabulador y se activan sin raton, y aria-pressed refleja el estado  363ms
 ✓ |ui| tests/unit/inventario/product-batch-date-field.test.tsx (2 tests) 2331ms
     ✓ el campo de fecha de compra abre con la fecha de hoy seleccionada (R2)  1461ms
     ✓ el campo de fecha de compra no permite elegir un día futuro (R5)  862ms
 ✓ |ui| tests/unit/configuracion-ui/grupos/delete-work-group-dialog.test.tsx (7 tests) 1592ms
     ✓ abrir el dialogo NO invoca nada  563ms
 ✓ |ui| tests/unit/configuracion-ui/delete-presentation-dialog.test.tsx (10 tests) 1435ms
     ✓ el mensaje de confirmacion contiene el nombre que el usuario ve en la lista  451ms
 ✓ |ui| tests/unit/pedidos-ui/delete-order-dialog.test.tsx (8 tests) 1539ms
     ✓ el texto de confirmacion contiene el correlativo derivado del contrato  393ms
     ✓ llama a `deleteOrderAction` con el `id` y luego cierra, avisa y refresca  359ms
 ✓ |ui| tests/unit/configuracion-ui/delete-user-dialog.test.tsx (8 tests) 1365ms
     ✓ el mensaje nombra al usuario  410ms
 ✓ |ui| tests/ui/login-form-uncontrolled-warning.test.tsx (4 tests) 1411ms
     ✓ no avisa por cambiar el defaultValue en intentos rechazados sucesivos  931ms
 ✓ |ui| tests/unit/shared/presentation-select-helper.test.tsx (4 tests) 1544ms
     ✓ sin `helper` no pinta ningun disparador de ayuda  498ms
     ✓ al activar el disparador sale el contenido de la ayuda  910ms
 ✓ |ui| tests/unit/credential-requirements.test.tsx (13 tests) 1106ms
     ✓ con la candidata vacia la lista es visible sin interaccion y muestra cinco incumplidas con max_length cumplida  390ms
 ✓ |ui| tests/unit/navegacion/private-layout-menu.test.tsx (10 tests) 1197ms
     ✓ con solo `inventario.consultar`, ningun otro item aparece en el arbol  434ms
 ✓ |ui| tests/unit/configuracion-ui/usuarios-page.test.tsx (16 tests) 1442ms
     ✓ no monta ningun landmark principal, ni barra lateral, ni cabecera de aplicacion  396ms
     ✓ con `usuarios.consultar` la pantalla se sirve y pinta su cabecera  397ms
 ✓ |ui| tests/unit/pedidos-ui/read-only.test.tsx (29 tests) 1417ms
     ✓ desde la fila viva: se abre el panel y no hay por donde escribir, ni se invoca ninguna accion  978ms
 ✓ |ui| tests/unit/recetas-ui/recipe-lines-unavailable.test.tsx (6 tests) 1390ms
     ✓ (a) sin líneas de baja, el aviso no existe y ninguna celda lleva marcador  340ms
     ✓ (c) al quitar una de las dos líneas de baja, data-count pasa a 1  435ms
     ✓ (d) al quitar la última línea de baja, el aviso desaparece del DOM  305ms
 ✓ |ui| tests/unit/inventario/batch-history.test.tsx (5 tests) 1054ms
     ✓ R23 — con asientos, muestra motivo, autor y fecha en el orden en que llegan, alta incluida  567ms
 ✓ |ui| tests/unit/pedidos-ui/order-row-actions.test.tsx (12 tests) 1072ms
     ✓ editar, cancelar y borrar existen en el DOM sin ninguna interaccion previa  377ms
 ✓ |ui| tests/unit/sidebar-ajuste.test.tsx (13 tests) 989ms
     ✓ cada item de nivel superior dibuja el icono que trae el array, y ninguno se queda sin el  313ms
     ✓ la pastilla del borde apunta al panel y alterna su estado  366ms
 ✓ |ui| tests/unit/shared-ui/responsible-avatars.test.tsx (17 tests) 1284ms
     ✓ el nombre ACCESIBLE de cada circulo es el nombre COMPLETO  325ms
     ✓ al pulsarlo abre el panel: el dato no depende de `:hover` (R35, H5)  513ms
 ✓ |ui| tests/unit/configuracion-ui/grupos/work-group-create-action.test.tsx (5 tests) 1060ms
     ✓ abre el panel SIN sujeto y sin navegar a ninguna otra URL (R20)  574ms
     ✓ cerrar desmonta el panel, de modo que la siguiente apertura arranca limpia  370ms
 ✓ |ui| tests/unit/configuracion-ui/user-row-actions.test.tsx (11 tests) 856ms
stderr | tests/unit/configuracion-ui/unit-page.test.tsx > los tres estados son mutuamente excluyentes y se distinguen por data-testid (R49) > cargando: mientras la lista esta en vuelo se pinta el esqueleto, no la tabla (R25)
<UnitListSection> is an async Client Component. Only Server Components can be async at the moment. This error is often caused by accidentally adding `'use client'` to a module that was originally written for the server.

stderr | tests/unit/configuracion-ui/unit-page.test.tsx > los tres estados son mutuamente excluyentes y se distinguen por data-testid (R49) > cargando: mientras la lista esta en vuelo se pinta el esqueleto, no la tabla (R25)
A component suspended inside an `act` scope, but the `act` call was not awaited. When testing React components that depend on asynchronous data, you must await the result:

await act(() => ...)
A suspended resource finished loading inside a test, but the event was not wrapped in act(...).

When testing, code that resolves suspended data should be wrapped into act(...):

act(() => {
  /* finish loading suspended data */
});
/* assert on the output */

This ensures that you're testing the behavior the user would see in the browser. Learn more at https://react.dev/link/wrap-tests-with-act

 ✓ |ui| tests/unit/configuracion-ui/grupos/work-group-list-section.test.tsx (17 tests) 924ms
     ✓ lista: con grupos se pinta la tabla compartida y ninguno de los otros dos  319ms
 ✓ |ui| tests/unit/configuracion-ui/unit-page.test.tsx (20 tests) 952ms
 ✓ |ui| tests/unit/pedidos-ui/remove-work-group.test.tsx (5 tests) 812ms
     ✓ se invoca la operacion de quitar grupo EXACTAMENTE una vez  458ms
 ✓ |ui| tests/unit/logout-button.test.tsx (4 tests) 717ms
     ✓ el control vive dentro de un form real cuya accion es logoutAction  482ms
 ✓ |ui| tests/unit/inventario/product-field.test.tsx (3 tests) 884ms
     ✓ R9, R10 — el alta pide la existencia del lote y la edicion no la muestra  743ms
stderr | tests/unit/configuracion-ui/presentation-page.test.tsx > los tres estados son mutuamente excluyentes y se distinguen por data-testid (R35) > cargando: mientras la lista esta en vuelo se pinta el esqueleto, no la tabla (R16)
<PresentationListSection> is an async Client Component. Only Server Components can be async at the moment. This error is often caused by accidentally adding `'use client'` to a module that was originally written for the server.

stderr | tests/unit/configuracion-ui/presentation-page.test.tsx > los tres estados son mutuamente excluyentes y se distinguen por data-testid (R35) > cargando: mientras la lista esta en vuelo se pinta el esqueleto, no la tabla (R16)
A component suspended inside an `act` scope, but the `act` call was not awaited. When testing React components that depend on asynchronous data, you must await the result:

await act(() => ...)
A suspended resource finished loading inside a test, but the event was not wrapped in act(...).

When testing, code that resolves suspended data should be wrapped into act(...):

act(() => {
  /* finish loading suspended data */
});
/* assert on the output */

This ensures that you're testing the behavior the user would see in the browser. Learn more at https://react.dev/link/wrap-tests-with-act

 ✓ |ui| tests/unit/configuracion-ui/presentation-page.test.tsx (16 tests) 823ms
 ✓ |ui| tests/unit/unidades/consumidores-catalogo.test.tsx (6 tests | 1 skipped) 707ms
     ✓ se monta con el catalogo ampliado y presenta su disparador  387ms
 ✓ |ui| tests/unit/theme/theme-provider.test.tsx (7 tests) 696ms
     ✓ deja de seguir al sistema operativo cuando la preferencia es explicita  301ms
stderr | tests/unit/pedidos-ui/a11y-tactil.test.tsx > ninguna informacion accesible SOLO por `:hover` (R35, H5) > el `+N` es alcanzable por teclado y ABRE el panel al activarse
An update to TooltipTrigger inside a test was not wrapped in act(...).

When testing, code that causes React state updates should be wrapped into act(...):

act(() => {
  /* fire events that update state */
});
/* assert on the output */

This ensures that you're testing the behavior the user would see in the browser. Learn more at https://react.dev/link/wrap-tests-with-act
An update to TooltipRoot inside a test was not wrapped in act(...).

When testing, code that causes React state updates should be wrapped into act(...):

act(() => {
  /* fire events that update state */
});
/* assert on the output */

This ensures that you're testing the behavior the user would see in the browser. Learn more at https://react.dev/link/wrap-tests-with-act

 ✓ |ui| tests/unit/theme/private-header.test.tsx (4 tests) 761ms
     ✓ muestra el control de tema junto al de la barra lateral  497ms
 ✓ |ui| tests/unit/pedidos-ui/a11y-tactil.test.tsx (5 tests) 852ms
     ✓ el `+N` es alcanzable por teclado y ABRE el panel al activarse  484ms
 ✓ |ui| tests/unit/theme/theme-toggle.test.tsx (8 tests) 727ms
     ✓ alterna claro -> oscuro y oscuro -> claro con un solo gesto  490ms
 ✓ |ui| tests/unit/pedidos-ui/unassign.test.tsx (5 tests) 940ms
     ✓ una sola invocacion, con esa persona y ese pedido  533ms
 ✓ |ui| tests/unit/private-layout.test.tsx (8 tests) 980ms
     ✓ renderiza el contenido de la pantalla dentro del armazon privado  445ms
 ✓ |ui| tests/unit/shared/countdown-timer.test.tsx (13 tests) 541ms
 ✓ |ui| tests/unit/login-skin.test.tsx (26 tests) 659ms
     ✓ expone un unico landmark main, que es el ambito del login  398ms
 ✓ |ui| tests/unit/configuracion-ui/unit-columns.test.tsx (20 tests) 827ms
     ✓ los dos botones estan en el DOM desde el primer render y son botones de verdad  367ms
stderr | tests/unit/configuracion-ui/grupos/usuarios-tabs-switch.test.tsx > activar una pestana NAVEGA al destino derivado de la ruta (R3) > con el teclado navega igual: la flecha mueve el foco y activar empuja el destino
An update to TabsList inside a test was not wrapped in act(...).

When testing, code that causes React state updates should be wrapped into act(...):

act(() => {
  /* fire events that update state */
});
/* assert on the output */

This ensures that you're testing the behavior the user would see in the browser. Learn more at https://react.dev/link/wrap-tests-with-act

 ✓ |ui| tests/unit/configuracion-ui/grupos/usuarios-tabs-switch.test.tsx (9 tests) 1097ms
     ✓ es un `tablist` con exactamente dos `tab`, uno por constante  538ms
 ✓ |ui| tests/unit/pedidos-ui/order-responsibles.test.tsx (13 tests) 635ms
 ✓ |ui| tests/unit/asignaciones-ui/assigned-orders-states.test.tsx (7 tests) 655ms
     ✓ lo pintado coincide con lo declarado: tantas cabeceras como columnas  408ms
 ✓ |ui| tests/unit/pedidos-ui/order-list-skeleton.test.tsx (4 tests) 586ms
     ✓ lo pintado coincide con lo declarado: tantas cabeceras como columnas  540ms
 ✓ |ui| tests/unit/shared/data-table-states.test.tsx (11 tests) 507ms
     ✓ se identifica por role="alert" y su data-testid propio  347ms
 ✓ |ui| tests/unit/configuracion-ui/presentation-columns.test.tsx (13 tests) 609ms
     ✓ los dos botones estan en el DOM desde el primer render y son botones de verdad  323ms
 ✓ |ui| tests/unit/asignaciones-ui/assigned-orders-columns.test.tsx (9 tests) 522ms
 ✓ |ui| tests/unit/inventario/product-batches-panel.test.tsx (6 tests) 501ms
     ✓ pinta tres lotes con numero, cantidad con su unidad derivada (sin convertir) y fecha (R22)  377ms
 ✓ |ui| tests/unit/theme/sidebar-panel.test.tsx (4 tests) 462ms
     ✓ usa 272px de ancho expandido y 78px en modo icono  439ms
 ✓ |ui| tests/unit/configuracion-ui/grupos/work-group-list-error.test.tsx (6 tests) 565ms
     ✓ pulsarlo vuelve a pedir los datos con `router.refresh`, no navega a la misma URL  306ms
 ✓ |ui| tests/unit/asignaciones-ui/assigned-orders-delivered-notice.test.tsx (2 tests) 507ms
     ✓ con el parametro presente, el aviso queda visible y nombra el pedido  484ms
 ✓ |ui| tests/unit/asignaciones-ui/a11y-tactil.test.tsx (5 tests) 564ms
     ✓ es texto en el DOM, no un `title`, y su id coincide con `aria-describedby`  357ms
 ✓ |ui| tests/unit/identity/login-page-marca.test.tsx (3 tests) 290ms
 ✓ |ui| tests/unit/nav-user.test.tsx (4 tests) 204ms
 ✓ |ui| tests/unit/asignaciones-ui/assigned-order-enter-trigger.test.tsx (6 tests) 443ms
 ✓ |ui| tests/unit/shared-ui/unexpected-error-notice.test.tsx (6 tests) 182ms
stderr | tests/unit/configuracion-ui/grupos/work-group-list-skeleton.test.tsx > mientras la lista esta en vuelo, la pantalla pinta el esqueleto y NO la tabla (R19) > con `tab=grupos`, el `fallback` del <Suspense> es el esqueleto de GRUPOS
<WorkGroupListSection> is an async Client Component. Only Server Components can be async at the moment. This error is often caused by accidentally adding `'use client'` to a module that was originally written for the server.

stderr | tests/unit/configuracion-ui/grupos/work-group-list-skeleton.test.tsx > mientras la lista esta en vuelo, la pantalla pinta el esqueleto y NO la tabla (R19) > con `tab=grupos`, el `fallback` del <Suspense> es el esqueleto de GRUPOS
A component suspended inside an `act` scope, but the `act` call was not awaited. When testing React components that depend on asynchronous data, you must await the result:

await act(() => ...)

 ✓ |ui| tests/unit/configuracion-ui/grupos/work-group-list-skeleton.test.tsx (5 tests) 407ms
 ✓ |ui| tests/unit/asignaciones-ui/order-execution-page.test.tsx (4 tests) 176ms
 ✓ |ui| tests/unit/navegacion/private-not-found.test.tsx (4 tests) 113ms
 ✓ |ui| tests/unit/configuracion-ui/user-columns.test.tsx (21 tests) 202ms
 ✓ |ui| tests/unit/configuracion-ui/grupos/work-group-list-empty.test.tsx (7 tests) 247ms
 ✓ |ui| tests/unit/configuracion-ui/user-list-empty.test.tsx (7 tests) 169ms
 ✓ |ui| tests/unit/shared/use-pinned-columns.test.tsx (8 tests) 102ms
 ✓ |ui| tests/unit/theme/theme-init-script.test.tsx (5 tests) 37ms
 ✓ |ui| tests/unit/configuracion-ui/grupos/work-group-columns.test.tsx (16 tests) 123ms
 ✓ |ui| tests/ui/smoke.test.ts (2 tests) 6ms
 ✓ |ui| tests/unit/pedidos-ui/order-columns.test.tsx (23 tests) 69ms
 ✓ |ui| tests/unit/navegacion/pantallas-exigen-permiso.test.tsx (34 tests) 27ms
stdout | tests/integration/infra/ciclo-de-vida-de-la-base.int.test.ts
test-db: plantilla reutilizada: qct_tpl_b6f834eb0913 (las migraciones no han cambiado)

stdout | tests/integration/infra/ciclo-de-vida-de-la-base.int.test.ts > R9 — la corrida siguiente recoge lo que dejo una corrida muerta
test-db: borrada qct_qc77_57a740e9_mu8g1953_lflr: la dejo la corrida del pid 999999 (creada 2026-09-19T13:49:02.350Z), que ya no esta viva.

 ✓ |integration| tests/integration/infra/ciclo-de-vida-de-la-base.int.test.ts (5 tests) 6284ms
     ✓ `dropRunDatabase` borra la base de verdad, y `pg_database` lo confirma  563ms
     ✓ `destroyRunDatabase` se lleva tambien el rastro de `.qc-test-db/` (R7)  598ms
     ✓ `dropRunDatabaseSync` no devuelve una promesa y la base ya no existe al volver  639ms
 ✓ |integration| tests/integration/identity/login.int.test.ts (20 tests) 4590ms
     ✓ cinco fallos dejan la cuenta bloqueada en la base  419ms
     ✓ intentos fallidos en paralelo se cuentan todos  312ms
     ✓ cinco intentos fallidos en paralelo bloquean la cuenta  474ms
     ✓ fallos en paralelo sobre una cuenta bloqueada no la desbloquean  426ms
     ✓ intentos en paralelo durante el bloqueo no lo alargan  466ms
     ✓ el quinto fallo deja la fila en blocked, con plazo y sin autor  428ms
 ✓ |integration| tests/integration/unidades/unidades-constraints.int.test.ts (32 tests) 401ms
 ✓ |integration| tests/integration/identity/work-group-membership.int.test.ts (13 tests) 1626ms
     ✓ un grupo con 23 personas visibles y 5 ocultas: `total` es 23, la pagina es de 10 y recorrer las tres devuelve a cada una EXACTAMENTE una vez  521ms
     ✓ R51 — pedir 100 devuelve 25 (acotado, no un error), y pedir menos devuelve lo pedido  542ms
 ✓ |integration| tests/integration/identity/credential-setup.int.test.ts (15 tests) 1596ms
     ✓ R12, R20 — dos usos CONCURRENTES del mismo enlace: uno responde `ok`, el otro `invalid`, y el enlace queda consumido una sola vez  318ms
 ✓ |integration| tests/integration/identity/identity-seed.int.test.ts (14 tests) 1642ms
     ✓ la primera corrida sobre base vacia crea los dos roles y el administrador; la segunda no cambia nada  329ms
 ✓ |integration| tests/integration/inventario/product-batch-lot.int.test.ts (19 tests) 1796ms
     ✓ R14, R15: 3 rondas de 8 altas con Promise.all resuelven todas, sin excepcion, sin reintentos y con lotes consecutivos  393ms
 ✓ |integration| tests/integration/documentos/document-batch-claim-concurrency.int.test.ts (2 tests) 145ms
 ✓ |integration| tests/integration/asignaciones/company-scope.int.test.ts (6 tests) 161ms
 ✓ |integration| tests/integration/asignaciones/batch-states.int.test.ts (2 tests) 104ms
 ✓ |integration| tests/integration/asignaciones/active-members-only.int.test.ts (4 tests) 147ms
 ✓ |integration| tests/integration/identity/assignment-directory.int.test.ts (10 tests) 225ms
 ✓ |integration| tests/integration/recetas/recipe-crud.int.test.ts (9 tests) 288ms
 ✓ |integration| tests/integration/asignaciones/unassign.int.test.ts (3 tests) 136ms
 ✓ |integration| tests/integration/inventario/inventory-movements-constraints.int.test.ts (8 tests) 131ms
 ✓ |integration| tests/integration/asignaciones/batch-company-scope.int.test.ts (5 tests) 129ms
 ✓ |integration| tests/integration/inventario/list-query-products.int.test.ts (15 tests) 230ms
 ✓ |integration| tests/integration/inventario/presentation-unit.int.test.ts (6 tests) 150ms
 ✓ |integration| tests/integration/pedidos/order-duplicate-number.int.test.ts (1 test) 192ms
 ✓ |integration| tests/integration/asignaciones/order-assignments-constraints.int.test.ts (30 tests) 608ms
 ✓ |integration| tests/integration/unidades/unit-repository.int.test.ts (5 tests) 211ms
 ✓ |integration| tests/integration/identity/user-crud.int.test.ts (36 tests) 533ms
 ✓ |integration| tests/integration/inventario/inventario-constraints.int.test.ts (19 tests) 232ms
 ✓ |integration| tests/integration/asignaciones/order-assignment-prisma.int.test.ts (8 tests) 125ms
 ✓ |integration| tests/integration/inventario/presentation-uniqueness.int.test.ts (5 tests) 136ms
 ✓ |integration| tests/integration/inventario/product-crud.int.test.ts (4 tests) 159ms
 ✓ |integration| tests/integration/identity/session-user.int.test.ts (10 tests) 175ms
 ✓ |integration| tests/integration/identity/work-group-crud.int.test.ts (18 tests) 382ms
 ✓ |integration| tests/integration/asignaciones/reapply-work-group.int.test.ts (4 tests) 136ms
 ✓ |integration| tests/integration/asignaciones/frozen-name.int.test.ts (3 tests) 115ms
 ✓ |integration| tests/integration/proveedores/catalog-line.int.test.ts (14 tests) 467ms
 ✓ |integration| tests/integration/identity/identity-constraints.int.test.ts (47 tests) 490ms
 ✓ |integration| tests/integration/proveedores/company-scope-queries.int.test.ts (28 tests) 356ms
 ✓ |integration| tests/integration/asignaciones/assigned-orders.int.test.ts (6 tests) 136ms
 ✓ |integration| tests/integration/unidades/list-query-units.int.test.ts (11 tests) 137ms
 ✓ |integration| tests/integration/asignaciones/remove-work-group.int.test.ts (3 tests) 125ms
 ✓ |integration| tests/integration/inventario/company-scope-queries.int.test.ts (34 tests) 342ms
 ✓ |integration| tests/integration/identity/work-groups-constraints.int.test.ts (24 tests) 316ms
 ✓ |integration| tests/integration/pedidos/company-scope.int.test.ts (12 tests) 308ms
 ✓ |integration| tests/integration/recetas/company-scope-queries.int.test.ts (27 tests) 325ms
 ✓ |integration| tests/integration/proveedores/supplier-crud.int.test.ts (11 tests) 327ms
 ✓ |integration| tests/integration/identity/session-revocation.int.test.ts (12 tests) 329ms
 ✓ |integration| tests/integration/pedidos/company-scope-queries.int.test.ts (26 tests) 297ms
 ✓ |integration| tests/integration/recetas/recetas-constraints.int.test.ts (25 tests) 339ms
 ✓ |integration| tests/integration/inventario/product-batch-write.int.test.ts (11 tests) 285ms
 ✓ |integration| tests/integration/proveedores/company-scope.int.test.ts (29 tests) 385ms
 ✓ |integration| tests/integration/pedidos/order-sequence-race.int.test.ts (2 tests) 363ms
 ✓ |integration| tests/integration/proveedores/proveedores-constraints.int.test.ts (30 tests) 339ms
 ✓ |integration| tests/integration/identity/last-administrator.int.test.ts (16 tests) 295ms
 ✓ |integration| tests/integration/pedidos/list-query-orders.int.test.ts (22 tests) 327ms
 ✓ |integration| tests/integration/recetas/recipe-lines.int.test.ts (5 tests) 122ms
 ✓ |integration| tests/integration/identity/work-group-assignments.int.test.ts (5 tests) 238ms
 ✓ |integration| tests/integration/documentos/document-batches-and-files-constraints.int.test.ts (4 tests) 78ms
 ✓ |integration| tests/integration/pedidos/pedidos-constraints.int.test.ts (23 tests) 305ms
 ✓ |integration| tests/integration/identity/session-stamp-writes.int.test.ts (17 tests) 272ms
 ✓ |integration| tests/integration/pedidos/order-repository.int.test.ts (7 tests) 302ms
 ✓ |integration| tests/integration/unidades/unit-write.int.test.ts (16 tests) 224ms
 ✓ |integration| tests/integration/recetas/company-scope.int.test.ts (15 tests) 219ms
 ✓ |integration| tests/integration/asignaciones/atomicity.int.test.ts (2 tests) 97ms
 ✓ |integration| tests/integration/inventario/ledger-cuadre.int.test.ts (5 tests) 211ms
 ✓ |integration| tests/integration/pedidos/order-crud.int.test.ts (16 tests) 212ms
 ✓ |integration| tests/integration/proveedores/list-query-catalog-lines.int.test.ts (17 tests) 211ms
 ✓ |integration| tests/integration/inventario/list-query-indexes.int.test.ts (19 tests) 152ms
 ✓ |integration| tests/integration/recetas/list-query-recipes.int.test.ts (10 tests) 171ms
 ✓ |integration| tests/integration/inventario/list-query-presentations.int.test.ts (7 tests) 175ms
 ✓ |integration| tests/integration/inventario/company-scope.int.test.ts (13 tests) 162ms
 ✓ |integration| tests/integration/pedidos/order-sequence.int.test.ts (5 tests) 180ms
 ✓ |integration| tests/integration/proveedores/list-query-suppliers.int.test.ts (9 tests) 182ms
 ✓ |integration| tests/integration/asignaciones/list-order-responsibles.int.test.ts (5 tests) 396ms
 ✓ |integration| tests/integration/identity/role-catalog.int.test.ts (6 tests) 98ms

 Test Files  574 passed (574)
      Tests  8273 passed | 109 skipped (8382)
   Start at  08:45:09
   Duration  296.66s (transform 67.73s, setup 109.62s, import 944.21s, tests 700.31s, environment 459.07s)

JSON report written to C:/Users/Cristian/Documents/trabajo/arc/labs/.worktrees/QC-111-procesamiento-de-pdf-en-cola/.vitest-rojos.json
test-db: borrada la base de la corrida: qct_qc111_71152143_mu8fwafz_do.
aviso: 8 archivo(s) del baseline ya pasan; toca limpiarlos:
  tests/integration/inventario/product-crud.int.test.ts
  tests/unit/configuracion-ui/configuracion-convenciones.test.ts
  tests/unit/configuracion-ui/unidades-convenciones.test.ts
  tests/unit/navegacion/qc75-convenciones.test.ts
  tests/unit/recetas-ui/recipe-route-contract.test.ts
  tests/unit/recetas/module-contract.test.ts
  tests/unit/unidades/modulo-intacto.test.ts
  tests/unit/unidades/unidades-convenciones.test.ts
[0;32m✓ los tres proyectos corrieron (ui, node, integration)[0m
[0;32m✓ tests: sin rojos nuevos (0 rojos, todos en el baseline de 8); 8 por limpiar[0m
[0;32m✓ todas las migraciones tienen down.sql[0m
[0;32m✓ .env presente[0m
[0;32m== init OK ==[0m
Siguiente: abre AGENTS.md y sigue el flujo desde ahi.
